date,route_code,tod_bucket,mean_speed,trip_count,daily_rank,participating_routes,rrs_daily_points,route_label
2025-09-26,XJG4+7J|5PX4+HQ,weekday_morning,40.02,3,1,11,5.5,Airport Expy
2025-09-26,VJRQ+2M|RMJJ+F4,weekday_morning,25.95,4,2,11,4.4,Hosur Road
2025-09-26,WH5F+26|WJ8X+F5W,weekday_morning,23.87,4,3,11,3.3,Double Decker Flyover
2025-09-26,XMW9+G8|WMJR+V4,weekday_morning,21.31,4,4,11,2.2,East Outer Ring
2025-09-26,XPC7+72|XM33+J3,weekday_morning,18.97,4,5,11,1.1,Old Airport Road
2025-09-26,XHJ7+MG|WJM6+VC,weekday_morning,18.45,4,6,11,0.0,Central Diagonal 1
2025-09-26,XJPW+92|WJP4+FF,weekday_morning,18.04,4,7,11,-1.1,East Inner Ring
2025-09-26,2HM2+P8|XJV5+RG,weekday_morning,18.03,4,8,11,-2.2,North Inner Ring
2025-09-26,XG48+2W|VHWC+C3,weekday_morning,17.14,4,9,11,-3.3,South Outer Ring
2025-09-26,2HVW+G8|XJXR+WG,weekday_morning,16.46,4,10,11,-4.4,North Outer Ring
2025-09-26,WHR9+R6|XJGF+6J,weekday_morning,16.07,4,11,11,-5.5,Central Diagonal 2
2025-09-29,XJG4+7J|5PX4+HQ,weekday_morning,42.72,4,1,11,5.5,Airport Expy
2025-09-29,VJRQ+2M|RMJJ+F4,weekday_morning,27.81,4,2,11,4.4,Hosur Road
2025-09-29,WH5F+26|WJ8X+F5W,weekday_morning,23.59,4,3,11,3.3,Double Decker Flyover
2025-09-29,XMW9+G8|WMJR+V4,weekday_morning,20.2,4,4,11,2.2,East Outer Ring
2025-09-29,XPC7+72|XM33+J3,weekday_morning,19.16,4,5,11,1.1,Old Airport Road
2025-09-29,2HM2+P8|XJV5+RG,weekday_morning,18.72,4,6,11,0.0,North Inner Ring
2025-09-29,XJPW+92|WJP4+FF,weekday_morning,18.16,4,7,11,-1.1,East Inner Ring
2025-09-29,XHJ7+MG|WJM6+VC,weekday_morning,18.0,4,8,11,-2.2,Central Diagonal 1
2025-09-29,2HVW+G8|XJXR+WG,weekday_morning,17.28,4,9,11,-3.3,North Outer Ring
2025-09-29,XG48+2W|VHWC+C3,weekday_morning,17.02,4,10,11,-4.4,South Outer Ring
2025-09-29,WHR9+R6|XJGF+6J,weekday_morning,16.37,4,11,11,-5.5,Central Diagonal 2
2025-09-30,XJG4+7J|5PX4+HQ,weekday_morning,42.46,4,1,11,5.5,Airport Expy
2025-09-30,VJRQ+2M|RMJJ+F4,weekday_morning,25.55,4,2,11,4.4,Hosur Road
2025-09-30,XMW9+G8|WMJR+V4,weekday_morning,25.06,4,3,11,3.3,East Outer Ring
2025-09-30,WH5F+26|WJ8X+F5W,weekday_morning,22.69,4,4,11,2.2,Double Decker Flyover
2025-09-30,2HM2+P8|XJV5+RG,weekday_morning,19.45,4,5,11,1.1,North Inner Ring
2025-09-30,XJPW+92|WJP4+FF,weekday_morning,18.7,4,6,11,0.0,East Inner Ring
2025-09-30,XHJ7+MG|WJM6+VC,weekday_morning,18.17,4,7,11,-1.1,Central Diagonal 1
2025-09-30,XPC7+72|XM33+J3,weekday_morning,17.78,4,8,11,-2.2,Old Airport Road
2025-09-30,XG48+2W|VHWC+C3,weekday_morning,16.96,4,9,11,-3.3,South Outer Ring
2025-09-30,2HVW+G8|XJXR+WG,weekday_morning,16.92,4,10,11,-4.4,North Outer Ring
2025-09-30,WHR9+R6|XJGF+6J,weekday_morning,15.61,4,11,11,-5.5,Central Diagonal 2
2025-10-01,XJG4+7J|5PX4+HQ,weekday_morning,46.29,4,1,12,6.0,Airport Expy
2025-10-01,XMW9+G8|WMJR+V4,weekday_morning,32.48,4,2,12,4.91,East Outer Ring
2025-10-01,VJRQ+2M|RMJJ+F4,weekday_morning,31.39,4,3,12,3.82,Hosur Road
2025-10-01,WH5F+26|WJ8X+F5W,weekday_morning,28.48,4,4,12,2.73,Double Decker Flyover
2025-10-01,XPC7+72|XM33+J3,weekday_morning,26.64,4,5,12,1.64,Old Airport Road
2025-10-01,WGG8+G5|XH7P+G6,weekday_morning,26.33,4,6,12,0.55,Mysore Road
2025-10-01,2HVW+G8|XJXR+WG,weekday_morning,25.6,4,7,12,-0.55,North Outer Ring
2025-10-01,XHJ7+MG|WJM6+VC,weekday_morning,24.0,4,8,12,-1.64,Central Diagonal 1
2025-10-01,2HM2+P8|XJV5+RG,weekday_morning,23.3,4,9,12,-2.73,North Inner Ring
2025-10-01,XJPW+92|WJP4+FF,weekday_morning,23.26,4,10,12,-3.82,East Inner Ring
2025-10-01,XG48+2W|VHWC+C3,weekday_morning,20.1,4,11,12,-4.91,South Outer Ring
2025-10-01,WHR9+R6|XJGF+6J,weekday_morning,20.04,4,12,12,-6.0,Central Diagonal 2
2025-10-02,XJG4+7J|5PX4+HQ,weekday_morning,47.87,4,1,12,6.0,Airport Expy
2025-10-02,XMW9+G8|WMJR+V4,weekday_morning,41.21,4,2,12,4.91,East Outer Ring
2025-10-02,VJRQ+2M|RMJJ+F4,weekday_morning,34.48,4,3,12,3.82,Hosur Road
2025-10-02,WH5F+26|WJ8X+F5W,weekday_morning,31.03,4,4,12,2.73,Double Decker Flyover
2025-10-02,XPC7+72|XM33+J3,weekday_morning,30.6,4,5,12,1.64,Old Airport Road
2025-10-02,WGG8+G5|XH7P+G6,weekday_morning,28.56,4,6,12,0.55,Mysore Road
2025-10-02,2HVW+G8|XJXR+WG,weekday_morning,27.32,4,7,12,-0.55,North Outer Ring
2025-10-02,XHJ7+MG|WJM6+VC,weekday_morning,26.13,4,8,12,-1.64,Central Diagonal 1
2025-10-02,XJPW+92|WJP4+FF,weekday_morning,25.96,4,9,12,-2.73,East Inner Ring
2025-10-02,2HM2+P8|XJV5+RG,weekday_morning,24.81,4,10,12,-3.82,North Inner Ring
2025-10-02,WHR9+R6|XJGF+6J,weekday_morning,21.9,4,11,12,-4.91,Central Diagonal 2
2025-10-02,XG48+2W|VHWC+C3,weekday_morning,20.78,4,12,12,-6.0,South Outer Ring
2025-10-03,XJG4+7J|5PX4+HQ,weekday_morning,44.99,4,1,12,6.0,Airport Expy
2025-10-03,VJRQ+2M|RMJJ+F4,weekday_morning,32.12,4,2,12,4.91,Hosur Road
2025-10-03,XMW9+G8|WMJR+V4,weekday_morning,30.7,4,3,12,3.82,East Outer Ring
2025-10-03,WH5F+26|WJ8X+F5W,weekday_morning,27.01,4,4,12,2.73,Double Decker Flyover
2025-10-03,XPC7+72|XM33+J3,weekday_morning,24.82,4,5,12,1.64,Old Airport Road
2025-10-03,WGG8+G5|XH7P+G6,weekday_morning,21.76,4,6,12,0.55,Mysore Road
2025-10-03,2HVW+G8|XJXR+WG,weekday_morning,21.53,4,7,12,-0.55,North Outer Ring
2025-10-03,2HM2+P8|XJV5+RG,weekday_morning,20.68,4,8,12,-1.64,North Inner Ring
2025-10-03,XHJ7+MG|WJM6+VC,weekday_morning,20.49,4,9,12,-2.73,Central Diagonal 1
2025-10-03,XJPW+92|WJP4+FF,weekday_morning,20.04,4,10,12,-3.82,East Inner Ring
2025-10-03,WHR9+R6|XJGF+6J,weekday_morning,19.07,4,11,12,-4.91,Central Diagonal 2
2025-10-03,XG48+2W|VHWC+C3,weekday_morning,18.5,4,12,12,-6.0,South Outer Ring
2025-10-06,XJG4+7J|5PX4+HQ,weekday_morning,40.86,4,1,12,6.0,Airport Expy
2025-10-06,VJRQ+2M|RMJJ+F4,weekday_morning,24.87,4,2,12,4.91,Hosur Road
2025-10-06,WH5F+26|WJ8X+F5W,weekday_morning,21.13,4,3,12,3.82,Double Decker Flyover
2025-10-06,2HM2+P8|XJV5+RG,weekday_morning,20.03,4,4,12,2.73,North Inner Ring
2025-10-06,XG48+2W|VHWC+C3,weekday_morning,17.13,4,5,12,1.64,South Outer Ring
2025-10-06,WGG8+G5|XH7P+G6,weekday_morning,17.08,4,6,12,0.55,Mysore Road
2025-10-06,XHJ7+MG|WJM6+VC,weekday_morning,16.83,4,7,12,-0.55,Central Diagonal 1
2025-10-06,XJPW+92|WJP4+FF,weekday_morning,16.46,4,8,12,-1.64,East Inner Ring
2025-10-06,WHR9+R6|XJGF+6J,weekday_morning,15.85,4,9,12,-2.73,Central Diagonal 2
2025-10-06,XPC7+72|XM33+J3,weekday_morning,15.44,4,10,12,-3.82,Old Airport Road
2025-10-06,XMW9+G8|WMJR+V4,weekday_morning,14.07,4,11,12,-4.91,East Outer Ring
2025-10-06,2HVW+G8|XJXR+WG,weekday_morning,13.31,4,12,12,-6.0,North Outer Ring
2025-10-07,XJG4+7J|5PX4+HQ,weekday_morning,40.35,4,1,13,6.5,Airport Expy
2025-10-07,VJRQ+2M|RMJJ+F4,weekday_morning,25.56,4,2,13,5.42,Hosur Road
2025-10-07,WH5F+26|WJ8X+F5W,weekday_morning,21.79,4,3,13,4.33,Double Decker Flyover
2025-10-07,2HM2+P8|XJV5+RG,weekday_morning,19.18,4,4,13,3.25,North Inner Ring
2025-10-07,WGG8+G5|XH7P+G6,weekday_morning,18.99,4,5,13,2.17,Mysore Road
2025-10-07,XHJ7+MG|WJM6+VC,weekday_morning,18.27,4,6,13,1.08,Central Diagonal 1
2025-10-07,XG48+2W|VHWC+C3,weekday_morning,17.61,4,7,13,0.0,South Outer Ring
2025-10-07,WP44+W8|WJFH+XQ,weekday_morning,16.65,4,8,13,-1.08,Sarjapur Road
2025-10-07,XJPW+92|WJP4+FF,weekday_morning,16.43,4,9,13,-2.17,East Inner Ring
2025-10-07,WHR9+R6|XJGF+6J,weekday_morning,16.02,4,10,13,-3.25,Central Diagonal 2
2025-10-07,2HVW+G8|XJXR+WG,weekday_morning,14.22,4,11,13,-4.33,North Outer Ring
2025-10-07,XPC7+72|XM33+J3,weekday_morning,13.25,4,12,13,-5.42,Old Airport Road
2025-10-07,XMW9+G8|WMJR+V4,weekday_morning,12.49,4,13,13,-6.5,East Outer Ring
2025-10-08,XJG4+7J|5PX4+HQ,weekday_morning,34.54,4,1,13,6.5,Airport Expy
2025-10-08,VJRQ+2M|RMJJ+F4,weekday_morning,24.08,4,2,13,5.42,Hosur Road
2025-10-08,WH5F+26|WJ8X+F5W,weekday_morning,18.75,4,3,13,4.33,Double Decker Flyover
2025-10-08,2HM2+P8|XJV5+RG,weekday_morning,16.71,4,4,13,3.25,North Inner Ring
2025-10-08,XG48+2W|VHWC+C3,weekday_morning,16.65,4,5,13,2.17,South Outer Ring
2025-10-08,XJPW+92|WJP4+FF,weekday_morning,16.51,4,6,13,1.08,East Inner Ring
2025-10-08,XHJ7+MG|WJM6+VC,weekday_morning,16.21,4,7,13,0.0,Central Diagonal 1
2025-10-08,WP44+W8|WJFH+XQ,weekday_morning,16.12,4,8,13,-1.08,Sarjapur Road
2025-10-08,WGG8+G5|XH7P+G6,weekday_morning,15.48,4,9,13,-2.17,Mysore Road
2025-10-08,WHR9+R6|XJGF+6J,weekday_morning,14.46,4,10,13,-3.25,Central Diagonal 2
2025-10-08,XPC7+72|XM33+J3,weekday_morning,14.4,4,11,13,-4.33,Old Airport Road
2025-10-08,2HVW+G8|XJXR+WG,weekday_morning,12.93,4,12,13,-5.42,North Outer Ring
2025-10-08,XMW9+G8|WMJR+V4,weekday_morning,12.63,4,13,13,-6.5,East Outer Ring
2025-10-09,XJG4+7J|5PX4+HQ,weekday_morning,35.51,4,1,13,6.5,Airport Expy
2025-10-09,VJRQ+2M|RMJJ+F4,weekday_morning,24.61,4,2,13,5.42,Hosur Road
2025-10-09,2HM2+P8|XJV5+RG,weekday_morning,18.21,4,3,13,4.33,North Inner Ring
2025-10-09,WH5F+26|WJ8X+F5W,weekday_morning,18.2,4,4,13,3.25,Double Decker Flyover
2025-10-09,XG48+2W|VHWC+C3,weekday_morning,16.27,4,5,13,2.17,South Outer Ring
2025-10-09,XPC7+72|XM33+J3,weekday_morning,16.0,4,6,13,1.08,Old Airport Road
2025-10-09,XJPW+92|WJP4+FF,weekday_morning,15.68,4,7,13,0.0,East Inner Ring
2025-10-09,XHJ7+MG|WJM6+VC,weekday_morning,15.51,4,8,13,-1.08,Central Diagonal 1
2025-10-09,WP44+W8|WJFH+XQ,weekday_morning,15.36,4,9,13,-2.17,Sarjapur Road
2025-10-09,2HVW+G8|XJXR+WG,weekday_morning,15.35,4,10,13,-3.25,North Outer Ring
2025-10-09,XMW9+G8|WMJR+V4,weekday_morning,15.35,4,11,13,-4.33,East Outer Ring
2025-10-09,WGG8+G5|XH7P+G6,weekday_morning,15.21,4,12,13,-5.42,Mysore Road
2025-10-09,WHR9+R6|XJGF+6J,weekday_morning,14.07,4,13,13,-6.5,Central Diagonal 2
2025-10-10,XJG4+7J|5PX4+HQ,weekday_morning,36.52,4,1,13,6.5,Airport Expy
2025-10-10,VJRQ+2M|RMJJ+F4,weekday_morning,26.31,4,2,13,5.42,Hosur Road
2025-10-10,WH5F+26|WJ8X+F5W,weekday_morning,21.03,4,3,13,4.33,Double Decker Flyover
2025-10-10,XPC7+72|XM33+J3,weekday_morning,19.2,4,4,13,3.25,Old Airport Road
2025-10-10,2HM2+P8|XJV5+RG,weekday_morning,18.79,4,5,13,2.17,North Inner Ring
2025-10-10,WP44+W8|WJFH+XQ,weekday_morning,18.37,4,6,13,1.08,Sarjapur Road
2025-10-10,XMW9+G8|WMJR+V4,weekday_morning,17.88,4,7,13,0.0,East Outer Ring
2025-10-10,XHJ7+MG|WJM6+VC,weekday_morning,17.29,4,8,13,-1.08,Central Diagonal 1
2025-10-10,XJPW+92|WJP4+FF,weekday_morning,17.23,4,9,13,-2.17,East Inner Ring
2025-10-10,XG48+2W|VHWC+C3,weekday_morning,17.14,4,10,13,-3.25,South Outer Ring
2025-10-10,2HVW+G8|XJXR+WG,weekday_morning,16.54,4,11,13,-4.33,North Outer Ring
2025-10-10,WGG8+G5|XH7P+G6,weekday_morning,16.15,4,12,13,-5.42,Mysore Road
2025-10-10,WHR9+R6|XJGF+6J,weekday_morning,15.37,4,13,13,-6.5,Central Diagonal 2
2025-10-13,XJG4+7J|5PX4+HQ,weekday_morning,40.74,4,1,13,6.5,Airport Expy
2025-10-13,VJRQ+2M|RMJJ+F4,weekday_morning,23.05,4,2,13,5.42,Hosur Road
2025-10-13,WH5F+26|WJ8X+F5W,weekday_morning,18.92,4,3,13,4.33,Double Decker Flyover
2025-10-13,2HM2+P8|XJV5+RG,weekday_morning,17.52,4,4,13,3.25,North Inner Ring
2025-10-13,WP44+W8|WJFH+XQ,weekday_morning,17.22,4,5,13,2.17,Sarjapur Road
2025-10-13,XG48+2W|VHWC+C3,weekday_morning,16.53,4,6,13,1.08,South Outer Ring
2025-10-13,XJPW+92|WJP4+FF,weekday_morning,15.81,4,7,13,0.0,East Inner Ring
2025-10-13,XHJ7+MG|WJM6+VC,weekday_morning,15.46,4,8,13,-1.08,Central Diagonal 1
2025-10-13,2HVW+G8|XJXR+WG,weekday_morning,15.03,4,9,13,-2.17,North Outer Ring
2025-10-13,WHR9+R6|XJGF+6J,weekday_morning,14.95,4,10,13,-3.25,Central Diagonal 2
2025-10-13,XPC7+72|XM33+J3,weekday_morning,14.11,4,11,13,-4.33,Old Airport Road
2025-10-13,WGG8+G5|XH7P+G6,weekday_morning,13.1,4,12,13,-5.42,Mysore Road
2025-10-13,XMW9+G8|WMJR+V4,weekday_morning,12.27,4,13,13,-6.5,East Outer Ring
2025-10-14,XJG4+7J|5PX4+HQ,weekday_morning,39.25,4,1,13,6.5,Airport Expy
2025-10-14,VJRQ+2M|RMJJ+F4,weekday_morning,23.24,4,2,13,5.42,Hosur Road
2025-10-14,WH5F+26|WJ8X+F5W,weekday_morning,20.22,4,3,13,4.33,Double Decker Flyover
2025-10-14,2HM2+P8|XJV5+RG,weekday_morning,17.78,4,4,13,3.25,North Inner Ring
2025-10-14,XG48+2W|VHWC+C3,weekday_morning,16.39,4,5,13,2.17,South Outer Ring
2025-10-14,XHJ7+MG|WJM6+VC,weekday_morning,16.06,4,6,13,1.08,Central Diagonal 1
2025-10-14,XJPW+92|WJP4+FF,weekday_morning,16.0,4,7,13,0.0,East Inner Ring
2025-10-14,WGG8+G5|XH7P+G6,weekday_morning,14.89,4,8,13,-1.08,Mysore Road
2025-10-14,WHR9+R6|XJGF+6J,weekday_morning,14.77,4,9,13,-2.17,Central Diagonal 2
2025-10-14,WP44+W8|WJFH+XQ,weekday_morning,14.7,4,10,13,-3.25,Sarjapur Road
2025-10-14,2HVW+G8|XJXR+WG,weekday_morning,14.02,4,11,13,-4.33,North Outer Ring
2025-10-14,XPC7+72|XM33+J3,weekday_morning,13.79,4,12,13,-5.42,Old Airport Road
2025-10-14,XMW9+G8|WMJR+V4,weekday_morning,10.33,4,13,13,-6.5,East Outer Ring
2025-10-15,XJG4+7J|5PX4+HQ,weekday_morning,38.65,4,1,13,6.5,Airport Expy
2025-10-15,VJRQ+2M|RMJJ+F4,weekday_morning,25.81,4,2,13,5.42,Hosur Road
2025-10-15,WH5F+26|WJ8X+F5W,weekday_morning,18.79,4,3,13,4.33,Double Decker Flyover
2025-10-15,2HM2+P8|XJV5+RG,weekday_morning,18.59,4,4,13,3.25,North Inner Ring
2025-10-15,XHJ7+MG|WJM6+VC,weekday_morning,17.79,4,5,13,2.17,Central Diagonal 1
2025-10-15,XG48+2W|VHWC+C3,weekday_morning,16.96,4,6,13,1.08,South Outer Ring
2025-10-15,XJPW+92|WJP4+FF,weekday_morning,16.14,4,7,13,0.0,East Inner Ring
2025-10-15,WP44+W8|WJFH+XQ,weekday_morning,16.02,4,8,13,-1.08,Sarjapur Road
2025-10-15,XPC7+72|XM33+J3,weekday_morning,15.98,4,9,13,-2.17,Old Airport Road
2025-10-15,2HVW+G8|XJXR+WG,weekday_morning,15.34,4,10,13,-3.25,North Outer Ring
2025-10-15,WHR9+R6|XJGF+6J,weekday_morning,14.47,4,11,13,-4.33,Central Diagonal 2
2025-10-15,WGG8+G5|XH7P+G6,weekday_morning,13.67,4,12,13,-5.42,Mysore Road
2025-10-15,XMW9+G8|WMJR+V4,weekday_morning,13.52,4,13,13,-6.5,East Outer Ring
2025-10-16,XJG4+7J|5PX4+HQ,weekday_morning,38.38,4,1,13,6.5,Airport Expy
2025-10-16,VJRQ+2M|RMJJ+F4,weekday_morning,25.7,4,2,13,5.42,Hosur Road
2025-10-16,WH5F+26|WJ8X+F5W,weekday_morning,19.83,4,3,13,4.33,Double Decker Flyover
2025-10-16,2HM2+P8|XJV5+RG,weekday_morning,17.24,4,4,13,3.25,North Inner Ring
2025-10-16,XG48+2W|VHWC+C3,weekday_morning,16.94,4,5,13,2.17,South Outer Ring
2025-10-16,XHJ7+MG|WJM6+VC,weekday_morning,15.61,4,6,13,1.08,Central Diagonal 1
2025-10-16,XPC7+72|XM33+J3,weekday_morning,15.58,4,7,13,0.0,Old Airport Road
2025-10-16,XJPW+92|WJP4+FF,weekday_morning,15.57,4,8,13,-1.08,East Inner Ring
2025-10-16,WP44+W8|WJFH+XQ,weekday_morning,15.45,4,9,13,-2.17,Sarjapur Road
2025-10-16,WGG8+G5|XH7P+G6,weekday_morning,15.24,4,10,13,-3.25,Mysore Road
2025-10-16,2HVW+G8|XJXR+WG,weekday_morning,15.05,4,11,13,-4.33,North Outer Ring
2025-10-16,WHR9+R6|XJGF+6J,weekday_morning,14.47,4,12,13,-5.42,Central Diagonal 2
2025-10-16,XMW9+G8|WMJR+V4,weekday_morning,12.23,4,13,13,-6.5,East Outer Ring
2025-10-17,XJG4+7J|5PX4+HQ,weekday_morning,39.76,4,1,13,6.5,Airport Expy
2025-10-17,VJRQ+2M|RMJJ+F4,weekday_morning,26.64,4,2,13,5.42,Hosur Road
2025-10-17,WH5F+26|WJ8X+F5W,weekday_morning,21.19,4,3,13,4.33,Double Decker Flyover
2025-10-17,WP44+W8|WJFH+XQ,weekday_morning,20.88,4,4,13,3.25,Sarjapur Road
2025-10-17,XMW9+G8|WMJR+V4,weekday_morning,20.23,4,5,13,2.17,East Outer Ring
2025-10-17,XPC7+72|XM33+J3,weekday_morning,18.61,4,6,13,1.08,Old Airport Road
2025-10-17,2HM2+P8|XJV5+RG,weekday_morning,18.19,4,7,13,0.0,North Inner Ring
2025-10-17,XJPW+92|WJP4+FF,weekday_morning,17.08,4,8,13,-1.08,East Inner Ring
2025-10-17,XG48+2W|VHWC+C3,weekday_morning,16.95,4,9,13,-2.17,South Outer Ring
2025-10-17,XHJ7+MG|WJM6+VC,weekday_morning,16.83,4,10,13,-3.25,Central Diagonal 1
2025-10-17,2HVW+G8|XJXR+WG,weekday_morning,16.66,4,11,13,-4.33,North Outer Ring
2025-10-17,WGG8+G5|XH7P+G6,weekday_morning,16.13,4,12,13,-5.42,Mysore Road
2025-10-17,WHR9+R6|XJGF+6J,weekday_morning,14.56,4,13,13,-6.5,Central Diagonal 2
2025-10-20,XJG4+7J|5PX4+HQ,weekday_morning,48.82,4,1,13,6.5,Airport Expy
2025-10-20,XMW9+G8|WMJR+V4,weekday_morning,39.14,4,2,13,5.42,East Outer Ring
2025-10-20,VJRQ+2M|RMJJ+F4,weekday_morning,33.93,4,3,13,4.33,Hosur Road
2025-10-20,WH5F+26|WJ8X+F5W,weekday_morning,29.94,4,4,13,3.25,Double Decker Flyover
2025-10-20,XPC7+72|XM33+J3,weekday_morning,28.91,4,5,13,2.17,Old Airport Road
2025-10-20,WP44+W8|WJFH+XQ,weekday_morning,28.73,4,6,13,1.08,Sarjapur Road
2025-10-20,WGG8+G5|XH7P+G6,weekday_morning,26.37,4,7,13,0.0,Mysore Road
2025-10-20,2HVW+G8|XJXR+WG,weekday_morning,26.12,4,8,13,-1.08,North Outer Ring
2025-10-20,XHJ7+MG|WJM6+VC,weekday_morning,25.22,4,9,13,-2.17,Central Diagonal 1
2025-10-20,2HM2+P8|XJV5+RG,weekday_morning,25.03,4,10,13,-3.25,North Inner Ring
2025-10-20,XJPW+92|WJP4+FF,weekday_morning,23.74,4,11,13,-4.33,East Inner Ring
2025-10-20,WHR9+R6|XJGF+6J,weekday_morning,21.5,4,12,13,-5.42,Central Diagonal 2
2025-10-20,XG48+2W|VHWC+C3,weekday_morning,20.17,4,13,13,-6.5,South Outer Ring
2025-10-21,XJG4+7J|5PX4+HQ,weekday_morning,47.37,4,1,13,6.5,Airport Expy
2025-10-21,XMW9+G8|WMJR+V4,weekday_morning,34.89,4,2,13,5.42,East Outer Ring
2025-10-21,VJRQ+2M|RMJJ+F4,weekday_morning,33.43,4,3,13,4.33,Hosur Road
2025-10-21,WH5F+26|WJ8X+F5W,weekday_morning,29.54,4,4,13,3.25,Double Decker Flyover
2025-10-21,WP44+W8|WJFH+XQ,weekday_morning,27.07,4,5,13,2.17,Sarjapur Road
2025-10-21,XPC7+72|XM33+J3,weekday_morning,26.53,4,6,13,1.08,Old Airport Road
2025-10-21,2HVW+G8|XJXR+WG,weekday_morning,25.29,4,7,13,0.0,North Outer Ring
2025-10-21,WGG8+G5|XH7P+G6,weekday_morning,24.74,4,8,13,-1.08,Mysore Road
2025-10-21,XHJ7+MG|WJM6+VC,weekday_morning,23.61,4,9,13,-2.17,Central Diagonal 1
2025-10-21,2HM2+P8|XJV5+RG,weekday_morning,23.16,4,10,13,-3.25,North Inner Ring
2025-10-21,XJPW+92|WJP4+FF,weekday_morning,21.49,4,11,13,-4.33,East Inner Ring
2025-10-21,WHR9+R6|XJGF+6J,weekday_morning,20.55,4,12,13,-5.42,Central Diagonal 2
2025-10-21,XG48+2W|VHWC+C3,weekday_morning,20.12,4,13,13,-6.5,South Outer Ring
2025-10-22,XJG4+7J|5PX4+HQ,weekday_morning,46.29,4,1,13,6.5,Airport Expy
2025-10-22,VJRQ+2M|RMJJ+F4,weekday_morning,32.53,4,2,13,5.42,Hosur Road
2025-10-22,XMW9+G8|WMJR+V4,weekday_morning,30.04,4,3,13,4.33,East Outer Ring
2025-10-22,WH5F+26|WJ8X+F5W,weekday_morning,27.24,4,4,13,3.25,Double Decker Flyover
2025-10-22,WGG8+G5|XH7P+G6,weekday_morning,24.98,4,5,13,2.17,Mysore Road
2025-10-22,XPC7+72|XM33+J3,weekday_morning,24.52,4,6,13,1.08,Old Airport Road
2025-10-22,XHJ7+MG|WJM6+VC,weekday_morning,23.35,4,7,13,0.0,Central Diagonal 1
2025-10-22,WP44+W8|WJFH+XQ,weekday_morning,22.7,4,8,13,-1.08,Sarjapur Road
2025-10-22,2HM2+P8|XJV5+RG,weekday_morning,22.26,4,9,13,-2.17,North Inner Ring
2025-10-22,2HVW+G8|XJXR+WG,weekday_morning,21.91,4,10,13,-3.25,North Outer Ring
2025-10-22,XG48+2W|VHWC+C3,weekday_morning,20.63,4,11,13,-4.33,South Outer Ring
2025-10-22,XJPW+92|WJP4+FF,weekday_morning,20.15,4,12,13,-5.42,East Inner Ring
2025-10-22,WHR9+R6|XJGF+6J,weekday_morning,19.37,4,13,13,-6.5,Central Diagonal 2
2025-10-23,XJG4+7J|5PX4+HQ,weekday_morning,42.42,4,1,13,6.5,Airport Expy
2025-10-23,VJRQ+2M|RMJJ+F4,weekday_morning,28.76,4,2,13,5.42,Hosur Road
2025-10-23,WH5F+26|WJ8X+F5W,weekday_morning,23.59,4,3,13,4.33,Double Decker Flyover
2025-10-23,XMW9+G8|WMJR+V4,weekday_morning,21.19,4,4,13,3.25,East Outer Ring
2025-10-23,WP44+W8|WJFH+XQ,weekday_morning,19.39,4,5,13,2.17,Sarjapur Road
2025-10-23,XPC7+72|XM33+J3,weekday_morning,18.88,4,6,13,1.08,Old Airport Road
2025-10-23,2HM2+P8|XJV5+RG,weekday_morning,18.83,4,7,13,0.0,North Inner Ring
2025-10-23,XJPW+92|WJP4+FF,weekday_morning,17.98,4,8,13,-1.08,East Inner Ring
2025-10-23,XG48+2W|VHWC+C3,weekday_morning,17.41,4,9,13,-2.17,South Outer Ring
2025-10-23,XHJ7+MG|WJM6+VC,weekday_morning,17.36,4,10,13,-3.25,Central Diagonal 1
2025-10-23,2HVW+G8|XJXR+WG,weekday_morning,16.39,4,11,13,-4.33,North Outer Ring
2025-10-23,WHR9+R6|XJGF+6J,weekday_morning,15.96,4,12,13,-5.42,Central Diagonal 2
2025-10-23,WGG8+G5|XH7P+G6,weekday_morning,14.92,4,13,13,-6.5,Mysore Road
2025-10-24,XJG4+7J|5PX4+HQ,weekday_morning,42.44,4,1,13,6.5,Airport Expy
2025-10-24,VJRQ+2M|RMJJ+F4,weekday_morning,26.71,4,2,13,5.42,Hosur Road
2025-10-24,WH5F+26|WJ8X+F5W,weekday_morning,22.15,4,3,13,4.33,Double Decker Flyover
2025-10-24,XMW9+G8|WMJR+V4,weekday_morning,21.59,4,4,13,3.25,East Outer Ring
2025-10-24,WP44+W8|WJFH+XQ,weekday_morning,21.41,4,5,13,2.17,Sarjapur Road
2025-10-24,XPC7+72|XM33+J3,weekday_morning,19.53,4,6,13,1.08,Old Airport Road
2025-10-24,2HM2+P8|XJV5+RG,weekday_morning,19.3,4,7,13,0.0,North Inner Ring
2025-10-24,XJPW+92|WJP4+FF,weekday_morning,18.63,4,8,13,-1.08,East Inner Ring
2025-10-24,XHJ7+MG|WJM6+VC,weekday_morning,18.49,4,9,13,-2.17,Central Diagonal 1
2025-10-24,XG48+2W|VHWC+C3,weekday_morning,17.37,4,10,13,-3.25,South Outer Ring
2025-10-24,WGG8+G5|XH7P+G6,weekday_morning,17.07,4,11,13,-4.33,Mysore Road
2025-10-24,2HVW+G8|XJXR+WG,weekday_morning,16.88,4,12,13,-5.42,North Outer Ring
2025-10-24,WHR9+R6|XJGF+6J,weekday_morning,15.68,4,13,13,-6.5,Central Diagonal 2
2025-10-27,XJG4+7J|5PX4+HQ,weekday_morning,41.55,3,1,13,6.5,Airport Expy
2025-10-27,VJRQ+2M|RMJJ+F4,weekday_morning,24.72,3,2,13,5.42,Hosur Road
2025-10-27,WH5F+26|WJ8X+F5W,weekday_morning,20.61,3,3,13,4.33,Double Decker Flyover
2025-10-27,WP44+W8|WJFH+XQ,weekday_morning,18.52,3,4,13,3.25,Sarjapur Road
2025-10-27,2HM2+P8|XJV5+RG,weekday_morning,17.76,3,5,13,2.17,North Inner Ring
2025-10-27,XPC7+72|XM33+J3,weekday_morning,17.6,3,6,13,1.08,Old Airport Road
2025-10-27,XMW9+G8|WMJR+V4,weekday_morning,16.87,3,7,13,0.0,East Outer Ring
2025-10-27,XG48+2W|VHWC+C3,weekday_morning,16.66,3,8,13,-1.08,South Outer Ring
2025-10-27,XHJ7+MG|WJM6+VC,weekday_morning,16.53,3,9,13,-2.17,Central Diagonal 1
2025-10-27,WGG8+G5|XH7P+G6,weekday_morning,16.52,3,10,13,-3.25,Mysore Road
2025-10-27,2HVW+G8|XJXR+WG,weekday_morning,15.78,3,11,13,-4.33,North Outer Ring
2025-10-27,WHR9+R6|XJGF+6J,weekday_morning,15.42,3,12,13,-5.42,Central Diagonal 2
2025-10-27,XJPW+92|WJP4+FF,weekday_morning,15.15,3,13,13,-6.5,East Inner Ring
2025-10-28,XJG4+7J|5PX4+HQ,weekday_morning,40.3,4,1,13,6.5,Airport Expy
2025-10-28,VJRQ+2M|RMJJ+F4,weekday_morning,25.76,4,2,13,5.42,Hosur Road
2025-10-28,WH5F+26|WJ8X+F5W,weekday_morning,19.75,4,3,13,4.33,Double Decker Flyover
2025-10-28,2HM2+P8|XJV5+RG,weekday_morning,18.26,4,4,13,3.25,North Inner Ring
2025-10-28,XPC7+72|XM33+J3,weekday_morning,16.64,4,5,13,2.17,Old Airport Road
2025-10-28,XJPW+92|WJP4+FF,weekday_morning,16.45,4,6,13,1.08,East Inner Ring
2025-10-28,XG48+2W|VHWC+C3,weekday_morning,16.34,4,7,13,0.0,South Outer Ring
2025-10-28,XHJ7+MG|WJM6+VC,weekday_morning,15.39,4,8,13,-1.08,Central Diagonal 1
2025-10-28,2HVW+G8|XJXR+WG,weekday_morning,15.25,4,9,13,-2.17,North Outer Ring
2025-10-28,WHR9+R6|XJGF+6J,weekday_morning,14.67,4,10,13,-3.25,Central Diagonal 2
2025-10-28,WP44+W8|WJFH+XQ,weekday_morning,14.66,4,11,13,-4.33,Sarjapur Road
2025-10-28,WGG8+G5|XH7P+G6,weekday_morning,14.38,4,12,13,-5.42,Mysore Road
2025-10-28,XMW9+G8|WMJR+V4,weekday_morning,11.85,4,13,13,-6.5,East Outer Ring
2025-10-29,XJG4+7J|5PX4+HQ,weekday_morning,39.77,4,1,13,6.5,Airport Expy
2025-10-29,VJRQ+2M|RMJJ+F4,weekday_morning,24.12,4,2,13,5.42,Hosur Road
2025-10-29,WH5F+26|WJ8X+F5W,weekday_morning,21.51,4,3,13,4.33,Double Decker Flyover
2025-10-29,XPC7+72|XM33+J3,weekday_morning,18.36,4,4,13,3.25,Old Airport Road
2025-10-29,2HM2+P8|XJV5+RG,weekday_morning,17.39,4,5,13,2.17,North Inner Ring
2025-10-29,XG48+2W|VHWC+C3,weekday_morning,16.55,4,6,13,1.08,South Outer Ring
2025-10-29,XHJ7+MG|WJM6+VC,weekday_morning,16.44,4,7,13,0.0,Central Diagonal 1
2025-10-29,XJPW+92|WJP4+FF,weekday_morning,15.34,4,8,13,-1.08,East Inner Ring
2025-10-29,2HVW+G8|XJXR+WG,weekday_morning,15.16,4,9,13,-2.17,North Outer Ring
2025-10-29,WGG8+G5|XH7P+G6,weekday_morning,15.09,4,10,13,-3.25,Mysore Road
2025-10-29,WP44+W8|WJFH+XQ,weekday_morning,14.96,4,11,13,-4.33,Sarjapur Road
2025-10-29,XMW9+G8|WMJR+V4,weekday_morning,14.55,4,12,13,-5.42,East Outer Ring
2025-10-29,WHR9+R6|XJGF+6J,weekday_morning,14.4,4,13,13,-6.5,Central Diagonal 2
2025-10-30,XJG4+7J|5PX4+HQ,weekday_morning,40.32,4,1,13,6.5,Airport Expy
2025-10-30,VJRQ+2M|RMJJ+F4,weekday_morning,25.75,4,2,13,5.42,Hosur Road
2025-10-30,WH5F+26|WJ8X+F5W,weekday_morning,22.36,4,3,13,4.33,Double Decker Flyover
2025-10-30,XG48+2W|VHWC+C3,weekday_morning,16.9,4,4,13,3.25,South Outer Ring
2025-10-30,2HM2+P8|XJV5+RG,weekday_morning,16.67,4,5,13,2.17,North Inner Ring
2025-10-30,XHJ7+MG|WJM6+VC,weekday_morning,15.96,4,6,13,1.08,Central Diagonal 1
2025-10-30,XPC7+72|XM33+J3,weekday_morning,15.94,4,7,13,0.0,Old Airport Road
2025-10-30,XJPW+92|WJP4+FF,weekday_morning,15.88,4,8,13,-1.08,East Inner Ring
2025-10-30,2HVW+G8|XJXR+WG,weekday_morning,15.64,4,9,13,-2.17,North Outer Ring
2025-10-30,WP44+W8|WJFH+XQ,weekday_morning,15.39,4,10,13,-3.25,Sarjapur Road
2025-10-30,WGG8+G5|XH7P+G6,weekday_morning,14.16,4,11,13,-4.33,Mysore Road
2025-10-30,WHR9+R6|XJGF+6J,weekday_morning,13.63,4,12,13,-5.42,Central Diagonal 2
2025-10-30,XMW9+G8|WMJR+V4,weekday_morning,12.81,4,13,13,-6.5,East Outer Ring
2025-10-31,XJG4+7J|5PX4+HQ,weekday_morning,40.48,4,1,13,6.5,Airport Expy
2025-10-31,VJRQ+2M|RMJJ+F4,weekday_morning,26.57,4,2,13,5.42,Hosur Road
2025-10-31,WH5F+26|WJ8X+F5W,weekday_morning,21.88,4,3,13,4.33,Double Decker Flyover
2025-10-31,XPC7+72|XM33+J3,weekday_morning,19.75,4,4,13,3.25,Old Airport Road
2025-10-31,XMW9+G8|WMJR+V4,weekday_morning,19.65,4,5,13,2.17,East Outer Ring
2025-10-31,WP44+W8|WJFH+XQ,weekday_morning,18.26,4,6,13,1.08,Sarjapur Road
2025-10-31,2HM2+P8|XJV5+RG,weekday_morning,18.21,4,7,13,0.0,North Inner Ring
2025-10-31,XJPW+92|WJP4+FF,weekday_morning,17.37,4,8,13,-1.08,East Inner Ring
2025-10-31,XG48+2W|VHWC+C3,weekday_morning,16.87,4,9,13,-2.17,South Outer Ring
2025-10-31,WGG8+G5|XH7P+G6,weekday_morning,16.74,4,10,13,-3.25,Mysore Road
2025-10-31,XHJ7+MG|WJM6+VC,weekday_morning,16.72,4,11,13,-4.33,Central Diagonal 1
2025-10-31,WHR9+R6|XJGF+6J,weekday_morning,16.1,4,12,13,-5.42,Central Diagonal 2
2025-10-31,2HVW+G8|XJXR+WG,weekday_morning,15.46,4,13,13,-6.5,North Outer Ring
2025-11-03,XJG4+7J|5PX4+HQ,weekday_morning,41.13,4,1,13,6.5,Airport Expy
2025-11-03,VJRQ+2M|RMJJ+F4,weekday_morning,26.29,4,2,13,5.42,Hosur Road
2025-11-03,WH5F+26|WJ8X+F5W,weekday_morning,22.29,4,3,13,4.33,Double Decker Flyover
2025-11-03,2HM2+P8|XJV5+RG,weekday_morning,17.67,4,4,13,3.25,North Inner Ring
2025-11-03,WP44+W8|WJFH+XQ,weekday_morning,17.46,4,5,13,2.17,Sarjapur Road
2025-11-03,XG48+2W|VHWC+C3,weekday_morning,16.72,4,6,13,1.08,South Outer Ring
2025-11-03,XHJ7+MG|WJM6+VC,weekday_morning,16.4,4,7,13,0.0,Central Diagonal 1
2025-11-03,XJPW+92|WJP4+FF,weekday_morning,16.13,4,8,13,-1.08,East Inner Ring
2025-11-03,2HVW+G8|XJXR+WG,weekday_morning,15.87,4,9,13,-2.17,North Outer Ring
2025-11-03,WGG8+G5|XH7P+G6,weekday_morning,15.73,4,10,13,-3.25,Mysore Road
2025-11-03,XPC7+72|XM33+J3,weekday_morning,15.7,4,11,13,-4.33,Old Airport Road
2025-11-03,WHR9+R6|XJGF+6J,weekday_morning,15.21,4,12,13,-5.42,Central Diagonal 2
2025-11-03,XMW9+G8|WMJR+V4,weekday_morning,14.52,4,13,13,-6.5,East Outer Ring
2025-11-04,XJG4+7J|5PX4+HQ,weekday_morning,41.21,4,1,13,6.5,Airport Expy
2025-11-04,VJRQ+2M|RMJJ+F4,weekday_morning,24.51,4,2,13,5.42,Hosur Road
2025-11-04,WH5F+26|WJ8X+F5W,weekday_morning,18.71,4,3,13,4.33,Double Decker Flyover
2025-11-04,2HM2+P8|XJV5+RG,weekday_morning,17.79,4,4,13,3.25,North Inner Ring
2025-11-04,XJPW+92|WJP4+FF,weekday_morning,16.73,4,5,13,2.17,East Inner Ring
2025-11-04,XG48+2W|VHWC+C3,weekday_morning,16.69,4,6,13,1.08,South Outer Ring
2025-11-04,WGG8+G5|XH7P+G6,weekday_morning,16.23,4,7,13,0.0,Mysore Road
2025-11-04,XHJ7+MG|WJM6+VC,weekday_morning,16.16,4,8,13,-1.08,Central Diagonal 1
2025-11-04,WP44+W8|WJFH+XQ,weekday_morning,15.41,4,9,13,-2.17,Sarjapur Road
2025-11-04,2HVW+G8|XJXR+WG,weekday_morning,15.34,4,10,13,-3.25,North Outer Ring
2025-11-04,XPC7+72|XM33+J3,weekday_morning,14.58,4,11,13,-4.33,Old Airport Road
2025-11-04,WHR9+R6|XJGF+6J,weekday_morning,14.26,4,12,13,-5.42,Central Diagonal 2
2025-11-04,XMW9+G8|WMJR+V4,weekday_morning,11.21,4,13,13,-6.5,East Outer Ring
2025-11-05,XJG4+7J|5PX4+HQ,weekday_morning,38.82,4,1,13,6.5,Airport Expy
2025-11-05,VJRQ+2M|RMJJ+F4,weekday_morning,24.99,4,2,13,5.42,Hosur Road
2025-11-05,WH5F+26|WJ8X+F5W,weekday_morning,21.2,4,3,13,4.33,Double Decker Flyover
2025-11-05,2HM2+P8|XJV5+RG,weekday_morning,19.04,4,4,13,3.25,North Inner Ring
2025-11-05,XHJ7+MG|WJM6+VC,weekday_morning,17.38,4,5,13,2.17,Central Diagonal 1
2025-11-05,XG48+2W|VHWC+C3,weekday_morning,17.06,4,6,13,1.08,South Outer Ring
2025-11-05,WP44+W8|WJFH+XQ,weekday_morning,16.79,4,7,13,0.0,Sarjapur Road
2025-11-05,XJPW+92|WJP4+FF,weekday_morning,16.21,4,8,13,-1.08,East Inner Ring
2025-11-05,2HVW+G8|XJXR+WG,weekday_morning,16.18,4,9,13,-2.17,North Outer Ring
2025-11-05,WGG8+G5|XH7P+G6,weekday_morning,15.88,4,10,13,-3.25,Mysore Road
2025-11-05,XPC7+72|XM33+J3,weekday_morning,15.62,4,11,13,-4.33,Old Airport Road
2025-11-05,WHR9+R6|XJGF+6J,weekday_morning,15.18,4,12,13,-5.42,Central Diagonal 2
2025-11-05,XMW9+G8|WMJR+V4,weekday_morning,13.07,4,13,13,-6.5,East Outer Ring
2025-11-06,XJG4+7J|5PX4+HQ,weekday_morning,38.67,4,1,13,6.5,Airport Expy
2025-11-06,VJRQ+2M|RMJJ+F4,weekday_morning,26.3,4,2,13,5.42,Hosur Road
2025-11-06,WH5F+26|WJ8X+F5W,weekday_morning,19.21,4,3,13,4.33,Double Decker Flyover
2025-11-06,XG48+2W|VHWC+C3,weekday_morning,16.86,4,4,13,3.25,South Outer Ring
2025-11-06,2HM2+P8|XJV5+RG,weekday_morning,16.81,4,5,13,2.17,North Inner Ring
2025-11-06,XHJ7+MG|WJM6+VC,weekday_morning,16.37,4,6,13,1.08,Central Diagonal 1
2025-11-06,WP44+W8|WJFH+XQ,weekday_morning,16.2,4,7,13,0.0,Sarjapur Road
2025-11-06,2HVW+G8|XJXR+WG,weekday_morning,15.55,4,8,13,-1.08,North Outer Ring
2025-11-06,XJPW+92|WJP4+FF,weekday_morning,15.25,4,9,13,-2.17,East Inner Ring
2025-11-06,WGG8+G5|XH7P+G6,weekday_morning,14.88,4,10,13,-3.25,Mysore Road
2025-11-06,XPC7+72|XM33+J3,weekday_morning,13.87,4,11,13,-4.33,Old Airport Road
2025-11-06,WHR9+R6|XJGF+6J,weekday_morning,12.93,4,12,13,-5.42,Central Diagonal 2
2025-11-06,XMW9+G8|WMJR+V4,weekday_morning,11.51,4,13,13,-6.5,East Outer Ring
2025-11-07,XJG4+7J|5PX4+HQ,weekday_morning,40.29,4,1,13,6.5,Airport Expy
2025-11-07,VJRQ+2M|RMJJ+F4,weekday_morning,24.68,4,2,13,5.42,Hosur Road
2025-11-07,WH5F+26|WJ8X+F5W,weekday_morning,21.27,4,3,13,4.33,Double Decker Flyover
2025-11-07,XPC7+72|XM33+J3,weekday_morning,19.54,4,4,13,3.25,Old Airport Road
2025-11-07,WP44+W8|WJFH+XQ,weekday_morning,19.24,4,5,13,2.17,Sarjapur Road
2025-11-07,2HM2+P8|XJV5+RG,weekday_morning,17.88,4,6,13,1.08,North Inner Ring
2025-11-07,XHJ7+MG|WJM6+VC,weekday_morning,17.74,4,7,13,0.0,Central Diagonal 1
2025-11-07,2HVW+G8|XJXR+WG,weekday_morning,17.6,4,8,13,-1.08,North Outer Ring
2025-11-07,XJPW+92|WJP4+FF,weekday_morning,17.0,4,9,13,-2.17,East Inner Ring
2025-11-07,WGG8+G5|XH7P+G6,weekday_morning,16.88,4,10,13,-3.25,Mysore Road
2025-11-07,XG48+2W|VHWC+C3,weekday_morning,16.62,4,11,13,-4.33,South Outer Ring
2025-11-07,XMW9+G8|WMJR+V4,weekday_morning,16.3,4,12,13,-5.42,East Outer Ring
2025-11-07,WHR9+R6|XJGF+6J,weekday_morning,15.67,4,13,13,-6.5,Central Diagonal 2
2025-11-10,XJG4+7J|5PX4+HQ,weekday_morning,39.31,4,1,13,6.5,Airport Expy
2025-11-10,VJRQ+2M|RMJJ+F4,weekday_morning,26.31,4,2,13,5.42,Hosur Road
2025-11-10,WH5F+26|WJ8X+F5W,weekday_morning,21.43,4,3,13,4.33,Double Decker Flyover
2025-11-10,2HM2+P8|XJV5+RG,weekday_morning,18.47,4,4,13,3.25,North Inner Ring
2025-11-10,XG48+2W|VHWC+C3,weekday_morning,17.35,4,5,13,2.17,South Outer Ring
2025-11-10,XHJ7+MG|WJM6+VC,weekday_morning,16.52,4,6,13,1.08,Central Diagonal 1
2025-11-10,WP44+W8|WJFH+XQ,weekday_morning,16.29,4,7,13,0.0,Sarjapur Road
2025-11-10,XJPW+92|WJP4+FF,weekday_morning,16.09,4,8,13,-1.08,East Inner Ring
2025-11-10,2HVW+G8|XJXR+WG,weekday_morning,15.98,4,9,13,-2.17,North Outer Ring
2025-11-10,WHR9+R6|XJGF+6J,weekday_morning,15.56,4,10,13,-3.25,Central Diagonal 2
2025-11-10,WGG8+G5|XH7P+G6,weekday_morning,15.17,4,11,13,-4.33,Mysore Road
2025-11-10,XPC7+72|XM33+J3,weekday_morning,14.9,4,12,13,-5.42,Old Airport Road
2025-11-10,XMW9+G8|WMJR+V4,weekday_morning,13.17,4,13,13,-6.5,East Outer Ring
2025-11-11,XJG4+7J|5PX4+HQ,weekday_morning,39.92,4,1,13,6.5,Airport Expy
2025-11-11,VJRQ+2M|RMJJ+F4,weekday_morning,25.14,4,2,13,5.42,Hosur Road
2025-11-11,WH5F+26|WJ8X+F5W,weekday_morning,18.76,4,3,13,4.33,Double Decker Flyover
2025-11-11,2HM2+P8|XJV5+RG,weekday_morning,17.5,4,4,13,3.25,North Inner Ring
2025-11-11,XG48+2W|VHWC+C3,weekday_morning,16.98,4,5,13,2.17,South Outer Ring
2025-11-11,WGG8+G5|XH7P+G6,weekday_morning,16.38,4,6,13,1.08,Mysore Road
2025-11-11,XHJ7+MG|WJM6+VC,weekday_morning,16.28,4,7,13,0.0,Central Diagonal 1
2025-11-11,2HVW+G8|XJXR+WG,weekday_morning,15.86,4,8,13,-1.08,North Outer Ring
2025-11-11,WHR9+R6|XJGF+6J,weekday_morning,15.38,4,9,13,-2.17,Central Diagonal 2
2025-11-11,XJPW+92|WJP4+FF,weekday_morning,15.27,4,10,13,-3.25,East Inner Ring
2025-11-11,WP44+W8|WJFH+XQ,weekday_morning,14.5,4,11,13,-4.33,Sarjapur Road
2025-11-11,XPC7+72|XM33+J3,weekday_morning,14.07,4,12,13,-5.42,Old Airport Road
2025-11-11,XMW9+G8|WMJR+V4,weekday_morning,11.76,4,13,13,-6.5,East Outer Ring
2025-11-12,XJG4+7J|5PX4+HQ,weekday_morning,37.77,4,1,13,6.5,Airport Expy
2025-11-12,VJRQ+2M|RMJJ+F4,weekday_morning,25.0,4,2,13,5.42,Hosur Road
2025-11-12,WH5F+26|WJ8X+F5W,weekday_morning,19.85,4,3,13,4.33,Double Decker Flyover
2025-11-12,XG48+2W|VHWC+C3,weekday_morning,17.49,4,4,13,3.25,South Outer Ring
2025-11-12,XHJ7+MG|WJM6+VC,weekday_morning,17.41,4,5,13,2.17,Central Diagonal 1
2025-11-12,2HVW+G8|XJXR+WG,weekday_morning,17.29,4,6,13,1.08,North Outer Ring
2025-11-12,2HM2+P8|XJV5+RG,weekday_morning,16.86,4,7,13,0.0,North Inner Ring
2025-11-12,WP44+W8|WJFH+XQ,weekday_morning,16.54,4,8,13,-1.08,Sarjapur Road
2025-11-12,XJPW+92|WJP4+FF,weekday_morning,15.8,4,9,13,-2.17,East Inner Ring
2025-11-12,WGG8+G5|XH7P+G6,weekday_morning,14.57,4,10,13,-3.25,Mysore Road
2025-11-12,WHR9+R6|XJGF+6J,weekday_morning,14.54,4,11,13,-4.33,Central Diagonal 2
2025-11-12,XPC7+72|XM33+J3,weekday_morning,13.65,4,12,13,-5.42,Old Airport Road
2025-11-12,XMW9+G8|WMJR+V4,weekday_morning,11.34,4,13,13,-6.5,East Outer Ring
2025-11-13,XJG4+7J|5PX4+HQ,weekday_morning,38.79,4,1,13,6.5,Airport Expy
2025-11-13,VJRQ+2M|RMJJ+F4,weekday_morning,23.8,4,2,13,5.42,Hosur Road
2025-11-13,WH5F+26|WJ8X+F5W,weekday_morning,19.9,4,3,13,4.33,Double Decker Flyover
2025-11-13,2HM2+P8|XJV5+RG,weekday_morning,18.23,4,4,13,3.25,North Inner Ring
2025-11-13,XHJ7+MG|WJM6+VC,weekday_morning,17.15,4,5,13,2.17,Central Diagonal 1
2025-11-13,XG48+2W|VHWC+C3,weekday_morning,16.74,4,6,13,1.08,South Outer Ring
2025-11-13,2HVW+G8|XJXR+WG,weekday_morning,16.32,4,7,13,0.0,North Outer Ring
2025-11-13,XJPW+92|WJP4+FF,weekday_morning,15.19,4,8,13,-1.08,East Inner Ring
2025-11-13,WHR9+R6|XJGF+6J,weekday_morning,15.11,4,9,13,-2.17,Central Diagonal 2
2025-11-13,WGG8+G5|XH7P+G6,weekday_morning,14.63,4,10,13,-3.25,Mysore Road
2025-11-13,XPC7+72|XM33+J3,weekday_morning,14.19,4,11,13,-4.33,Old Airport Road
2025-11-13,WP44+W8|WJFH+XQ,weekday_morning,13.98,4,12,13,-5.42,Sarjapur Road
2025-11-13,XMW9+G8|WMJR+V4,weekday_morning,13.01,4,13,13,-6.5,East Outer Ring
2025-11-14,XJG4+7J|5PX4+HQ,weekday_morning,38.68,4,1,13,6.5,Airport Expy
2025-11-14,VJRQ+2M|RMJJ+F4,weekday_morning,25.29,4,2,13,5.42,Hosur Road
2025-11-14,WH5F+26|WJ8X+F5W,weekday_morning,21.4,4,3,13,4.33,Double Decker Flyover
2025-11-14,2HM2+P8|XJV5+RG,weekday_morning,19.02,4,4,13,3.25,North Inner Ring
2025-11-14,WP44+W8|WJFH+XQ,weekday_morning,18.94,4,5,13,2.17,Sarjapur Road
2025-11-14,XMW9+G8|WMJR+V4,weekday_morning,18.07,4,6,13,1.08,East Outer Ring
2025-11-14,XHJ7+MG|WJM6+VC,weekday_morning,17.97,4,7,13,0.0,Central Diagonal 1
2025-11-14,XPC7+72|XM33+J3,weekday_morning,17.96,4,8,13,-1.08,Old Airport Road
2025-11-14,WGG8+G5|XH7P+G6,weekday_morning,17.5,4,9,13,-2.17,Mysore Road
2025-11-14,XJPW+92|WJP4+FF,weekday_morning,17.48,4,10,13,-3.25,East Inner Ring
2025-11-14,XG48+2W|VHWC+C3,weekday_morning,17.3,4,11,13,-4.33,South Outer Ring
2025-11-14,2HVW+G8|XJXR+WG,weekday_morning,16.96,4,12,13,-5.42,North Outer Ring
2025-11-14,WHR9+R6|XJGF+6J,weekday_morning,15.51,4,13,13,-6.5,Central Diagonal 2
2025-11-17,XJG4+7J|5PX4+HQ,weekday_morning,38.69,4,1,13,6.5,Airport Expy
2025-11-17,VJRQ+2M|RMJJ+F4,weekday_morning,26.99,4,2,13,5.42,Hosur Road
2025-11-17,WH5F+26|WJ8X+F5W,weekday_morning,21.82,4,3,13,4.33,Double Decker Flyover
2025-11-17,2HM2+P8|XJV5+RG,weekday_morning,18.73,4,4,13,3.25,North Inner Ring
2025-11-17,XHJ7+MG|WJM6+VC,weekday_morning,17.65,4,5,13,2.17,Central Diagonal 1
2025-11-17,XG48+2W|VHWC+C3,weekday_morning,17.36,4,6,13,1.08,South Outer Ring
2025-11-17,WP44+W8|WJFH+XQ,weekday_morning,17.23,4,7,13,0.0,Sarjapur Road
2025-11-17,2HVW+G8|XJXR+WG,weekday_morning,16.7,4,8,13,-1.08,North Outer Ring
2025-11-17,XJPW+92|WJP4+FF,weekday_morning,16.44,4,9,13,-2.17,East Inner Ring
2025-11-17,XPC7+72|XM33+J3,weekday_morning,15.89,4,10,13,-3.25,Old Airport Road
2025-11-17,WGG8+G5|XH7P+G6,weekday_morning,15.67,4,11,13,-4.33,Mysore Road
2025-11-17,WHR9+R6|XJGF+6J,weekday_morning,15.43,4,12,13,-5.42,Central Diagonal 2
2025-11-17,XMW9+G8|WMJR+V4,weekday_morning,13.26,4,13,13,-6.5,East Outer Ring
2025-11-18,XJG4+7J|5PX4+HQ,weekday_morning,40.1,4,1,13,6.5,Airport Expy
2025-11-18,VJRQ+2M|RMJJ+F4,weekday_morning,27.49,4,2,13,5.42,Hosur Road
2025-11-18,WH5F+26|WJ8X+F5W,weekday_morning,20.11,4,3,13,4.33,Double Decker Flyover
2025-11-18,2HM2+P8|XJV5+RG,weekday_morning,19.08,4,4,13,3.25,North Inner Ring
2025-11-18,XG48+2W|VHWC+C3,weekday_morning,17.36,4,5,13,2.17,South Outer Ring
2025-11-18,XJPW+92|WJP4+FF,weekday_morning,16.88,4,6,13,1.08,East Inner Ring
2025-11-18,WGG8+G5|XH7P+G6,weekday_morning,16.58,4,7,13,0.0,Mysore Road
2025-11-18,XHJ7+MG|WJM6+VC,weekday_morning,16.48,4,8,13,-1.08,Central Diagonal 1
2025-11-18,XPC7+72|XM33+J3,weekday_morning,16.1,4,9,13,-2.17,Old Airport Road
2025-11-18,WP44+W8|WJFH+XQ,weekday_morning,15.79,4,10,13,-3.25,Sarjapur Road
2025-11-18,WHR9+R6|XJGF+6J,weekday_morning,14.87,4,11,13,-4.33,Central Diagonal 2
2025-11-18,2HVW+G8|XJXR+WG,weekday_morning,14.7,4,12,13,-5.42,North Outer Ring
2025-11-18,XMW9+G8|WMJR+V4,weekday_morning,11.07,4,13,13,-6.5,East Outer Ring
2025-11-19,XJG4+7J|5PX4+HQ,weekday_morning,40.08,4,1,13,6.5,Airport Expy
2025-11-19,VJRQ+2M|RMJJ+F4,weekday_morning,25.87,4,2,13,5.42,Hosur Road
2025-11-19,WH5F+26|WJ8X+F5W,weekday_morning,19.6,4,3,13,4.33,Double Decker Flyover
2025-11-19,2HM2+P8|XJV5+RG,weekday_morning,17.78,4,4,13,3.25,North Inner Ring
2025-11-19,XG48+2W|VHWC+C3,weekday_morning,17.46,4,5,13,2.17,South Outer Ring
2025-11-19,XHJ7+MG|WJM6+VC,weekday_morning,16.51,4,6,13,1.08,Central Diagonal 1
2025-11-19,XJPW+92|WJP4+FF,weekday_morning,16.46,4,7,13,0.0,East Inner Ring
2025-11-19,XPC7+72|XM33+J3,weekday_morning,16.3,4,8,13,-1.08,Old Airport Road
2025-11-19,2HVW+G8|XJXR+WG,weekday_morning,16.0,4,9,13,-2.17,North Outer Ring
2025-11-19,WGG8+G5|XH7P+G6,weekday_morning,15.96,4,10,13,-3.25,Mysore Road
2025-11-19,WP44+W8|WJFH+XQ,weekday_morning,15.64,4,11,13,-4.33,Sarjapur Road
2025-11-19,WHR9+R6|XJGF+6J,weekday_morning,14.76,4,12,13,-5.42,Central Diagonal 2
2025-11-19,XMW9+G8|WMJR+V4,weekday_morning,12.94,4,13,13,-6.5,East Outer Ring
2025-11-20,XJG4+7J|5PX4+HQ,weekday_morning,40.52,4,1,13,6.5,Airport Expy
2025-11-20,VJRQ+2M|RMJJ+F4,weekday_morning,26.24,4,2,13,5.42,Hosur Road
2025-11-20,WP44+W8|WJFH+XQ,weekday_morning,19.57,4,3,13,4.33,Sarjapur Road
2025-11-20,WH5F+26|WJ8X+F5W,weekday_morning,19.31,4,4,13,3.25,Double Decker Flyover
2025-11-20,2HM2+P8|XJV5+RG,weekday_morning,18.49,4,5,13,2.17,North Inner Ring
2025-11-20,XG48+2W|VHWC+C3,weekday_morning,16.8,4,6,13,1.08,South Outer Ring
2025-11-20,XHJ7+MG|WJM6+VC,weekday_morning,16.8,4,7,13,0.0,Central Diagonal 1
2025-11-20,XJPW+92|WJP4+FF,weekday_morning,15.81,4,8,13,-1.08,East Inner Ring
2025-11-20,2HVW+G8|XJXR+WG,weekday_morning,15.44,4,9,13,-2.17,North Outer Ring
2025-11-20,WGG8+G5|XH7P+G6,weekday_morning,14.57,4,10,13,-3.25,Mysore Road
2025-11-20,XPC7+72|XM33+J3,weekday_morning,14.31,4,11,13,-4.33,Old Airport Road
2025-11-20,WHR9+R6|XJGF+6J,weekday_morning,14.16,4,12,13,-5.42,Central Diagonal 2
2025-11-20,XMW9+G8|WMJR+V4,weekday_morning,13.33,4,13,13,-6.5,East Outer Ring
2025-11-21,XJG4+7J|5PX4+HQ,weekday_morning,37.74,4,1,13,6.5,Airport Expy
2025-11-21,VJRQ+2M|RMJJ+F4,weekday_morning,26.17,4,2,13,5.42,Hosur Road
2025-11-21,WH5F+26|WJ8X+F5W,weekday_morning,21.55,4,3,13,4.33,Double Decker Flyover
2025-11-21,WP44+W8|WJFH+XQ,weekday_morning,19.73,4,4,13,3.25,Sarjapur Road
2025-11-21,2HM2+P8|XJV5+RG,weekday_morning,19.3,4,5,13,2.17,North Inner Ring
2025-11-21,XPC7+72|XM33+J3,weekday_morning,19.09,4,6,13,1.08,Old Airport Road
2025-11-21,XJPW+92|WJP4+FF,weekday_morning,18.41,4,7,13,0.0,East Inner Ring
2025-11-21,XMW9+G8|WMJR+V4,weekday_morning,17.99,4,8,13,-1.08,East Outer Ring
2025-11-21,WGG8+G5|XH7P+G6,weekday_morning,17.62,4,9,13,-2.17,Mysore Road
2025-11-21,2HVW+G8|XJXR+WG,weekday_morning,17.41,4,10,13,-3.25,North Outer Ring
2025-11-21,XHJ7+MG|WJM6+VC,weekday_morning,17.34,4,11,13,-4.33,Central Diagonal 1
2025-11-21,XG48+2W|VHWC+C3,weekday_morning,17.1,4,12,13,-5.42,South Outer Ring
2025-11-21,WHR9+R6|XJGF+6J,weekday_morning,14.62,4,13,13,-6.5,Central Diagonal 2
2025-11-24,XJG4+7J|5PX4+HQ,weekday_morning,39.72,3,1,13,6.5,Airport Expy
2025-11-24,VJRQ+2M|RMJJ+F4,weekday_morning,25.6,3,2,13,5.42,Hosur Road
2025-11-24,WH5F+26|WJ8X+F5W,weekday_morning,22.46,3,3,13,4.33,Double Decker Flyover
2025-11-24,XPC7+72|XM33+J3,weekday_morning,18.69,3,4,13,3.25,Old Airport Road
2025-11-24,WP44+W8|WJFH+XQ,weekday_morning,18.38,3,5,13,2.17,Sarjapur Road
2025-11-24,2HM2+P8|XJV5+RG,weekday_morning,18.29,3,6,13,1.08,North Inner Ring
2025-11-24,WGG8+G5|XH7P+G6,weekday_morning,17.36,3,7,13,0.0,Mysore Road
2025-11-24,XG48+2W|VHWC+C3,weekday_morning,17.26,3,8,13,-1.08,South Outer Ring
2025-11-24,XJPW+92|WJP4+FF,weekday_morning,16.8,3,9,13,-2.17,East Inner Ring
2025-11-24,XHJ7+MG|WJM6+VC,weekday_morning,16.7,3,10,13,-3.25,Central Diagonal 1
2025-11-24,WHR9+R6|XJGF+6J,weekday_morning,16.07,3,11,13,-4.33,Central Diagonal 2
2025-11-24,XMW9+G8|WMJR+V4,weekday_morning,15.92,3,12,13,-5.42,East Outer Ring
2025-11-24,2HVW+G8|XJXR+WG,weekday_morning,15.61,3,13,13,-6.5,North Outer Ring
2025-11-25,XJG4+7J|5PX4+HQ,weekday_morning,38.87,4,1,13,6.5,Airport Expy
2025-11-25,VJRQ+2M|RMJJ+F4,weekday_morning,26.64,4,2,13,5.42,Hosur Road
2025-11-25,WH5F+26|WJ8X+F5W,weekday_morning,20.82,4,3,13,4.33,Double Decker Flyover
2025-11-25,WP44+W8|WJFH+XQ,weekday_morning,18.73,4,4,13,3.25,Sarjapur Road
2025-11-25,2HM2+P8|XJV5+RG,weekday_morning,18.14,4,5,13,2.17,North Inner Ring
2025-11-25,XPC7+72|XM33+J3,weekday_morning,17.72,4,6,13,1.08,Old Airport Road
2025-11-25,XG48+2W|VHWC+C3,weekday_morning,16.94,4,7,13,0.0,South Outer Ring
2025-11-25,XHJ7+MG|WJM6+VC,weekday_morning,16.46,4,8,13,-1.08,Central Diagonal 1
2025-11-25,XJPW+92|WJP4+FF,weekday_morning,15.82,4,9,13,-2.17,East Inner Ring
2025-11-25,WHR9+R6|XJGF+6J,weekday_morning,15.54,4,10,13,-3.25,Central Diagonal 2
2025-11-25,2HVW+G8|XJXR+WG,weekday_morning,15.28,4,11,13,-4.33,North Outer Ring
2025-11-25,WGG8+G5|XH7P+G6,weekday_morning,15.16,4,12,13,-5.42,Mysore Road
2025-11-25,XMW9+G8|WMJR+V4,weekday_morning,12.9,4,13,13,-6.5,East Outer Ring
2025-11-26,XJG4+7J|5PX4+HQ,weekday_morning,39.62,4,1,13,6.5,Airport Expy
2025-11-26,VJRQ+2M|RMJJ+F4,weekday_morning,26.04,4,2,13,5.42,Hosur Road
2025-11-26,WH5F+26|WJ8X+F5W,weekday_morning,20.85,4,3,13,4.33,Double Decker Flyover
2025-11-26,WP44+W8|WJFH+XQ,weekday_morning,19.07,4,4,13,3.25,Sarjapur Road
2025-11-26,2HM2+P8|XJV5+RG,weekday_morning,17.69,4,5,13,2.17,North Inner Ring
2025-11-26,XJPW+92|WJP4+FF,weekday_morning,16.75,4,6,13,1.08,East Inner Ring
2025-11-26,XG48+2W|VHWC+C3,weekday_morning,16.64,4,7,13,0.0,South Outer Ring
2025-11-26,XHJ7+MG|WJM6+VC,weekday_morning,16.48,4,8,13,-1.08,Central Diagonal 1
2025-11-26,XPC7+72|XM33+J3,weekday_morning,15.65,4,9,13,-2.17,Old Airport Road
2025-11-26,2HVW+G8|XJXR+WG,weekday_morning,15.44,4,10,13,-3.25,North Outer Ring
2025-11-26,WGG8+G5|XH7P+G6,weekday_morning,14.97,4,11,13,-4.33,Mysore Road
2025-11-26,WHR9+R6|XJGF+6J,weekday_morning,14.74,4,12,13,-5.42,Central Diagonal 2
2025-11-26,XMW9+G8|WMJR+V4,weekday_morning,12.6,4,13,13,-6.5,East Outer Ring
2025-11-27,XJG4+7J|5PX4+HQ,weekday_morning,37.7,4,1,13,6.5,Airport Expy
2025-11-27,VJRQ+2M|RMJJ+F4,weekday_morning,26.36,4,2,13,5.42,Hosur Road
2025-11-27,WH5F+26|WJ8X+F5W,weekday_morning,20.98,4,3,13,4.33,Double Decker Flyover
2025-11-27,WP44+W8|WJFH+XQ,weekday_morning,18.82,4,4,13,3.25,Sarjapur Road
2025-11-27,2HM2+P8|XJV5+RG,weekday_morning,18.12,4,5,13,2.17,North Inner Ring
2025-11-27,XPC7+72|XM33+J3,weekday_morning,17.38,4,6,13,1.08,Old Airport Road
2025-11-27,XJPW+92|WJP4+FF,weekday_morning,16.98,4,7,13,0.0,East Inner Ring
2025-11-27,XG48+2W|VHWC+C3,weekday_morning,16.8,4,8,13,-1.08,South Outer Ring
2025-11-27,XHJ7+MG|WJM6+VC,weekday_morning,15.81,4,9,13,-2.17,Central Diagonal 1
2025-11-27,2HVW+G8|XJXR+WG,weekday_morning,15.53,4,10,13,-3.25,North Outer Ring
2025-11-27,WGG8+G5|XH7P+G6,weekday_morning,15.42,4,11,13,-4.33,Mysore Road
2025-11-27,WHR9+R6|XJGF+6J,weekday_morning,15.22,4,12,13,-5.42,Central Diagonal 2
2025-11-27,XMW9+G8|WMJR+V4,weekday_morning,13.75,4,13,13,-6.5,East Outer Ring
2025-11-28,XJG4+7J|5PX4+HQ,weekday_morning,39.67,4,1,13,6.5,Airport Expy
2025-11-28,VJRQ+2M|RMJJ+F4,weekday_morning,27.44,4,2,13,5.42,Hosur Road
2025-11-28,WH5F+26|WJ8X+F5W,weekday_morning,21.94,4,3,13,4.33,Double Decker Flyover
2025-11-28,WP44+W8|WJFH+XQ,weekday_morning,21.46,4,4,13,3.25,Sarjapur Road
2025-11-28,XMW9+G8|WMJR+V4,weekday_morning,20.1,4,5,13,2.17,East Outer Ring
2025-11-28,XPC7+72|XM33+J3,weekday_morning,18.7,4,6,13,1.08,Old Airport Road
2025-11-28,XJPW+92|WJP4+FF,weekday_morning,18.58,4,7,13,0.0,East Inner Ring
2025-11-28,2HVW+G8|XJXR+WG,weekday_morning,17.71,4,8,13,-1.08,North Outer Ring
2025-11-28,2HM2+P8|XJV5+RG,weekday_morning,17.51,4,9,13,-2.17,North Inner Ring
2025-11-28,XG48+2W|VHWC+C3,weekday_morning,17.35,4,10,13,-3.25,South Outer Ring
2025-11-28,XHJ7+MG|WJM6+VC,weekday_morning,17.28,4,11,13,-4.33,Central Diagonal 1
2025-11-28,WHR9+R6|XJGF+6J,weekday_morning,15.9,4,12,13,-5.42,Central Diagonal 2
2025-11-28,WGG8+G5|XH7P+G6,weekday_morning,15.24,4,13,13,-6.5,Mysore Road
2025-12-01,XJG4+7J|5PX4+HQ,weekday_morning,40.76,4,1,13,6.5,Airport Expy
2025-12-01,VJRQ+2M|RMJJ+F4,weekday_morning,27.44,4,2,13,5.42,Hosur Road
2025-12-01,WH5F+26|WJ8X+F5W,weekday_morning,22.76,4,3,13,4.33,Double Decker Flyover
2025-12-01,2HM2+P8|XJV5+RG,weekday_morning,19.12,4,4,13,3.25,North Inner Ring
2025-12-01,WP44+W8|WJFH+XQ,weekday_morning,18.94,4,5,13,2.17,Sarjapur Road
2025-12-01,WGG8+G5|XH7P+G6,weekday_morning,18.64,4,6,13,1.08,Mysore Road
2025-12-01,XHJ7+MG|WJM6+VC,weekday_morning,17.79,4,7,13,0.0,Central Diagonal 1
2025-12-01,XG48+2W|VHWC+C3,weekday_morning,17.74,4,8,13,-1.08,South Outer Ring
2025-12-01,XJPW+92|WJP4+FF,weekday_morning,17.68,4,9,13,-2.17,East Inner Ring
2025-12-01,XMW9+G8|WMJR+V4,weekday_morning,17.44,4,10,13,-3.25,East Outer Ring
2025-12-01,WHR9+R6|XJGF+6J,weekday_morning,16.77,4,11,13,-4.33,Central Diagonal 2
2025-12-01,2HVW+G8|XJXR+WG,weekday_morning,16.51,4,12,13,-5.42,North Outer Ring
2025-12-01,XPC7+72|XM33+J3,weekday_morning,15.92,4,13,13,-6.5,Old Airport Road
2025-12-02,XJG4+7J|5PX4+HQ,weekday_morning,39.67,3,1,13,6.5,Airport Expy
2025-12-02,VJRQ+2M|RMJJ+F4,weekday_morning,27.28,3,2,13,5.42,Hosur Road
2025-12-02,WH5F+26|WJ8X+F5W,weekday_morning,21.66,3,3,13,4.33,Double Decker Flyover
2025-12-02,WP44+W8|WJFH+XQ,weekday_morning,19.98,3,4,13,3.25,Sarjapur Road
2025-12-02,2HM2+P8|XJV5+RG,weekday_morning,19.06,3,5,13,2.17,North Inner Ring
2025-12-02,XG48+2W|VHWC+C3,weekday_morning,17.72,3,6,13,1.08,South Outer Ring
2025-12-02,XHJ7+MG|WJM6+VC,weekday_morning,17.1,3,7,13,0.0,Central Diagonal 1
2025-12-02,2HVW+G8|XJXR+WG,weekday_morning,16.3,3,8,13,-1.08,North Outer Ring
2025-12-02,WGG8+G5|XH7P+G6,weekday_morning,16.25,3,9,13,-2.17,Mysore Road
2025-12-02,XPC7+72|XM33+J3,weekday_morning,16.22,3,10,13,-3.25,Old Airport Road
2025-12-02,WHR9+R6|XJGF+6J,weekday_morning,15.3,3,11,13,-4.33,Central Diagonal 2
2025-12-02,XJPW+92|WJP4+FF,weekday_morning,15.3,3,12,13,-5.42,East Inner Ring
2025-12-02,XMW9+G8|WMJR+V4,weekday_morning,14.67,3,13,13,-6.5,East Outer Ring
2025-12-03,XJG4+7J|5PX4+HQ,weekday_morning,38.5,3,1,13,6.5,Airport Expy
2025-12-03,VJRQ+2M|RMJJ+F4,weekday_morning,27.24,3,2,13,5.42,Hosur Road
2025-12-03,WH5F+26|WJ8X+F5W,weekday_morning,20.59,3,3,13,4.33,Double Decker Flyover
2025-12-03,2HM2+P8|XJV5+RG,weekday_morning,18.36,3,4,13,3.25,North Inner Ring
2025-12-03,XG48+2W|VHWC+C3,weekday_morning,17.84,3,5,13,2.17,South Outer Ring
2025-12-03,XHJ7+MG|WJM6+VC,weekday_morning,17.43,3,6,13,1.08,Central Diagonal 1
2025-12-03,WP44+W8|WJFH+XQ,weekday_morning,16.72,3,7,13,0.0,Sarjapur Road
2025-12-03,WGG8+G5|XH7P+G6,weekday_morning,16.65,3,8,13,-1.08,Mysore Road
2025-12-03,2HVW+G8|XJXR+WG,weekday_morning,16.64,3,9,13,-2.17,North Outer Ring
2025-12-03,XJPW+92|WJP4+FF,weekday_morning,16.14,3,10,13,-3.25,East Inner Ring
2025-12-03,WHR9+R6|XJGF+6J,weekday_morning,15.08,3,11,13,-4.33,Central Diagonal 2
2025-12-03,XPC7+72|XM33+J3,weekday_morning,13.84,3,12,13,-5.42,Old Airport Road
2025-12-03,XMW9+G8|WMJR+V4,weekday_morning,12.44,3,13,13,-6.5,East Outer Ring
2025-12-04,XJG4+7J|5PX4+HQ,weekday_morning,39.43,3,1,13,6.5,Airport Expy
2025-12-04,VJRQ+2M|RMJJ+F4,weekday_morning,26.7,3,2,13,5.42,Hosur Road
2025-12-04,WH5F+26|WJ8X+F5W,weekday_morning,19.65,3,3,13,4.33,Double Decker Flyover
2025-12-04,WP44+W8|WJFH+XQ,weekday_morning,19.3,3,4,13,3.25,Sarjapur Road
2025-12-04,2HM2+P8|XJV5+RG,weekday_morning,18.58,3,5,13,2.17,North Inner Ring
2025-12-04,XG48+2W|VHWC+C3,weekday_morning,17.66,3,6,13,1.08,South Outer Ring
2025-12-04,XHJ7+MG|WJM6+VC,weekday_morning,17.52,3,7,13,0.0,Central Diagonal 1
2025-12-04,2HVW+G8|XJXR+WG,weekday_morning,17.51,3,8,13,-1.08,North Outer Ring
2025-12-04,WGG8+G5|XH7P+G6,weekday_morning,16.72,3,9,13,-2.17,Mysore Road
2025-12-04,XPC7+72|XM33+J3,weekday_morning,16.19,3,10,13,-3.25,Old Airport Road
2025-12-04,XJPW+92|WJP4+FF,weekday_morning,15.52,3,11,13,-4.33,East Inner Ring
2025-12-04,WHR9+R6|XJGF+6J,weekday_morning,15.5,3,12,13,-5.42,Central Diagonal 2
2025-12-04,XMW9+G8|WMJR+V4,weekday_morning,13.96,3,13,13,-6.5,East Outer Ring
2025-12-05,XJG4+7J|5PX4+HQ,weekday_morning,38.63,3,1,13,6.5,Airport Expy
2025-12-05,VJRQ+2M|RMJJ+F4,weekday_morning,27.56,3,2,13,5.42,Hosur Road
2025-12-05,WH5F+26|WJ8X+F5W,weekday_morning,22.34,3,3,13,4.33,Double Decker Flyover
2025-12-05,WP44+W8|WJFH+XQ,weekday_morning,19.32,3,4,13,3.25,Sarjapur Road
2025-12-05,2HM2+P8|XJV5+RG,weekday_morning,19.1,3,5,13,2.17,North Inner Ring
2025-12-05,XMW9+G8|WMJR+V4,weekday_morning,18.22,3,6,13,1.08,East Outer Ring
2025-12-05,XJPW+92|WJP4+FF,weekday_morning,17.97,3,7,13,0.0,East Inner Ring
2025-12-05,XHJ7+MG|WJM6+VC,weekday_morning,17.89,3,8,13,-1.08,Central Diagonal 1
2025-12-05,2HVW+G8|XJXR+WG,weekday_morning,17.46,3,9,13,-2.17,North Outer Ring
2025-12-05,XPC7+72|XM33+J3,weekday_morning,17.35,3,10,13,-3.25,Old Airport Road
2025-12-05,XG48+2W|VHWC+C3,weekday_morning,17.33,3,11,13,-4.33,South Outer Ring
2025-12-05,WGG8+G5|XH7P+G6,weekday_morning,17.19,3,12,13,-5.42,Mysore Road
2025-12-05,WHR9+R6|XJGF+6J,weekday_morning,16.07,3,13,13,-6.5,Central Diagonal 2
2025-12-08,XJG4+7J|5PX4+HQ,weekday_morning,40.69,3,1,13,6.5,Airport Expy
2025-12-08,VJRQ+2M|RMJJ+F4,weekday_morning,26.04,3,2,13,5.42,Hosur Road
2025-12-08,WH5F+26|WJ8X+F5W,weekday_morning,21.24,3,3,13,4.33,Double Decker Flyover
2025-12-08,WP44+W8|WJFH+XQ,weekday_morning,19.92,3,4,13,3.25,Sarjapur Road
2025-12-08,XPC7+72|XM33+J3,weekday_morning,19.03,3,5,13,2.17,Old Airport Road
2025-12-08,2HM2+P8|XJV5+RG,weekday_morning,18.39,3,6,13,1.08,North Inner Ring
2025-12-08,XHJ7+MG|WJM6+VC,weekday_morning,18.07,3,7,13,0.0,Central Diagonal 1
2025-12-08,XG48+2W|VHWC+C3,weekday_morning,18.0,3,8,13,-1.08,South Outer Ring
2025-12-08,XMW9+G8|WMJR+V4,weekday_morning,17.2,3,9,13,-2.17,East Outer Ring
2025-12-08,WGG8+G5|XH7P+G6,weekday_morning,16.87,3,10,13,-3.25,Mysore Road
2025-12-08,XJPW+92|WJP4+FF,weekday_morning,16.48,3,11,13,-4.33,East Inner Ring
2025-12-08,2HVW+G8|XJXR+WG,weekday_morning,15.97,3,12,13,-5.42,North Outer Ring
2025-12-08,WHR9+R6|XJGF+6J,weekday_morning,15.8,3,13,13,-6.5,Central Diagonal 2
2025-12-09,XJG4+7J|5PX4+HQ,weekday_morning,40.44,3,1,13,6.5,Airport Expy
2025-12-09,VJRQ+2M|RMJJ+F4,weekday_morning,26.99,3,2,13,5.42,Hosur Road
2025-12-09,WH5F+26|WJ8X+F5W,weekday_morning,20.44,3,3,13,4.33,Double Decker Flyover
2025-12-09,2HM2+P8|XJV5+RG,weekday_morning,18.2,3,4,13,3.25,North Inner Ring
2025-12-09,WP44+W8|WJFH+XQ,weekday_morning,17.96,3,5,13,2.17,Sarjapur Road
2025-12-09,XG48+2W|VHWC+C3,weekday_morning,17.26,3,6,13,1.08,South Outer Ring
2025-12-09,XJPW+92|WJP4+FF,weekday_morning,16.55,3,7,13,0.0,East Inner Ring
2025-12-09,XPC7+72|XM33+J3,weekday_morning,16.23,3,8,13,-1.08,Old Airport Road
2025-12-09,WGG8+G5|XH7P+G6,weekday_morning,16.16,3,9,13,-2.17,Mysore Road
2025-12-09,XHJ7+MG|WJM6+VC,weekday_morning,15.96,3,10,13,-3.25,Central Diagonal 1
2025-12-09,2HVW+G8|XJXR+WG,weekday_morning,15.92,3,11,13,-4.33,North Outer Ring
2025-12-09,WHR9+R6|XJGF+6J,weekday_morning,15.12,3,12,13,-5.42,Central Diagonal 2
2025-12-09,XMW9+G8|WMJR+V4,weekday_morning,11.84,3,13,13,-6.5,East Outer Ring
2025-12-10,XJG4+7J|5PX4+HQ,weekday_morning,37.48,3,1,13,6.5,Airport Expy
2025-12-10,VJRQ+2M|RMJJ+F4,weekday_morning,25.36,3,2,13,5.42,Hosur Road
2025-12-10,WH5F+26|WJ8X+F5W,weekday_morning,21.16,3,3,13,4.33,Double Decker Flyover
2025-12-10,WP44+W8|WJFH+XQ,weekday_morning,18.6,3,4,13,3.25,Sarjapur Road
2025-12-10,2HM2+P8|XJV5+RG,weekday_morning,18.36,3,5,13,2.17,North Inner Ring
2025-12-10,XG48+2W|VHWC+C3,weekday_morning,17.38,3,6,13,1.08,South Outer Ring
2025-12-10,XHJ7+MG|WJM6+VC,weekday_morning,16.63,3,7,13,0.0,Central Diagonal 1
2025-12-10,WGG8+G5|XH7P+G6,weekday_morning,16.45,3,8,13,-1.08,Mysore Road
2025-12-10,XPC7+72|XM33+J3,weekday_morning,16.18,3,9,13,-2.17,Old Airport Road
2025-12-10,XJPW+92|WJP4+FF,weekday_morning,14.88,3,10,13,-3.25,East Inner Ring
2025-12-10,WHR9+R6|XJGF+6J,weekday_morning,14.75,3,11,13,-4.33,Central Diagonal 2
2025-12-10,2HVW+G8|XJXR+WG,weekday_morning,13.05,3,12,13,-5.42,North Outer Ring
2025-12-10,XMW9+G8|WMJR+V4,weekday_morning,12.88,3,13,13,-6.5,East Outer Ring
2025-12-11,XJG4+7J|5PX4+HQ,weekday_morning,38.59,3,1,13,6.5,Airport Expy
2025-12-11,VJRQ+2M|RMJJ+F4,weekday_morning,25.33,3,2,13,5.42,Hosur Road
2025-12-11,WH5F+26|WJ8X+F5W,weekday_morning,22.0,3,3,13,4.33,Double Decker Flyover
2025-12-11,XG48+2W|VHWC+C3,weekday_morning,17.06,3,4,13,3.25,South Outer Ring
2025-12-11,2HM2+P8|XJV5+RG,weekday_morning,16.72,3,5,13,2.17,North Inner Ring
2025-12-11,WGG8+G5|XH7P+G6,weekday_morning,16.61,3,6,13,1.08,Mysore Road
2025-12-11,XJPW+92|WJP4+FF,weekday_morning,16.54,3,7,13,0.0,East Inner Ring
2025-12-11,XPC7+72|XM33+J3,weekday_morning,16.38,3,8,13,-1.08,Old Airport Road
2025-12-11,XHJ7+MG|WJM6+VC,weekday_morning,15.85,3,9,13,-2.17,Central Diagonal 1
2025-12-11,XMW9+G8|WMJR+V4,weekday_morning,15.14,3,10,13,-3.25,East Outer Ring
2025-12-11,WP44+W8|WJFH+XQ,weekday_morning,15.08,3,11,13,-4.33,Sarjapur Road
2025-12-11,WHR9+R6|XJGF+6J,weekday_morning,14.91,3,12,13,-5.42,Central Diagonal 2
2025-12-11,2HVW+G8|XJXR+WG,weekday_morning,14.24,3,13,13,-6.5,North Outer Ring
2025-12-12,XJG4+7J|5PX4+HQ,weekday_morning,35.68,3,1,13,6.5,Airport Expy
2025-12-12,VJRQ+2M|RMJJ+F4,weekday_morning,25.0,3,2,13,5.42,Hosur Road
2025-12-12,WH5F+26|WJ8X+F5W,weekday_morning,21.27,3,3,13,4.33,Double Decker Flyover
2025-12-12,XPC7+72|XM33+J3,weekday_morning,20.46,3,4,13,3.25,Old Airport Road
2025-12-12,2HM2+P8|XJV5+RG,weekday_morning,19.01,3,5,13,2.17,North Inner Ring
2025-12-12,WP44+W8|WJFH+XQ,weekday_morning,18.82,3,6,13,1.08,Sarjapur Road
2025-12-12,WGG8+G5|XH7P+G6,weekday_morning,17.78,3,7,13,0.0,Mysore Road
2025-12-12,XJPW+92|WJP4+FF,weekday_morning,17.67,3,8,13,-1.08,East Inner Ring
2025-12-12,XMW9+G8|WMJR+V4,weekday_morning,17.43,3,9,13,-2.17,East Outer Ring
2025-12-12,XHJ7+MG|WJM6+VC,weekday_morning,17.15,3,10,13,-3.25,Central Diagonal 1
2025-12-12,XG48+2W|VHWC+C3,weekday_morning,16.9,3,11,13,-4.33,South Outer Ring
2025-12-12,2HVW+G8|XJXR+WG,weekday_morning,15.9,3,12,13,-5.42,North Outer Ring
2025-12-12,WHR9+R6|XJGF+6J,weekday_morning,15.01,3,13,13,-6.5,Central Diagonal 2
2025-12-15,XJG4+7J|5PX4+HQ,weekday_morning,38.78,4,1,13,6.5,Airport Expy
2025-12-15,VJRQ+2M|RMJJ+F4,weekday_morning,26.05,4,2,13,5.42,Hosur Road
2025-12-15,WH5F+26|WJ8X+F5W,weekday_morning,22.7,4,3,13,4.33,Double Decker Flyover
2025-12-15,WP44+W8|WJFH+XQ,weekday_morning,19.43,4,4,13,3.25,Sarjapur Road
2025-12-15,2HM2+P8|XJV5+RG,weekday_morning,19.25,4,5,13,2.17,North Inner Ring
2025-12-15,WGG8+G5|XH7P+G6,weekday_morning,19.15,4,6,13,1.08,Mysore Road
2025-12-15,XG48+2W|VHWC+C3,weekday_morning,18.36,4,7,13,0.0,South Outer Ring
2025-12-15,XHJ7+MG|WJM6+VC,weekday_morning,17.9,4,8,13,-1.08,Central Diagonal 1
2025-12-15,XJPW+92|WJP4+FF,weekday_morning,17.87,4,9,13,-2.17,East Inner Ring
2025-12-15,XPC7+72|XM33+J3,weekday_morning,16.3,4,10,13,-3.25,Old Airport Road
2025-12-15,WHR9+R6|XJGF+6J,weekday_morning,16.18,4,11,13,-4.33,Central Diagonal 2
2025-12-15,XMW9+G8|WMJR+V4,weekday_morning,16.17,4,12,13,-5.42,East Outer Ring
2025-12-15,2HVW+G8|XJXR+WG,weekday_morning,16.14,4,13,13,-6.5,North Outer Ring
2025-12-16,XJG4+7J|5PX4+HQ,weekday_morning,38.0,4,1,13,6.5,Airport Expy
2025-12-16,VJRQ+2M|RMJJ+F4,weekday_morning,25.24,4,2,13,5.42,Hosur Road
2025-12-16,WH5F+26|WJ8X+F5W,weekday_morning,22.29,4,3,13,4.33,Double Decker Flyover
2025-12-16,2HM2+P8|XJV5+RG,weekday_morning,19.9,4,4,13,3.25,North Inner Ring
2025-12-16,WGG8+G5|XH7P+G6,weekday_morning,19.05,4,5,13,2.17,Mysore Road
2025-12-16,XHJ7+MG|WJM6+VC,weekday_morning,17.76,4,6,13,1.08,Central Diagonal 1
2025-12-16,XPC7+72|XM33+J3,weekday_morning,17.55,4,7,13,0.0,Old Airport Road
2025-12-16,XG48+2W|VHWC+C3,weekday_morning,17.51,4,8,13,-1.08,South Outer Ring
2025-12-16,XJPW+92|WJP4+FF,weekday_morning,17.17,4,9,13,-2.17,East Inner Ring
2025-12-16,2HVW+G8|XJXR+WG,weekday_morning,16.85,4,10,13,-3.25,North Outer Ring
2025-12-16,WP44+W8|WJFH+XQ,weekday_morning,15.9,4,11,13,-4.33,Sarjapur Road
2025-12-16,XMW9+G8|WMJR+V4,weekday_morning,15.43,4,12,13,-5.42,East Outer Ring
2025-12-16,WHR9+R6|XJGF+6J,weekday_morning,15.38,4,13,13,-6.5,Central Diagonal 2
2025-12-17,XJG4+7J|5PX4+HQ,weekday_morning,36.36,3,1,13,6.5,Airport Expy
2025-12-17,VJRQ+2M|RMJJ+F4,weekday_morning,26.43,3,2,13,5.42,Hosur Road
2025-12-17,WH5F+26|WJ8X+F5W,weekday_morning,20.7,3,3,13,4.33,Double Decker Flyover
2025-12-17,WP44+W8|WJFH+XQ,weekday_morning,17.81,3,4,13,3.25,Sarjapur Road
2025-12-17,WGG8+G5|XH7P+G6,weekday_morning,17.4,3,5,13,2.17,Mysore Road
2025-12-17,XG48+2W|VHWC+C3,weekday_morning,17.35,3,6,13,1.08,South Outer Ring
2025-12-17,2HM2+P8|XJV5+RG,weekday_morning,17.05,3,7,13,0.0,North Inner Ring
2025-12-17,XJPW+92|WJP4+FF,weekday_morning,16.73,3,8,13,-1.08,East Inner Ring
2025-12-17,XPC7+72|XM33+J3,weekday_morning,16.19,3,9,13,-2.17,Old Airport Road
2025-12-17,XHJ7+MG|WJM6+VC,weekday_morning,15.36,3,10,13,-3.25,Central Diagonal 1
2025-12-17,WHR9+R6|XJGF+6J,weekday_morning,15.26,3,11,13,-4.33,Central Diagonal 2
2025-12-17,2HVW+G8|XJXR+WG,weekday_morning,15.25,3,12,13,-5.42,North Outer Ring
2025-12-17,XMW9+G8|WMJR+V4,weekday_morning,14.65,3,13,13,-6.5,East Outer Ring
2025-12-18,XJG4+7J|5PX4+HQ,weekday_morning,35.71,3,1,13,6.5,Airport Expy
2025-12-18,VJRQ+2M|RMJJ+F4,weekday_morning,26.78,3,2,13,5.42,Hosur Road
2025-12-18,WH5F+26|WJ8X+F5W,weekday_morning,19.92,3,3,13,4.33,Double Decker Flyover
2025-12-18,2HM2+P8|XJV5+RG,weekday_morning,18.94,3,4,13,3.25,North Inner Ring
2025-12-18,XMW9+G8|WMJR+V4,weekday_morning,18.86,3,5,13,2.17,East Outer Ring
2025-12-18,XPC7+72|XM33+J3,weekday_morning,18.36,3,6,13,1.08,Old Airport Road
2025-12-18,WP44+W8|WJFH+XQ,weekday_morning,18.21,3,7,13,0.0,Sarjapur Road
2025-12-18,XG48+2W|VHWC+C3,weekday_morning,16.75,3,8,13,-1.08,South Outer Ring
2025-12-18,XHJ7+MG|WJM6+VC,weekday_morning,16.49,3,9,13,-2.17,Central Diagonal 1
2025-12-18,WGG8+G5|XH7P+G6,weekday_morning,15.91,3,10,13,-3.25,Mysore Road
2025-12-18,XJPW+92|WJP4+FF,weekday_morning,15.65,3,11,13,-4.33,East Inner Ring
2025-12-18,2HVW+G8|XJXR+WG,weekday_morning,14.8,3,12,13,-5.42,North Outer Ring
2025-12-18,WHR9+R6|XJGF+6J,weekday_morning,14.66,3,13,13,-6.5,Central Diagonal 2
2025-12-19,XJG4+7J|5PX4+HQ,weekday_morning,37.03,3,1,13,6.5,Airport Expy
2025-12-19,VJRQ+2M|RMJJ+F4,weekday_morning,26.75,3,2,13,5.42,Hosur Road
2025-12-19,XMW9+G8|WMJR+V4,weekday_morning,24.67,3,3,13,4.33,East Outer Ring
2025-12-19,WH5F+26|WJ8X+F5W,weekday_morning,21.28,3,4,13,3.25,Double Decker Flyover
2025-12-19,WP44+W8|WJFH+XQ,weekday_morning,21.13,3,5,13,2.17,Sarjapur Road
2025-12-19,XPC7+72|XM33+J3,weekday_morning,19.74,3,6,13,1.08,Old Airport Road
2025-12-19,2HM2+P8|XJV5+RG,weekday_morning,18.89,3,7,13,0.0,North Inner Ring
2025-12-19,2HVW+G8|XJXR+WG,weekday_morning,18.86,3,8,13,-1.08,North Outer Ring
2025-12-19,WGG8+G5|XH7P+G6,weekday_morning,18.19,3,9,13,-2.17,Mysore Road
2025-12-19,XJPW+92|WJP4+FF,weekday_morning,17.76,3,10,13,-3.25,East Inner Ring
2025-12-19,XHJ7+MG|WJM6+VC,weekday_morning,17.3,3,11,13,-4.33,Central Diagonal 1
2025-12-19,XG48+2W|VHWC+C3,weekday_morning,16.91,3,12,13,-5.42,South Outer Ring
2025-12-19,WHR9+R6|XJGF+6J,weekday_morning,14.42,3,13,13,-6.5,Central Diagonal 2
2025-12-22,XJG4+7J|5PX4+HQ,weekday_morning,40.22,4,1,13,6.5,Airport Expy
2025-12-22,VJRQ+2M|RMJJ+F4,weekday_morning,28.13,4,2,13,5.42,Hosur Road
2025-12-22,XMW9+G8|WMJR+V4,weekday_morning,23.49,4,3,13,4.33,East Outer Ring
2025-12-22,WH5F+26|WJ8X+F5W,weekday_morning,23.22,4,4,13,3.25,Double Decker Flyover
2025-12-22,XPC7+72|XM33+J3,weekday_morning,22.49,4,5,13,2.17,Old Airport Road
2025-12-22,WP44+W8|WJFH+XQ,weekday_morning,22.26,4,6,13,1.08,Sarjapur Road
2025-12-22,WGG8+G5|XH7P+G6,weekday_morning,20.57,4,7,13,0.0,Mysore Road
2025-12-22,2HM2+P8|XJV5+RG,weekday_morning,19.93,4,8,13,-1.08,North Inner Ring
2025-12-22,2HVW+G8|XJXR+WG,weekday_morning,19.09,4,9,13,-2.17,North Outer Ring
2025-12-22,XJPW+92|WJP4+FF,weekday_morning,19.01,4,10,13,-3.25,East Inner Ring
2025-12-22,XG48+2W|VHWC+C3,weekday_morning,18.23,4,11,13,-4.33,South Outer Ring
2025-12-22,WHR9+R6|XJGF+6J,weekday_morning,17.92,4,12,13,-5.42,Central Diagonal 2
2025-12-22,XHJ7+MG|WJM6+VC,weekday_morning,17.85,4,13,13,-6.5,Central Diagonal 1
2025-12-23,XJG4+7J|5PX4+HQ,weekday_morning,40.35,4,1,13,6.5,Airport Expy
2025-12-23,VJRQ+2M|RMJJ+F4,weekday_morning,28.73,4,2,13,5.42,Hosur Road
2025-12-23,XMW9+G8|WMJR+V4,weekday_morning,25.06,4,3,13,4.33,East Outer Ring
2025-12-23,WH5F+26|WJ8X+F5W,weekday_morning,23.19,4,4,13,3.25,Double Decker Flyover
2025-12-23,WP44+W8|WJFH+XQ,weekday_morning,21.73,4,5,13,2.17,Sarjapur Road
2025-12-23,2HM2+P8|XJV5+RG,weekday_morning,20.92,4,6,13,1.08,North Inner Ring
2025-12-23,WGG8+G5|XH7P+G6,weekday_morning,20.83,4,7,13,0.0,Mysore Road
2025-12-23,XJPW+92|WJP4+FF,weekday_morning,19.49,4,8,13,-1.08,East Inner Ring
2025-12-23,XPC7+72|XM33+J3,weekday_morning,19.16,4,9,13,-2.17,Old Airport Road
2025-12-23,2HVW+G8|XJXR+WG,weekday_morning,18.82,4,10,13,-3.25,North Outer Ring
2025-12-23,XHJ7+MG|WJM6+VC,weekday_morning,18.43,4,11,13,-4.33,Central Diagonal 1
2025-12-23,XG48+2W|VHWC+C3,weekday_morning,18.02,4,12,13,-5.42,South Outer Ring
2025-12-23,WHR9+R6|XJGF+6J,weekday_morning,17.63,4,13,13,-6.5,Central Diagonal 2
2025-12-24,XJG4+7J|5PX4+HQ,weekday_morning,38.47,3,1,13,6.5,Airport Expy
2025-12-24,XMW9+G8|WMJR+V4,weekday_morning,27.31,3,2,13,5.42,East Outer Ring
2025-12-24,VJRQ+2M|RMJJ+F4,weekday_morning,26.82,3,3,13,4.33,Hosur Road
2025-12-24,WH5F+26|WJ8X+F5W,weekday_morning,24.27,3,4,13,3.25,Double Decker Flyover
2025-12-24,WP44+W8|WJFH+XQ,weekday_morning,23.42,3,5,13,2.17,Sarjapur Road
2025-12-24,XPC7+72|XM33+J3,weekday_morning,19.7,3,6,13,1.08,Old Airport Road
2025-12-24,2HM2+P8|XJV5+RG,weekday_morning,19.56,3,7,13,0.0,North Inner Ring
2025-12-24,2HVW+G8|XJXR+WG,weekday_morning,19.22,3,8,13,-1.08,North Outer Ring
2025-12-24,XJPW+92|WJP4+FF,weekday_morning,18.73,3,9,13,-2.17,East Inner Ring
2025-12-24,WGG8+G5|XH7P+G6,weekday_morning,18.72,3,10,13,-3.25,Mysore Road
2025-12-24,XG48+2W|VHWC+C3,weekday_morning,17.19,3,11,13,-4.33,South Outer Ring
2025-12-24,XHJ7+MG|WJM6+VC,weekday_morning,17.08,3,12,13,-5.42,Central Diagonal 1
2025-12-24,WHR9+R6|XJGF+6J,weekday_morning,16.72,3,13,13,-6.5,Central Diagonal 2
2025-12-25,XJG4+7J|5PX4+HQ,weekday_morning,42.03,4,1,13,6.5,Airport Expy
2025-12-25,XMW9+G8|WMJR+V4,weekday_morning,38.75,4,2,13,5.42,East Outer Ring
2025-12-25,VJRQ+2M|RMJJ+F4,weekday_morning,33.82,4,3,13,4.33,Hosur Road
2025-12-25,XPC7+72|XM33+J3,weekday_morning,28.38,4,4,13,3.25,Old Airport Road
2025-12-25,WH5F+26|WJ8X+F5W,weekday_morning,27.86,4,5,13,2.17,Double Decker Flyover
2025-12-25,WP44+W8|WJFH+XQ,weekday_morning,27.61,4,6,13,1.08,Sarjapur Road
2025-12-25,2HVW+G8|XJXR+WG,weekday_morning,25.73,4,7,13,0.0,North Outer Ring
2025-12-25,WGG8+G5|XH7P+G6,weekday_morning,23.89,4,8,13,-1.08,Mysore Road
2025-12-25,XJPW+92|WJP4+FF,weekday_morning,23.82,4,9,13,-2.17,East Inner Ring
2025-12-25,2HM2+P8|XJV5+RG,weekday_morning,23.68,4,10,13,-3.25,North Inner Ring
2025-12-25,XHJ7+MG|WJM6+VC,weekday_morning,23.01,4,11,13,-4.33,Central Diagonal 1
2025-12-25,WHR9+R6|XJGF+6J,weekday_morning,21.55,4,12,13,-5.42,Central Diagonal 2
2025-12-25,XG48+2W|VHWC+C3,weekday_morning,19.14,4,13,13,-6.5,South Outer Ring
2025-12-26,XJG4+7J|5PX4+HQ,weekday_morning,40.27,4,1,13,6.5,Airport Expy
2025-12-26,XMW9+G8|WMJR+V4,weekday_morning,31.76,4,2,13,5.42,East Outer Ring
2025-12-26,VJRQ+2M|RMJJ+F4,weekday_morning,30.46,4,3,13,4.33,Hosur Road
2025-12-26,WH5F+26|WJ8X+F5W,weekday_morning,26.91,4,4,13,3.25,Double Decker Flyover
2025-12-26,WP44+W8|WJFH+XQ,weekday_morning,25.59,4,5,13,2.17,Sarjapur Road
2025-12-26,XPC7+72|XM33+J3,weekday_morning,24.56,4,6,13,1.08,Old Airport Road
2025-12-26,2HVW+G8|XJXR+WG,weekday_morning,24.41,4,7,13,0.0,North Outer Ring
2025-12-26,WGG8+G5|XH7P+G6,weekday_morning,22.56,4,8,13,-1.08,Mysore Road
2025-12-26,XJPW+92|WJP4+FF,weekday_morning,21.72,4,9,13,-2.17,East Inner Ring
2025-12-26,2HM2+P8|XJV5+RG,weekday_morning,20.88,4,10,13,-3.25,North Inner Ring
2025-12-26,XHJ7+MG|WJM6+VC,weekday_morning,20.36,4,11,13,-4.33,Central Diagonal 1
2025-12-26,WHR9+R6|XJGF+6J,weekday_morning,18.66,4,12,13,-5.42,Central Diagonal 2
2025-12-26,XG48+2W|VHWC+C3,weekday_morning,18.59,4,13,13,-6.5,South Outer Ring
2025-12-29,XJG4+7J|5PX4+HQ,weekday_morning,41.57,4,1,13,6.5,Airport Expy
2025-12-29,XMW9+G8|WMJR+V4,weekday_morning,29.02,4,2,13,5.42,East Outer Ring
2025-12-29,VJRQ+2M|RMJJ+F4,weekday_morning,28.57,4,3,13,4.33,Hosur Road
2025-12-29,WH5F+26|WJ8X+F5W,weekday_morning,25.23,4,4,13,3.25,Double Decker Flyover
2025-12-29,WP44+W8|WJFH+XQ,weekday_morning,22.51,4,5,13,2.17,Sarjapur Road
2025-12-29,XPC7+72|XM33+J3,weekday_morning,22.14,4,6,13,1.08,Old Airport Road
2025-12-29,2HVW+G8|XJXR+WG,weekday_morning,21.6,4,7,13,0.0,North Outer Ring
2025-12-29,2HM2+P8|XJV5+RG,weekday_morning,21.17,4,8,13,-1.08,North Inner Ring
2025-12-29,XJPW+92|WJP4+FF,weekday_morning,20.29,4,9,13,-2.17,East Inner Ring
2025-12-29,WGG8+G5|XH7P+G6,weekday_morning,19.87,4,10,13,-3.25,Mysore Road
2025-12-29,WHR9+R6|XJGF+6J,weekday_morning,18.19,4,11,13,-4.33,Central Diagonal 2
2025-12-29,XHJ7+MG|WJM6+VC,weekday_morning,18.18,4,12,13,-5.42,Central Diagonal 1
2025-12-29,XG48+2W|VHWC+C3,weekday_morning,17.97,4,13,13,-6.5,South Outer Ring
2025-12-30,XJG4+7J|5PX4+HQ,weekday_morning,42.35,4,1,13,6.5,Airport Expy
2025-12-30,XMW9+G8|WMJR+V4,weekday_morning,28.34,4,2,13,5.42,East Outer Ring
2025-12-30,VJRQ+2M|RMJJ+F4,weekday_morning,28.08,4,3,13,4.33,Hosur Road
2025-12-30,WH5F+26|WJ8X+F5W,weekday_morning,25.43,4,4,13,3.25,Double Decker Flyover
2025-12-30,XPC7+72|XM33+J3,weekday_morning,24.1,4,5,13,2.17,Old Airport Road
2025-12-30,WP44+W8|WJFH+XQ,weekday_morning,22.72,4,6,13,1.08,Sarjapur Road
2025-12-30,2HVW+G8|XJXR+WG,weekday_morning,21.87,4,7,13,0.0,North Outer Ring
2025-12-30,WGG8+G5|XH7P+G6,weekday_morning,21.72,4,8,13,-1.08,Mysore Road
2025-12-30,2HM2+P8|XJV5+RG,weekday_morning,20.64,4,9,13,-2.17,North Inner Ring
2025-12-30,XJPW+92|WJP4+FF,weekday_morning,20.27,4,10,13,-3.25,East Inner Ring
2025-12-30,XHJ7+MG|WJM6+VC,weekday_morning,19.02,4,11,13,-4.33,Central Diagonal 1
2025-12-30,WHR9+R6|XJGF+6J,weekday_morning,18.09,4,12,13,-5.42,Central Diagonal 2
2025-12-30,XG48+2W|VHWC+C3,weekday_morning,17.21,4,13,13,-6.5,South Outer Ring
2025-12-31,XJG4+7J|5PX4+HQ,weekday_morning,42.63,4,1,13,6.5,Airport Expy
2025-12-31,VJRQ+2M|RMJJ+F4,weekday_morning,29.75,4,2,13,5.42,Hosur Road
2025-12-31,XMW9+G8|WMJR+V4,weekday_morning,29.06,4,3,13,4.33,East Outer Ring
2025-12-31,WP44+W8|WJFH+XQ,weekday_morning,25.55,4,4,13,3.25,Sarjapur Road
2025-12-31,WH5F+26|WJ8X+F5W,weekday_morning,24.72,4,5,13,2.17,Double Decker Flyover
2025-12-31,XPC7+72|XM33+J3,weekday_morning,23.87,4,6,13,1.08,Old Airport Road
2025-12-31,2HVW+G8|XJXR+WG,weekday_morning,23.51,4,7,13,0.0,North Outer Ring
2025-12-31,2HM2+P8|XJV5+RG,weekday_morning,22.5,4,8,13,-1.08,North Inner Ring
2025-12-31,WGG8+G5|XH7P+G6,weekday_morning,21.73,4,9,13,-2.17,Mysore Road
2025-12-31,XJPW+92|WJP4+FF,weekday_morning,20.81,4,10,13,-3.25,East Inner Ring
2025-12-31,XHJ7+MG|WJM6+VC,weekday_morning,19.71,4,11,13,-4.33,Central Diagonal 1
2025-12-31,WHR9+R6|XJGF+6J,weekday_morning,18.72,4,12,13,-5.42,Central Diagonal 2
2025-12-31,XG48+2W|VHWC+C3,weekday_morning,17.72,4,13,13,-6.5,South Outer Ring
2026-01-01,XJG4+7J|5PX4+HQ,weekday_morning,42.84,4,1,13,6.5,Airport Expy
2026-01-01,XMW9+G8|WMJR+V4,weekday_morning,38.2,4,2,13,5.42,East Outer Ring
2026-01-01,VJRQ+2M|RMJJ+F4,weekday_morning,30.83,4,3,13,4.33,Hosur Road
2026-01-01,WP44+W8|WJFH+XQ,weekday_morning,27.82,4,4,13,3.25,Sarjapur Road
2026-01-01,XPC7+72|XM33+J3,weekday_morning,27.01,4,5,13,2.17,Old Airport Road
2026-01-01,WH5F+26|WJ8X+F5W,weekday_morning,25.53,4,6,13,1.08,Double Decker Flyover
2026-01-01,2HVW+G8|XJXR+WG,weekday_morning,25.04,4,7,13,0.0,North Outer Ring
2026-01-01,WGG8+G5|XH7P+G6,weekday_morning,23.7,4,8,13,-1.08,Mysore Road
2026-01-01,2HM2+P8|XJV5+RG,weekday_morning,22.93,4,9,13,-2.17,North Inner Ring
2026-01-01,XJPW+92|WJP4+FF,weekday_morning,22.5,4,10,13,-3.25,East Inner Ring
2026-01-01,XHJ7+MG|WJM6+VC,weekday_morning,20.96,4,11,13,-4.33,Central Diagonal 1
2026-01-01,WHR9+R6|XJGF+6J,weekday_morning,19.13,4,12,13,-5.42,Central Diagonal 2
2026-01-01,XG48+2W|VHWC+C3,weekday_morning,17.83,4,13,13,-6.5,South Outer Ring
2026-01-02,XJG4+7J|5PX4+HQ,weekday_morning,41.75,4,1,13,6.5,Airport Expy
2026-01-02,XMW9+G8|WMJR+V4,weekday_morning,29.42,4,2,13,5.42,East Outer Ring
2026-01-02,VJRQ+2M|RMJJ+F4,weekday_morning,28.23,4,3,13,4.33,Hosur Road
2026-01-02,WH5F+26|WJ8X+F5W,weekday_morning,25.71,4,4,13,3.25,Double Decker Flyover
2026-01-02,XPC7+72|XM33+J3,weekday_morning,24.54,4,5,13,2.17,Old Airport Road
2026-01-02,WP44+W8|WJFH+XQ,weekday_morning,24.15,4,6,13,1.08,Sarjapur Road
2026-01-02,2HVW+G8|XJXR+WG,weekday_morning,22.6,4,7,13,0.0,North Outer Ring
2026-01-02,2HM2+P8|XJV5+RG,weekday_morning,21.21,4,8,13,-1.08,North Inner Ring
2026-01-02,WGG8+G5|XH7P+G6,weekday_morning,20.41,4,9,13,-2.17,Mysore Road
2026-01-02,XJPW+92|WJP4+FF,weekday_morning,20.0,4,10,13,-3.25,East Inner Ring
2026-01-02,XHJ7+MG|WJM6+VC,weekday_morning,19.68,4,11,13,-4.33,Central Diagonal 1
2026-01-02,WHR9+R6|XJGF+6J,weekday_morning,18.19,4,12,13,-5.42,Central Diagonal 2
2026-01-02,XG48+2W|VHWC+C3,weekday_morning,17.93,4,13,13,-6.5,South Outer Ring
2026-01-05,XJG4+7J|5PX4+HQ,weekday_morning,37.84,3,1,13,6.5,Airport Expy
2026-01-05,VJRQ+2M|RMJJ+F4,weekday_morning,26.95,3,2,13,5.42,Hosur Road
2026-01-05,WH5F+26|WJ8X+F5W,weekday_morning,19.1,3,3,13,4.33,Double Decker Flyover
2026-01-05,2HM2+P8|XJV5+RG,weekday_morning,18.97,3,4,13,3.25,North Inner Ring
2026-01-05,WGG8+G5|XH7P+G6,weekday_morning,18.32,3,5,13,2.17,Mysore Road
2026-01-05,XG48+2W|VHWC+C3,weekday_morning,17.17,3,6,13,1.08,South Outer Ring
2026-01-05,XPC7+72|XM33+J3,weekday_morning,16.28,3,7,13,0.0,Old Airport Road
2026-01-05,WHR9+R6|XJGF+6J,weekday_morning,16.24,3,8,13,-1.08,Central Diagonal 2
2026-01-05,WP44+W8|WJFH+XQ,weekday_morning,16.19,3,9,13,-2.17,Sarjapur Road
2026-01-05,XHJ7+MG|WJM6+VC,weekday_morning,16.11,3,10,13,-3.25,Central Diagonal 1
2026-01-05,XJPW+92|WJP4+FF,weekday_morning,15.97,3,11,13,-4.33,East Inner Ring
2026-01-05,2HVW+G8|XJXR+WG,weekday_morning,15.33,3,12,13,-5.42,North Outer Ring
2026-01-05,XMW9+G8|WMJR+V4,weekday_morning,13.83,3,13,13,-6.5,East Outer Ring
2026-01-06,XJG4+7J|5PX4+HQ,weekday_morning,37.68,4,1,13,6.5,Airport Expy
2026-01-06,VJRQ+2M|RMJJ+F4,weekday_morning,26.91,4,2,13,5.42,Hosur Road
2026-01-06,WH5F+26|WJ8X+F5W,weekday_morning,21.23,4,3,13,4.33,Double Decker Flyover
2026-01-06,2HM2+P8|XJV5+RG,weekday_morning,19.26,4,4,13,3.25,North Inner Ring
2026-01-06,WGG8+G5|XH7P+G6,weekday_morning,18.46,4,5,13,2.17,Mysore Road
2026-01-06,WP44+W8|WJFH+XQ,weekday_morning,17.66,4,6,13,1.08,Sarjapur Road
2026-01-06,XG48+2W|VHWC+C3,weekday_morning,17.3,4,7,13,0.0,South Outer Ring
2026-01-06,XHJ7+MG|WJM6+VC,weekday_morning,15.95,4,8,13,-1.08,Central Diagonal 1
2026-01-06,XJPW+92|WJP4+FF,weekday_morning,15.75,4,9,13,-2.17,East Inner Ring
2026-01-06,WHR9+R6|XJGF+6J,weekday_morning,15.21,4,10,13,-3.25,Central Diagonal 2
2026-01-06,XPC7+72|XM33+J3,weekday_morning,15.0,4,11,13,-4.33,Old Airport Road
2026-01-06,2HVW+G8|XJXR+WG,weekday_morning,14.87,4,12,13,-5.42,North Outer Ring
2026-01-06,XMW9+G8|WMJR+V4,weekday_morning,11.84,4,13,13,-6.5,East Outer Ring
2026-01-07,XJG4+7J|5PX4+HQ,weekday_morning,36.87,4,1,13,6.5,Airport Expy
2026-01-07,VJRQ+2M|RMJJ+F4,weekday_morning,26.61,4,2,13,5.42,Hosur Road
2026-01-07,2HM2+P8|XJV5+RG,weekday_morning,19.76,4,3,13,4.33,North Inner Ring
2026-01-07,WH5F+26|WJ8X+F5W,weekday_morning,18.79,4,4,13,3.25,Double Decker Flyover
2026-01-07,WGG8+G5|XH7P+G6,weekday_morning,18.16,4,5,13,2.17,Mysore Road
2026-01-07,XG48+2W|VHWC+C3,weekday_morning,17.22,4,6,13,1.08,South Outer Ring
2026-01-07,XHJ7+MG|WJM6+VC,weekday_morning,16.78,4,7,13,0.0,Central Diagonal 1
2026-01-07,XJPW+92|WJP4+FF,weekday_morning,16.35,4,8,13,-1.08,East Inner Ring
2026-01-07,WHR9+R6|XJGF+6J,weekday_morning,15.36,4,9,13,-2.17,Central Diagonal 2
2026-01-07,XPC7+72|XM33+J3,weekday_morning,15.25,4,10,13,-3.25,Old Airport Road
2026-01-07,WP44+W8|WJFH+XQ,weekday_morning,15.24,4,11,13,-4.33,Sarjapur Road
2026-01-07,2HVW+G8|XJXR+WG,weekday_morning,14.13,4,12,13,-5.42,North Outer Ring
2026-01-07,XMW9+G8|WMJR+V4,weekday_morning,13.09,4,13,13,-6.5,East Outer Ring
2026-01-08,XJG4+7J|5PX4+HQ,weekday_morning,37.96,4,1,13,6.5,Airport Expy
2026-01-08,VJRQ+2M|RMJJ+F4,weekday_morning,26.7,4,2,13,5.42,Hosur Road
2026-01-08,WH5F+26|WJ8X+F5W,weekday_morning,20.97,4,3,13,4.33,Double Decker Flyover
2026-01-08,2HM2+P8|XJV5+RG,weekday_morning,19.19,4,4,13,3.25,North Inner Ring
2026-01-08,WGG8+G5|XH7P+G6,weekday_morning,19.15,4,5,13,2.17,Mysore Road
2026-01-08,WP44+W8|WJFH+XQ,weekday_morning,17.33,4,6,13,1.08,Sarjapur Road
2026-01-08,XG48+2W|VHWC+C3,weekday_morning,17.31,4,7,13,0.0,South Outer Ring
2026-01-08,XHJ7+MG|WJM6+VC,weekday_morning,16.1,4,8,13,-1.08,Central Diagonal 1
2026-01-08,XJPW+92|WJP4+FF,weekday_morning,15.88,4,9,13,-2.17,East Inner Ring
2026-01-08,XPC7+72|XM33+J3,weekday_morning,15.65,4,10,13,-3.25,Old Airport Road
2026-01-08,WHR9+R6|XJGF+6J,weekday_morning,15.6,4,11,13,-4.33,Central Diagonal 2
2026-01-08,2HVW+G8|XJXR+WG,weekday_morning,14.8,4,12,13,-5.42,North Outer Ring
2026-01-08,XMW9+G8|WMJR+V4,weekday_morning,14.23,4,13,13,-6.5,East Outer Ring
2026-01-09,XJG4+7J|5PX4+HQ,weekday_morning,36.66,4,1,13,6.5,Airport Expy
2026-01-09,VJRQ+2M|RMJJ+F4,weekday_morning,25.29,4,2,13,5.42,Hosur Road
2026-01-09,WH5F+26|WJ8X+F5W,weekday_morning,22.83,4,3,13,4.33,Double Decker Flyover
2026-01-09,WP44+W8|WJFH+XQ,weekday_morning,19.91,4,4,13,3.25,Sarjapur Road
2026-01-09,XPC7+72|XM33+J3,weekday_morning,19.74,4,5,13,2.17,Old Airport Road
2026-01-09,2HM2+P8|XJV5+RG,weekday_morning,19.14,4,6,13,1.08,North Inner Ring
2026-01-09,XMW9+G8|WMJR+V4,weekday_morning,18.83,4,7,13,0.0,East Outer Ring
2026-01-09,XJPW+92|WJP4+FF,weekday_morning,18.08,4,8,13,-1.08,East Inner Ring
2026-01-09,WGG8+G5|XH7P+G6,weekday_morning,17.95,4,9,13,-2.17,Mysore Road
2026-01-09,XHJ7+MG|WJM6+VC,weekday_morning,17.58,4,10,13,-3.25,Central Diagonal 1
2026-01-09,WHR9+R6|XJGF+6J,weekday_morning,17.0,4,11,13,-4.33,Central Diagonal 2
2026-01-09,XG48+2W|VHWC+C3,weekday_morning,16.95,4,12,13,-5.42,South Outer Ring
2026-01-09,2HVW+G8|XJXR+WG,weekday_morning,15.22,4,13,13,-6.5,North Outer Ring
2026-01-12,XJG4+7J|5PX4+HQ,weekday_morning,37.41,4,1,13,6.5,Airport Expy
2026-01-12,VJRQ+2M|RMJJ+F4,weekday_morning,25.53,4,2,13,5.42,Hosur Road
2026-01-12,WH5F+26|WJ8X+F5W,weekday_morning,20.41,4,3,13,4.33,Double Decker Flyover
2026-01-12,2HM2+P8|XJV5+RG,weekday_morning,18.8,4,4,13,3.25,North Inner Ring
2026-01-12,WGG8+G5|XH7P+G6,weekday_morning,18.48,4,5,13,2.17,Mysore Road
2026-01-12,WP44+W8|WJFH+XQ,weekday_morning,18.17,4,6,13,1.08,Sarjapur Road
2026-01-12,XG48+2W|VHWC+C3,weekday_morning,17.48,4,7,13,0.0,South Outer Ring
2026-01-12,XHJ7+MG|WJM6+VC,weekday_morning,17.02,4,8,13,-1.08,Central Diagonal 1
2026-01-12,XJPW+92|WJP4+FF,weekday_morning,16.08,4,9,13,-2.17,East Inner Ring
2026-01-12,XPC7+72|XM33+J3,weekday_morning,15.97,4,10,13,-3.25,Old Airport Road
2026-01-12,WHR9+R6|XJGF+6J,weekday_morning,15.96,4,11,13,-4.33,Central Diagonal 2
2026-01-12,XMW9+G8|WMJR+V4,weekday_morning,14.93,4,12,13,-5.42,East Outer Ring
2026-01-12,2HVW+G8|XJXR+WG,weekday_morning,13.01,4,13,13,-6.5,North Outer Ring
2026-01-13,XJG4+7J|5PX4+HQ,weekday_morning,37.58,4,1,13,6.5,Airport Expy
2026-01-13,VJRQ+2M|RMJJ+F4,weekday_morning,26.09,4,2,13,5.42,Hosur Road
2026-01-13,WH5F+26|WJ8X+F5W,weekday_morning,19.49,4,3,13,4.33,Double Decker Flyover
2026-01-13,2HM2+P8|XJV5+RG,weekday_morning,18.98,4,4,13,3.25,North Inner Ring
2026-01-13,XG48+2W|VHWC+C3,weekday_morning,17.55,4,5,13,2.17,South Outer Ring
2026-01-13,WGG8+G5|XH7P+G6,weekday_morning,17.25,4,6,13,1.08,Mysore Road
2026-01-13,XHJ7+MG|WJM6+VC,weekday_morning,16.76,4,7,13,0.0,Central Diagonal 1
2026-01-13,WP44+W8|WJFH+XQ,weekday_morning,16.26,4,8,13,-1.08,Sarjapur Road
2026-01-13,XJPW+92|WJP4+FF,weekday_morning,16.15,4,9,13,-2.17,East Inner Ring
2026-01-13,2HVW+G8|XJXR+WG,weekday_morning,15.73,4,10,13,-3.25,North Outer Ring
2026-01-13,XPC7+72|XM33+J3,weekday_morning,14.86,4,11,13,-4.33,Old Airport Road
2026-01-13,XMW9+G8|WMJR+V4,weekday_morning,14.77,4,12,13,-5.42,East Outer Ring
2026-01-13,WHR9+R6|XJGF+6J,weekday_morning,14.72,4,13,13,-6.5,Central Diagonal 2
2026-01-14,XJG4+7J|5PX4+HQ,weekday_morning,37.95,4,1,13,6.5,Airport Expy
2026-01-14,VJRQ+2M|RMJJ+F4,weekday_morning,26.72,4,2,13,5.42,Hosur Road
2026-01-14,WH5F+26|WJ8X+F5W,weekday_morning,20.24,4,3,13,4.33,Double Decker Flyover
2026-01-14,2HM2+P8|XJV5+RG,weekday_morning,19.67,4,4,13,3.25,North Inner Ring
2026-01-14,WGG8+G5|XH7P+G6,weekday_morning,19.55,4,5,13,2.17,Mysore Road
2026-01-14,WP44+W8|WJFH+XQ,weekday_morning,18.74,4,6,13,1.08,Sarjapur Road
2026-01-14,XHJ7+MG|WJM6+VC,weekday_morning,18.31,4,7,13,0.0,Central Diagonal 1
2026-01-14,XPC7+72|XM33+J3,weekday_morning,18.27,4,8,13,-1.08,Old Airport Road
2026-01-14,XMW9+G8|WMJR+V4,weekday_morning,18.02,4,9,13,-2.17,East Outer Ring
2026-01-14,XG48+2W|VHWC+C3,weekday_morning,17.01,4,10,13,-3.25,South Outer Ring
2026-01-14,WHR9+R6|XJGF+6J,weekday_morning,16.83,4,11,13,-4.33,Central Diagonal 2
2026-01-14,XJPW+92|WJP4+FF,weekday_morning,16.83,4,12,13,-5.42,East Inner Ring
2026-01-14,2HVW+G8|XJXR+WG,weekday_morning,16.03,4,13,13,-6.5,North Outer Ring
2026-01-15,XJG4+7J|5PX4+HQ,weekday_morning,43.25,4,1,13,6.5,Airport Expy
2026-01-15,XMW9+G8|WMJR+V4,weekday_morning,33.88,4,2,13,5.42,East Outer Ring
2026-01-15,VJRQ+2M|RMJJ+F4,weekday_morning,32.02,4,3,13,4.33,Hosur Road
2026-01-15,WH5F+26|WJ8X+F5W,weekday_morning,27.96,4,4,13,3.25,Double Decker Flyover
2026-01-15,2HVW+G8|XJXR+WG,weekday_morning,27.14,4,5,13,2.17,North Outer Ring
2026-01-15,WGG8+G5|XH7P+G6,weekday_morning,26.61,4,6,13,1.08,Mysore Road
2026-01-15,XPC7+72|XM33+J3,weekday_morning,26.58,4,7,13,0.0,Old Airport Road
2026-01-15,WP44+W8|WJFH+XQ,weekday_morning,26.27,4,8,13,-1.08,Sarjapur Road
2026-01-15,2HM2+P8|XJV5+RG,weekday_morning,22.96,4,9,13,-2.17,North Inner Ring
2026-01-15,XHJ7+MG|WJM6+VC,weekday_morning,22.7,4,10,13,-3.25,Central Diagonal 1
2026-01-15,XJPW+92|WJP4+FF,weekday_morning,22.57,4,11,13,-4.33,East Inner Ring
2026-01-15,WHR9+R6|XJGF+6J,weekday_morning,20.3,4,12,13,-5.42,Central Diagonal 2
2026-01-15,XG48+2W|VHWC+C3,weekday_morning,19.83,4,13,13,-6.5,South Outer Ring
2026-01-16,XJG4+7J|5PX4+HQ,weekday_morning,38.73,4,1,13,6.5,Airport Expy
2026-01-16,VJRQ+2M|RMJJ+F4,weekday_morning,29.75,4,2,13,5.42,Hosur Road
2026-01-16,WH5F+26|WJ8X+F5W,weekday_morning,23.53,4,3,13,4.33,Double Decker Flyover
2026-01-16,XMW9+G8|WMJR+V4,weekday_morning,23.32,4,4,13,3.25,East Outer Ring
2026-01-16,WP44+W8|WJFH+XQ,weekday_morning,21.79,4,5,13,2.17,Sarjapur Road
2026-01-16,WGG8+G5|XH7P+G6,weekday_morning,21.28,4,6,13,1.08,Mysore Road
2026-01-16,XPC7+72|XM33+J3,weekday_morning,20.78,4,7,13,0.0,Old Airport Road
2026-01-16,2HM2+P8|XJV5+RG,weekday_morning,20.21,4,8,13,-1.08,North Inner Ring
2026-01-16,XHJ7+MG|WJM6+VC,weekday_morning,19.53,4,9,13,-2.17,Central Diagonal 1
2026-01-16,2HVW+G8|XJXR+WG,weekday_morning,18.93,4,10,13,-3.25,North Outer Ring
2026-01-16,XJPW+92|WJP4+FF,weekday_morning,18.45,4,11,13,-4.33,East Inner Ring
2026-01-16,XG48+2W|VHWC+C3,weekday_morning,17.97,4,12,13,-5.42,South Outer Ring
2026-01-16,WHR9+R6|XJGF+6J,weekday_morning,17.7,4,13,13,-6.5,Central Diagonal 2
2026-01-19,XJG4+7J|5PX4+HQ,weekday_morning,36.89,4,1,13,6.5,Airport Expy
2026-01-19,VJRQ+2M|RMJJ+F4,weekday_morning,25.02,4,2,13,5.42,Hosur Road
2026-01-19,WH5F+26|WJ8X+F5W,weekday_morning,19.04,4,3,13,4.33,Double Decker Flyover
2026-01-19,2HM2+P8|XJV5+RG,weekday_morning,18.14,4,4,13,3.25,North Inner Ring
2026-01-19,XG48+2W|VHWC+C3,weekday_morning,17.28,4,5,13,2.17,South Outer Ring
2026-01-19,XHJ7+MG|WJM6+VC,weekday_morning,17.2,4,6,13,1.08,Central Diagonal 1
2026-01-19,WP44+W8|WJFH+XQ,weekday_morning,17.06,4,7,13,0.0,Sarjapur Road
2026-01-19,XJPW+92|WJP4+FF,weekday_morning,16.96,4,8,13,-1.08,East Inner Ring
2026-01-19,2HVW+G8|XJXR+WG,weekday_morning,16.89,4,9,13,-2.17,North Outer Ring
2026-01-19,WHR9+R6|XJGF+6J,weekday_morning,16.34,4,10,13,-3.25,Central Diagonal 2
2026-01-19,WGG8+G5|XH7P+G6,weekday_morning,15.83,4,11,13,-4.33,Mysore Road
2026-01-19,XPC7+72|XM33+J3,weekday_morning,15.13,4,12,13,-5.42,Old Airport Road
2026-01-19,XMW9+G8|WMJR+V4,weekday_morning,13.86,4,13,13,-6.5,East Outer Ring
2026-01-20,XJG4+7J|5PX4+HQ,weekday_morning,37.15,4,1,13,6.5,Airport Expy
2026-01-20,VJRQ+2M|RMJJ+F4,weekday_morning,26.18,4,2,13,5.42,Hosur Road
2026-01-20,WGG8+G5|XH7P+G6,weekday_morning,18.85,4,3,13,4.33,Mysore Road
2026-01-20,2HM2+P8|XJV5+RG,weekday_morning,18.39,4,4,13,3.25,North Inner Ring
2026-01-20,WH5F+26|WJ8X+F5W,weekday_morning,17.87,4,5,13,2.17,Double Decker Flyover
2026-01-20,XG48+2W|VHWC+C3,weekday_morning,17.12,4,6,13,1.08,South Outer Ring
2026-01-20,XHJ7+MG|WJM6+VC,weekday_morning,17.03,4,7,13,0.0,Central Diagonal 1
2026-01-20,XJPW+92|WJP4+FF,weekday_morning,16.53,4,8,13,-1.08,East Inner Ring
2026-01-20,2HVW+G8|XJXR+WG,weekday_morning,15.71,4,9,13,-2.17,North Outer Ring
2026-01-20,WHR9+R6|XJGF+6J,weekday_morning,15.69,4,10,13,-3.25,Central Diagonal 2
2026-01-20,XPC7+72|XM33+J3,weekday_morning,15.02,4,11,13,-4.33,Old Airport Road
2026-01-20,WP44+W8|WJFH+XQ,weekday_morning,13.86,4,12,13,-5.42,Sarjapur Road
2026-01-20,XMW9+G8|WMJR+V4,weekday_morning,12.24,4,13,13,-6.5,East Outer Ring
2026-01-21,XJG4+7J|5PX4+HQ,weekday_morning,35.05,4,1,13,6.5,Airport Expy
2026-01-21,VJRQ+2M|RMJJ+F4,weekday_morning,23.56,4,2,13,5.42,Hosur Road
2026-01-21,WH5F+26|WJ8X+F5W,weekday_morning,20.42,4,3,13,4.33,Double Decker Flyover
2026-01-21,2HM2+P8|XJV5+RG,weekday_morning,18.37,4,4,13,3.25,North Inner Ring
2026-01-21,XHJ7+MG|WJM6+VC,weekday_morning,18.12,4,5,13,2.17,Central Diagonal 1
2026-01-21,WGG8+G5|XH7P+G6,weekday_morning,17.84,4,6,13,1.08,Mysore Road
2026-01-21,XG48+2W|VHWC+C3,weekday_morning,16.91,4,7,13,0.0,South Outer Ring
2026-01-21,XJPW+92|WJP4+FF,weekday_morning,16.57,4,8,13,-1.08,East Inner Ring
2026-01-21,WP44+W8|WJFH+XQ,weekday_morning,16.36,4,9,13,-2.17,Sarjapur Road
2026-01-21,WHR9+R6|XJGF+6J,weekday_morning,15.51,4,10,13,-3.25,Central Diagonal 2
2026-01-21,XPC7+72|XM33+J3,weekday_morning,15.43,4,11,13,-4.33,Old Airport Road
2026-01-21,2HVW+G8|XJXR+WG,weekday_morning,14.13,4,12,13,-5.42,North Outer Ring
2026-01-21,XMW9+G8|WMJR+V4,weekday_morning,12.92,4,13,13,-6.5,East Outer Ring
2026-01-22,XJG4+7J|5PX4+HQ,weekday_morning,34.83,4,1,13,6.5,Airport Expy
2026-01-22,VJRQ+2M|RMJJ+F4,weekday_morning,24.63,4,2,13,5.42,Hosur Road
2026-01-22,WH5F+26|WJ8X+F5W,weekday_morning,21.03,4,3,13,4.33,Double Decker Flyover
2026-01-22,WP44+W8|WJFH+XQ,weekday_morning,18.81,4,4,13,3.25,Sarjapur Road
2026-01-22,WGG8+G5|XH7P+G6,weekday_morning,18.38,4,5,13,2.17,Mysore Road
2026-01-22,2HM2+P8|XJV5+RG,weekday_morning,18.13,4,6,13,1.08,North Inner Ring
2026-01-22,XHJ7+MG|WJM6+VC,weekday_morning,17.27,4,7,13,0.0,Central Diagonal 1
2026-01-22,XG48+2W|VHWC+C3,weekday_morning,16.7,4,8,13,-1.08,South Outer Ring
2026-01-22,XJPW+92|WJP4+FF,weekday_morning,16.61,4,9,13,-2.17,East Inner Ring
2026-01-22,WHR9+R6|XJGF+6J,weekday_morning,16.16,4,10,13,-3.25,Central Diagonal 2
2026-01-22,2HVW+G8|XJXR+WG,weekday_morning,16.1,4,11,13,-4.33,North Outer Ring
2026-01-22,XPC7+72|XM33+J3,weekday_morning,15.23,4,12,13,-5.42,Old Airport Road
2026-01-22,XMW9+G8|WMJR+V4,weekday_morning,14.33,4,13,13,-6.5,East Outer Ring
2026-01-23,XJG4+7J|5PX4+HQ,weekday_morning,36.46,4,1,13,6.5,Airport Expy
2026-01-23,VJRQ+2M|RMJJ+F4,weekday_morning,26.64,4,2,13,5.42,Hosur Road
2026-01-23,WH5F+26|WJ8X+F5W,weekday_morning,21.66,4,3,13,4.33,Double Decker Flyover
2026-01-23,WP44+W8|WJFH+XQ,weekday_morning,21.33,4,4,13,3.25,Sarjapur Road
2026-01-23,XMW9+G8|WMJR+V4,weekday_morning,21.03,4,5,13,2.17,East Outer Ring
2026-01-23,XPC7+72|XM33+J3,weekday_morning,19.4,4,6,13,1.08,Old Airport Road
2026-01-23,2HM2+P8|XJV5+RG,weekday_morning,19.36,4,7,13,0.0,North Inner Ring
2026-01-23,2HVW+G8|XJXR+WG,weekday_morning,18.56,4,8,13,-1.08,North Outer Ring
2026-01-23,WGG8+G5|XH7P+G6,weekday_morning,18.19,4,9,13,-2.17,Mysore Road
2026-01-23,XJPW+92|WJP4+FF,weekday_morning,17.97,4,10,13,-3.25,East Inner Ring
2026-01-23,XHJ7+MG|WJM6+VC,weekday_morning,17.64,4,11,13,-4.33,Central Diagonal 1
2026-01-23,WHR9+R6|XJGF+6J,weekday_morning,17.49,4,12,13,-5.42,Central Diagonal 2
2026-01-23,XG48+2W|VHWC+C3,weekday_morning,17.45,4,13,13,-6.5,South Outer Ring
2026-01-26,XJG4+7J|5PX4+HQ,weekday_morning,41.13,3,1,13,6.5,Airport Expy
2026-01-26,XMW9+G8|WMJR+V4,weekday_morning,40.12,3,2,13,5.42,East Outer Ring
2026-01-26,VJRQ+2M|RMJJ+F4,weekday_morning,32.9,3,3,13,4.33,Hosur Road
2026-01-26,WH5F+26|WJ8X+F5W,weekday_morning,29.72,3,4,13,3.25,Double Decker Flyover
2026-01-26,WP44+W8|WJFH+XQ,weekday_morning,27.66,3,5,13,2.17,Sarjapur Road
2026-01-26,XPC7+72|XM33+J3,weekday_morning,27.31,3,6,13,1.08,Old Airport Road
2026-01-26,WGG8+G5|XH7P+G6,weekday_morning,26.65,3,7,13,0.0,Mysore Road
2026-01-26,2HVW+G8|XJXR+WG,weekday_morning,26.4,3,8,13,-1.08,North Outer Ring
2026-01-26,XHJ7+MG|WJM6+VC,weekday_morning,24.13,3,9,13,-2.17,Central Diagonal 1
2026-01-26,XJPW+92|WJP4+FF,weekday_morning,23.85,3,10,13,-3.25,East Inner Ring
2026-01-26,2HM2+P8|XJV5+RG,weekday_morning,23.12,3,11,13,-4.33,North Inner Ring
2026-01-26,WHR9+R6|XJGF+6J,weekday_morning,20.95,3,12,13,-5.42,Central Diagonal 2
2026-01-26,XG48+2W|VHWC+C3,weekday_morning,18.59,3,13,13,-6.5,South Outer Ring
2026-01-27,XJG4+7J|5PX4+HQ,weekday_morning,32.58,4,1,13,6.5,Airport Expy
2026-01-27,VJRQ+2M|RMJJ+F4,weekday_morning,24.06,4,2,13,5.42,Hosur Road
2026-01-27,WH5F+26|WJ8X+F5W,weekday_morning,20.68,4,3,13,4.33,Double Decker Flyover
2026-01-27,2HM2+P8|XJV5+RG,weekday_morning,18.5,4,4,13,3.25,North Inner Ring
2026-01-27,WGG8+G5|XH7P+G6,weekday_morning,17.34,4,5,13,2.17,Mysore Road
2026-01-27,2HVW+G8|XJXR+WG,weekday_morning,17.21,4,6,13,1.08,North Outer Ring
2026-01-27,WP44+W8|WJFH+XQ,weekday_morning,16.84,4,7,13,0.0,Sarjapur Road
2026-01-27,XG48+2W|VHWC+C3,weekday_morning,16.62,4,8,13,-1.08,South Outer Ring
2026-01-27,XHJ7+MG|WJM6+VC,weekday_morning,16.32,4,9,13,-2.17,Central Diagonal 1
2026-01-27,XJPW+92|WJP4+FF,weekday_morning,15.74,4,10,13,-3.25,East Inner Ring
2026-01-27,WHR9+R6|XJGF+6J,weekday_morning,15.6,4,11,13,-4.33,Central Diagonal 2
2026-01-27,XPC7+72|XM33+J3,weekday_morning,14.09,4,12,13,-5.42,Old Airport Road
2026-01-27,XMW9+G8|WMJR+V4,weekday_morning,12.19,4,13,13,-6.5,East Outer Ring
2026-01-28,XJG4+7J|5PX4+HQ,weekday_morning,35.36,4,1,13,6.5,Airport Expy
2026-01-28,VJRQ+2M|RMJJ+F4,weekday_morning,26.07,4,2,13,5.42,Hosur Road
2026-01-28,WH5F+26|WJ8X+F5W,weekday_morning,19.83,4,3,13,4.33,Double Decker Flyover
2026-01-28,XHJ7+MG|WJM6+VC,weekday_morning,17.88,4,4,13,3.25,Central Diagonal 1
2026-01-28,WGG8+G5|XH7P+G6,weekday_morning,17.58,4,5,13,2.17,Mysore Road
2026-01-28,2HM2+P8|XJV5+RG,weekday_morning,17.53,4,6,13,1.08,North Inner Ring
2026-01-28,XG48+2W|VHWC+C3,weekday_morning,17.16,4,7,13,0.0,South Outer Ring
2026-01-28,XJPW+92|WJP4+FF,weekday_morning,16.71,4,8,13,-1.08,East Inner Ring
2026-01-28,WHR9+R6|XJGF+6J,weekday_morning,15.46,4,9,13,-2.17,Central Diagonal 2
2026-01-28,2HVW+G8|XJXR+WG,weekday_morning,14.93,4,10,13,-3.25,North Outer Ring
2026-01-28,XPC7+72|XM33+J3,weekday_morning,14.92,4,11,13,-4.33,Old Airport Road
2026-01-28,WP44+W8|WJFH+XQ,weekday_morning,14.8,4,12,13,-5.42,Sarjapur Road
2026-01-28,XMW9+G8|WMJR+V4,weekday_morning,13.06,4,13,13,-6.5,East Outer Ring
2026-01-29,XJG4+7J|5PX4+HQ,weekday_morning,36.79,3,1,13,6.5,Airport Expy
2026-01-29,VJRQ+2M|RMJJ+F4,weekday_morning,25.7,3,2,13,5.42,Hosur Road
2026-01-29,WH5F+26|WJ8X+F5W,weekday_morning,19.96,3,3,13,4.33,Double Decker Flyover
2026-01-29,WP44+W8|WJFH+XQ,weekday_morning,17.88,3,4,13,3.25,Sarjapur Road
2026-01-29,2HM2+P8|XJV5+RG,weekday_morning,17.78,3,5,13,2.17,North Inner Ring
2026-01-29,XHJ7+MG|WJM6+VC,weekday_morning,17.58,3,6,13,1.08,Central Diagonal 1
2026-01-29,WGG8+G5|XH7P+G6,weekday_morning,17.14,3,7,13,0.0,Mysore Road
2026-01-29,XG48+2W|VHWC+C3,weekday_morning,17.08,3,8,13,-1.08,South Outer Ring
2026-01-29,2HVW+G8|XJXR+WG,weekday_morning,16.09,3,9,13,-2.17,North Outer Ring
2026-01-29,WHR9+R6|XJGF+6J,weekday_morning,15.76,3,10,13,-3.25,Central Diagonal 2
2026-01-29,XPC7+72|XM33+J3,weekday_morning,15.37,3,11,13,-4.33,Old Airport Road
2026-01-29,XJPW+92|WJP4+FF,weekday_morning,15.14,3,12,13,-5.42,East Inner Ring
2026-01-29,XMW9+G8|WMJR+V4,weekday_morning,12.8,3,13,13,-6.5,East Outer Ring
2026-01-30,XJG4+7J|5PX4+HQ,weekday_morning,35.97,3,1,13,6.5,Airport Expy
2026-01-30,VJRQ+2M|RMJJ+F4,weekday_morning,25.59,3,2,13,5.42,Hosur Road
2026-01-30,WH5F+26|WJ8X+F5W,weekday_morning,21.61,3,3,13,4.33,Double Decker Flyover
2026-01-30,WP44+W8|WJFH+XQ,weekday_morning,20.22,3,4,13,3.25,Sarjapur Road
2026-01-30,XMW9+G8|WMJR+V4,weekday_morning,19.39,3,5,13,2.17,East Outer Ring
2026-01-30,2HM2+P8|XJV5+RG,weekday_morning,18.75,3,6,13,1.08,North Inner Ring
2026-01-30,2HVW+G8|XJXR+WG,weekday_morning,18.45,3,7,13,0.0,North Outer Ring
2026-01-30,XHJ7+MG|WJM6+VC,weekday_morning,18.32,3,8,13,-1.08,Central Diagonal 1
2026-01-30,XPC7+72|XM33+J3,weekday_morning,18.22,3,9,13,-2.17,Old Airport Road
2026-01-30,WGG8+G5|XH7P+G6,weekday_morning,18.0,3,10,13,-3.25,Mysore Road
2026-01-30,XJPW+92|WJP4+FF,weekday_morning,17.7,3,11,13,-4.33,East Inner Ring
2026-01-30,XG48+2W|VHWC+C3,weekday_morning,17.34,3,12,13,-5.42,South Outer Ring
2026-01-30,WHR9+R6|XJGF+6J,weekday_morning,15.4,3,13,13,-6.5,Central Diagonal 2
2026-02-02,XJG4+7J|5PX4+HQ,weekday_morning,38.23,2,1,13,6.5,Airport Expy
2026-02-02,VJRQ+2M|RMJJ+F4,weekday_morning,26.07,2,2,13,5.42,Hosur Road
2026-02-02,WH5F+26|WJ8X+F5W,weekday_morning,20.4,2,3,13,4.33,Double Decker Flyover
2026-02-02,XHJ7+MG|WJM6+VC,weekday_morning,18.74,2,4,13,3.25,Central Diagonal 1
2026-02-02,WP44+W8|WJFH+XQ,weekday_morning,17.84,2,5,13,2.17,Sarjapur Road
2026-02-02,2HM2+P8|XJV5+RG,weekday_morning,17.55,2,6,13,1.08,North Inner Ring
2026-02-02,XG48+2W|VHWC+C3,weekday_morning,17.4,2,7,13,0.0,South Outer Ring
2026-02-02,WGG8+G5|XH7P+G6,weekday_morning,17.22,2,8,13,-1.08,Mysore Road
2026-02-02,2HVW+G8|XJXR+WG,weekday_morning,15.52,2,9,13,-2.17,North Outer Ring
2026-02-02,XPC7+72|XM33+J3,weekday_morning,15.49,2,10,13,-3.25,Old Airport Road
2026-02-02,XJPW+92|WJP4+FF,weekday_morning,15.38,2,11,13,-4.33,East Inner Ring
2026-02-02,WHR9+R6|XJGF+6J,weekday_morning,15.3,2,12,13,-5.42,Central Diagonal 2
2026-02-02,XMW9+G8|WMJR+V4,weekday_morning,12.4,2,13,13,-6.5,East Outer Ring
2026-02-03,XJG4+7J|5PX4+HQ,weekday_morning,36.55,3,1,13,6.5,Airport Expy
2026-02-03,VJRQ+2M|RMJJ+F4,weekday_morning,25.36,3,2,13,5.42,Hosur Road
2026-02-03,WH5F+26|WJ8X+F5W,weekday_morning,19.8,3,3,13,4.33,Double Decker Flyover
2026-02-03,2HM2+P8|XJV5+RG,weekday_morning,19.47,3,4,13,3.25,North Inner Ring
2026-02-03,XHJ7+MG|WJM6+VC,weekday_morning,18.22,3,5,13,2.17,Central Diagonal 1
2026-02-03,WGG8+G5|XH7P+G6,weekday_morning,18.08,3,6,13,1.08,Mysore Road
2026-02-03,XG48+2W|VHWC+C3,weekday_morning,16.49,3,7,13,0.0,South Outer Ring
2026-02-03,WP44+W8|WJFH+XQ,weekday_morning,16.07,3,8,13,-1.08,Sarjapur Road
2026-02-03,2HVW+G8|XJXR+WG,weekday_morning,15.78,3,9,13,-2.17,North Outer Ring
2026-02-03,WHR9+R6|XJGF+6J,weekday_morning,15.34,3,10,13,-3.25,Central Diagonal 2
2026-02-03,XJPW+92|WJP4+FF,weekday_morning,15.0,3,11,13,-4.33,East Inner Ring
2026-02-03,XPC7+72|XM33+J3,weekday_morning,14.85,3,12,13,-5.42,Old Airport Road
2026-02-03,XMW9+G8|WMJR+V4,weekday_morning,12.1,3,13,13,-6.5,East Outer Ring
2026-02-04,XJG4+7J|5PX4+HQ,weekday_morning,35.27,3,1,13,6.5,Airport Expy
2026-02-04,VJRQ+2M|RMJJ+F4,weekday_morning,26.12,3,2,13,5.42,Hosur Road
2026-02-04,WH5F+26|WJ8X+F5W,weekday_morning,20.89,3,3,13,4.33,Double Decker Flyover
2026-02-04,2HM2+P8|XJV5+RG,weekday_morning,19.18,3,4,13,3.25,North Inner Ring
2026-02-04,WGG8+G5|XH7P+G6,weekday_morning,19.02,3,5,13,2.17,Mysore Road
2026-02-04,XHJ7+MG|WJM6+VC,weekday_morning,18.44,3,6,13,1.08,Central Diagonal 1
2026-02-04,XG48+2W|VHWC+C3,weekday_morning,16.48,3,7,13,0.0,South Outer Ring
2026-02-04,WP44+W8|WJFH+XQ,weekday_morning,16.08,3,8,13,-1.08,Sarjapur Road
2026-02-04,XJPW+92|WJP4+FF,weekday_morning,15.8,3,9,13,-2.17,East Inner Ring
2026-02-04,2HVW+G8|XJXR+WG,weekday_morning,15.58,3,10,13,-3.25,North Outer Ring
2026-02-04,WHR9+R6|XJGF+6J,weekday_morning,15.51,3,11,13,-4.33,Central Diagonal 2
2026-02-04,XMW9+G8|WMJR+V4,weekday_morning,14.45,3,12,13,-5.42,East Outer Ring
2026-02-04,XPC7+72|XM33+J3,weekday_morning,13.76,3,13,13,-6.5,Old Airport Road
2026-02-05,XJG4+7J|5PX4+HQ,weekday_morning,36.86,2,1,13,6.5,Airport Expy
2026-02-05,VJRQ+2M|RMJJ+F4,weekday_morning,21.45,2,2,13,5.42,Hosur Road
2026-02-05,WH5F+26|WJ8X+F5W,weekday_morning,19.04,2,3,13,4.33,Double Decker Flyover
2026-02-05,XHJ7+MG|WJM6+VC,weekday_morning,17.8,2,4,13,3.25,Central Diagonal 1
2026-02-05,2HM2+P8|XJV5+RG,weekday_morning,17.79,2,5,13,2.17,North Inner Ring
2026-02-05,WGG8+G5|XH7P+G6,weekday_morning,16.53,2,6,13,1.08,Mysore Road
2026-02-05,XG48+2W|VHWC+C3,weekday_morning,16.52,2,7,13,0.0,South Outer Ring
2026-02-05,XJPW+92|WJP4+FF,weekday_morning,16.5,2,8,13,-1.08,East Inner Ring
2026-02-05,WP44+W8|WJFH+XQ,weekday_morning,15.72,2,9,13,-2.17,Sarjapur Road
2026-02-05,2HVW+G8|XJXR+WG,weekday_morning,14.92,2,10,13,-3.25,North Outer Ring
2026-02-05,WHR9+R6|XJGF+6J,weekday_morning,14.5,2,11,13,-4.33,Central Diagonal 2
2026-02-05,XPC7+72|XM33+J3,weekday_morning,13.26,2,12,13,-5.42,Old Airport Road
2026-02-05,XMW9+G8|WMJR+V4,weekday_morning,13.05,2,13,13,-6.5,East Outer Ring
2026-02-09,XJG4+7J|5PX4+HQ,weekday_morning,36.78,2,1,13,6.5,Airport Expy
2026-02-09,VJRQ+2M|RMJJ+F4,weekday_morning,25.48,2,2,13,5.42,Hosur Road
2026-02-09,WH5F+26|WJ8X+F5W,weekday_morning,21.21,2,3,13,4.33,Double Decker Flyover
2026-02-09,WGG8+G5|XH7P+G6,weekday_morning,19.18,2,4,13,3.25,Mysore Road
2026-02-09,WP44+W8|WJFH+XQ,weekday_morning,18.38,2,5,13,2.17,Sarjapur Road
2026-02-09,2HM2+P8|XJV5+RG,weekday_morning,17.83,2,6,13,1.08,North Inner Ring
2026-02-09,XG48+2W|VHWC+C3,weekday_morning,17.38,2,7,13,0.0,South Outer Ring
2026-02-09,XHJ7+MG|WJM6+VC,weekday_morning,17.02,2,8,13,-1.08,Central Diagonal 1
2026-02-09,XJPW+92|WJP4+FF,weekday_morning,16.52,2,9,13,-2.17,East Inner Ring
2026-02-09,2HVW+G8|XJXR+WG,weekday_morning,16.22,2,10,13,-3.25,North Outer Ring
2026-02-09,WHR9+R6|XJGF+6J,weekday_morning,15.89,2,11,13,-4.33,Central Diagonal 2
2026-02-09,XPC7+72|XM33+J3,weekday_morning,15.83,2,12,13,-5.42,Old Airport Road
2026-02-09,XMW9+G8|WMJR+V4,weekday_morning,14.71,2,13,13,-6.5,East Outer Ring
2026-02-10,XJG4+7J|5PX4+HQ,weekday_morning,36.76,2,1,13,6.5,Airport Expy
2026-02-10,VJRQ+2M|RMJJ+F4,weekday_morning,22.36,2,2,13,5.42,Hosur Road
2026-02-10,WH5F+26|WJ8X+F5W,weekday_morning,20.59,2,3,13,4.33,Double Decker Flyover
2026-02-10,XHJ7+MG|WJM6+VC,weekday_morning,19.31,2,4,13,3.25,Central Diagonal 1
2026-02-10,2HM2+P8|XJV5+RG,weekday_morning,17.48,2,5,13,2.17,North Inner Ring
2026-02-10,WP44+W8|WJFH+XQ,weekday_morning,16.64,2,6,13,1.08,Sarjapur Road
2026-02-10,2HVW+G8|XJXR+WG,weekday_morning,16.19,2,7,13,0.0,North Outer Ring
2026-02-10,WGG8+G5|XH7P+G6,weekday_morning,16.07,2,8,13,-1.08,Mysore Road
2026-02-10,XG48+2W|VHWC+C3,weekday_morning,15.92,2,9,13,-2.17,South Outer Ring
2026-02-10,XPC7+72|XM33+J3,weekday_morning,15.15,2,10,13,-3.25,Old Airport Road
2026-02-10,WHR9+R6|XJGF+6J,weekday_morning,14.53,2,11,13,-4.33,Central Diagonal 2
2026-02-10,XJPW+92|WJP4+FF,weekday_morning,14.42,2,12,13,-5.42,East Inner Ring
2026-02-10,XMW9+G8|WMJR+V4,weekday_morning,12.42,2,13,13,-6.5,East Outer Ring
2026-02-11,XJG4+7J|5PX4+HQ,weekday_morning,36.43,2,1,13,6.5,Airport Expy
2026-02-11,VJRQ+2M|RMJJ+F4,weekday_morning,25.0,2,2,13,5.42,Hosur Road
2026-02-11,WH5F+26|WJ8X+F5W,weekday_morning,18.81,2,3,13,4.33,Double Decker Flyover
2026-02-11,XHJ7+MG|WJM6+VC,weekday_morning,17.86,2,4,13,3.25,Central Diagonal 1
2026-02-11,WP44+W8|WJFH+XQ,weekday_morning,17.59,2,5,13,2.17,Sarjapur Road
2026-02-11,2HM2+P8|XJV5+RG,weekday_morning,17.39,2,6,13,1.08,North Inner Ring
2026-02-11,WGG8+G5|XH7P+G6,weekday_morning,16.51,2,7,13,0.0,Mysore Road
2026-02-11,XG48+2W|VHWC+C3,weekday_morning,16.2,2,8,13,-1.08,South Outer Ring
2026-02-11,XJPW+92|WJP4+FF,weekday_morning,16.05,2,9,13,-2.17,East Inner Ring
2026-02-11,2HVW+G8|XJXR+WG,weekday_morning,15.38,2,10,13,-3.25,North Outer Ring
2026-02-11,WHR9+R6|XJGF+6J,weekday_morning,14.05,2,11,13,-4.33,Central Diagonal 2
2026-02-11,XMW9+G8|WMJR+V4,weekday_morning,12.44,2,12,13,-5.42,East Outer Ring
2026-02-11,XPC7+72|XM33+J3,weekday_morning,12.11,2,13,13,-6.5,Old Airport Road
2026-02-12,XJG4+7J|5PX4+HQ,weekday_morning,36.55,2,1,13,6.5,Airport Expy
2026-02-12,VJRQ+2M|RMJJ+F4,weekday_morning,25.5,2,2,13,5.42,Hosur Road
2026-02-12,WH5F+26|WJ8X+F5W,weekday_morning,20.55,2,3,13,4.33,Double Decker Flyover
2026-02-12,XHJ7+MG|WJM6+VC,weekday_morning,19.24,2,4,13,3.25,Central Diagonal 1
2026-02-12,WP44+W8|WJFH+XQ,weekday_morning,18.1,2,5,13,2.17,Sarjapur Road
2026-02-12,2HM2+P8|XJV5+RG,weekday_morning,16.87,2,6,13,1.08,North Inner Ring
2026-02-12,XPC7+72|XM33+J3,weekday_morning,16.59,2,7,13,0.0,Old Airport Road
2026-02-12,XG48+2W|VHWC+C3,weekday_morning,16.29,2,8,13,-1.08,South Outer Ring
2026-02-12,2HVW+G8|XJXR+WG,weekday_morning,15.66,2,9,13,-2.17,North Outer Ring
2026-02-12,WGG8+G5|XH7P+G6,weekday_morning,15.64,2,10,13,-3.25,Mysore Road
2026-02-12,XJPW+92|WJP4+FF,weekday_morning,15.39,2,11,13,-4.33,East Inner Ring
2026-02-12,WHR9+R6|XJGF+6J,weekday_morning,15.22,2,12,13,-5.42,Central Diagonal 2
2026-02-12,XMW9+G8|WMJR+V4,weekday_morning,14.15,2,13,13,-6.5,East Outer Ring
2026-02-13,XJG4+7J|5PX4+HQ,weekday_morning,38.45,2,1,13,6.5,Airport Expy
2026-02-13,VJRQ+2M|RMJJ+F4,weekday_morning,23.04,2,2,13,5.42,Hosur Road
2026-02-13,XHJ7+MG|WJM6+VC,weekday_morning,19.67,2,3,13,4.33,Central Diagonal 1
2026-02-13,WH5F+26|WJ8X+F5W,weekday_morning,18.96,2,4,13,3.25,Double Decker Flyover
2026-02-13,WGG8+G5|XH7P+G6,weekday_morning,18.9,2,5,13,2.17,Mysore Road
2026-02-13,WP44+W8|WJFH+XQ,weekday_morning,18.67,2,6,13,1.08,Sarjapur Road
2026-02-13,2HM2+P8|XJV5+RG,weekday_morning,18.17,2,7,13,0.0,North Inner Ring
2026-02-13,XJPW+92|WJP4+FF,weekday_morning,18.01,2,8,13,-1.08,East Inner Ring
2026-02-13,XMW9+G8|WMJR+V4,weekday_morning,17.95,2,9,13,-2.17,East Outer Ring
2026-02-13,XG48+2W|VHWC+C3,weekday_morning,16.91,2,10,13,-3.25,South Outer Ring
2026-02-13,XPC7+72|XM33+J3,weekday_morning,16.78,2,11,13,-4.33,Old Airport Road
2026-02-13,WHR9+R6|XJGF+6J,weekday_morning,16.09,2,12,13,-5.42,Central Diagonal 2
2026-02-13,2HVW+G8|XJXR+WG,weekday_morning,15.98,2,13,13,-6.5,North Outer Ring
2026-02-16,XJG4+7J|5PX4+HQ,weekday_morning,36.75,2,1,13,6.5,Airport Expy
2026-02-16,VJRQ+2M|RMJJ+F4,weekday_morning,26.68,2,2,13,5.42,Hosur Road
2026-02-16,WH5F+26|WJ8X+F5W,weekday_morning,22.29,2,3,13,4.33,Double Decker Flyover
2026-02-16,WGG8+G5|XH7P+G6,weekday_morning,18.73,2,4,13,3.25,Mysore Road
2026-02-16,WP44+W8|WJFH+XQ,weekday_morning,18.67,2,5,13,2.17,Sarjapur Road
2026-02-16,XHJ7+MG|WJM6+VC,weekday_morning,18.28,2,6,13,1.08,Central Diagonal 1
2026-02-16,2HM2+P8|XJV5+RG,weekday_morning,17.58,2,7,13,0.0,North Inner Ring
2026-02-16,XG48+2W|VHWC+C3,weekday_morning,17.49,2,8,13,-1.08,South Outer Ring
2026-02-16,XPC7+72|XM33+J3,weekday_morning,16.59,2,9,13,-2.17,Old Airport Road
2026-02-16,2HVW+G8|XJXR+WG,weekday_morning,16.48,2,10,13,-3.25,North Outer Ring
2026-02-16,XJPW+92|WJP4+FF,weekday_morning,15.99,2,11,13,-4.33,East Inner Ring
2026-02-16,WHR9+R6|XJGF+6J,weekday_morning,15.74,2,12,13,-5.42,Central Diagonal 2
2026-02-16,XMW9+G8|WMJR+V4,weekday_morning,15.55,2,13,13,-6.5,East Outer Ring
2026-02-17,XJG4+7J|5PX4+HQ,weekday_morning,35.2,2,1,13,6.5,Airport Expy
2026-02-17,VJRQ+2M|RMJJ+F4,weekday_morning,25.57,2,2,13,5.42,Hosur Road
2026-02-17,WH5F+26|WJ8X+F5W,weekday_morning,20.67,2,3,13,4.33,Double Decker Flyover
2026-02-17,2HM2+P8|XJV5+RG,weekday_morning,18.17,2,4,13,3.25,North Inner Ring
2026-02-17,XHJ7+MG|WJM6+VC,weekday_morning,17.8,2,5,13,2.17,Central Diagonal 1
2026-02-17,WGG8+G5|XH7P+G6,weekday_morning,17.25,2,6,13,1.08,Mysore Road
2026-02-17,XG48+2W|VHWC+C3,weekday_morning,17.25,2,7,13,0.0,South Outer Ring
2026-02-17,WP44+W8|WJFH+XQ,weekday_morning,15.81,2,8,13,-1.08,Sarjapur Road
2026-02-17,XJPW+92|WJP4+FF,weekday_morning,15.51,2,9,13,-2.17,East Inner Ring
2026-02-17,WHR9+R6|XJGF+6J,weekday_morning,15.29,2,10,13,-3.25,Central Diagonal 2
2026-02-17,2HVW+G8|XJXR+WG,weekday_morning,15.14,2,11,13,-4.33,North Outer Ring
2026-02-17,XPC7+72|XM33+J3,weekday_morning,15.07,2,12,13,-5.42,Old Airport Road
2026-02-17,XMW9+G8|WMJR+V4,weekday_morning,13.39,2,13,13,-6.5,East Outer Ring
2026-02-18,XJG4+7J|5PX4+HQ,weekday_morning,34.79,2,1,13,6.5,Airport Expy
2026-02-18,VJRQ+2M|RMJJ+F4,weekday_morning,24.48,2,2,13,5.42,Hosur Road
2026-02-18,XHJ7+MG|WJM6+VC,weekday_morning,18.29,2,3,13,4.33,Central Diagonal 1
2026-02-18,WH5F+26|WJ8X+F5W,weekday_morning,17.87,2,4,13,3.25,Double Decker Flyover
2026-02-18,2HM2+P8|XJV5+RG,weekday_morning,17.68,2,5,13,2.17,North Inner Ring
2026-02-18,WGG8+G5|XH7P+G6,weekday_morning,17.33,2,6,13,1.08,Mysore Road
2026-02-18,2HVW+G8|XJXR+WG,weekday_morning,16.96,2,7,13,0.0,North Outer Ring
2026-02-18,XG48+2W|VHWC+C3,weekday_morning,16.49,2,8,13,-1.08,South Outer Ring
2026-02-18,WP44+W8|WJFH+XQ,weekday_morning,16.43,2,9,13,-2.17,Sarjapur Road
2026-02-18,WHR9+R6|XJGF+6J,weekday_morning,15.32,2,10,13,-3.25,Central Diagonal 2
2026-02-18,XJPW+92|WJP4+FF,weekday_morning,14.21,2,11,13,-4.33,East Inner Ring
2026-02-18,XPC7+72|XM33+J3,weekday_morning,14.07,2,12,13,-5.42,Old Airport Road
2026-02-18,XMW9+G8|WMJR+V4,weekday_morning,11.66,2,13,13,-6.5,East Outer Ring
2026-02-19,XJG4+7J|5PX4+HQ,weekday_morning,33.71,2,1,13,6.5,Airport Expy
2026-02-19,VJRQ+2M|RMJJ+F4,weekday_morning,24.04,2,2,13,5.42,Hosur Road
2026-02-19,WH5F+26|WJ8X+F5W,weekday_morning,19.74,2,3,13,4.33,Double Decker Flyover
2026-02-19,2HM2+P8|XJV5+RG,weekday_morning,18.72,2,4,13,3.25,North Inner Ring
2026-02-19,WP44+W8|WJFH+XQ,weekday_morning,18.38,2,5,13,2.17,Sarjapur Road
2026-02-19,XHJ7+MG|WJM6+VC,weekday_morning,17.17,2,6,13,1.08,Central Diagonal 1
2026-02-19,XG48+2W|VHWC+C3,weekday_morning,16.51,2,7,13,0.0,South Outer Ring
2026-02-19,WGG8+G5|XH7P+G6,weekday_morning,16.09,2,8,13,-1.08,Mysore Road
2026-02-19,XJPW+92|WJP4+FF,weekday_morning,15.27,2,9,13,-2.17,East Inner Ring
2026-02-19,2HVW+G8|XJXR+WG,weekday_morning,15.14,2,10,13,-3.25,North Outer Ring
2026-02-19,WHR9+R6|XJGF+6J,weekday_morning,14.86,2,11,13,-4.33,Central Diagonal 2
2026-02-19,XPC7+72|XM33+J3,weekday_morning,14.81,2,12,13,-5.42,Old Airport Road
2026-02-19,XMW9+G8|WMJR+V4,weekday_morning,14.29,2,13,13,-6.5,East Outer Ring
2026-02-20,XJG4+7J|5PX4+HQ,weekday_morning,33.3,4,1,13,6.5,Airport Expy
2026-02-20,VJRQ+2M|RMJJ+F4,weekday_morning,26.0,4,2,13,5.42,Hosur Road
2026-02-20,XPC7+72|XM33+J3,weekday_morning,21.35,4,3,13,4.33,Old Airport Road
2026-02-20,WH5F+26|WJ8X+F5W,weekday_morning,21.06,4,4,13,3.25,Double Decker Flyover
2026-02-20,WP44+W8|WJFH+XQ,weekday_morning,19.91,4,5,13,2.17,Sarjapur Road
2026-02-20,WGG8+G5|XH7P+G6,weekday_morning,19.52,4,6,13,1.08,Mysore Road
2026-02-20,XMW9+G8|WMJR+V4,weekday_morning,18.77,4,7,13,0.0,East Outer Ring
2026-02-20,2HM2+P8|XJV5+RG,weekday_morning,18.01,4,8,13,-1.08,North Inner Ring
2026-02-20,XHJ7+MG|WJM6+VC,weekday_morning,17.74,4,9,13,-2.17,Central Diagonal 1
2026-02-20,XJPW+92|WJP4+FF,weekday_morning,17.44,4,10,13,-3.25,East Inner Ring
2026-02-20,2HVW+G8|XJXR+WG,weekday_morning,16.79,4,11,13,-4.33,North Outer Ring
2026-02-20,XG48+2W|VHWC+C3,weekday_morning,16.03,4,12,13,-5.42,South Outer Ring
2026-02-20,WHR9+R6|XJGF+6J,weekday_morning,15.9,4,13,13,-6.5,Central Diagonal 2
2026-02-23,XJG4+7J|5PX4+HQ,weekday_morning,37.67,3,1,13,6.5,Airport Expy
2026-02-23,VJRQ+2M|RMJJ+F4,weekday_morning,24.39,3,2,13,5.42,Hosur Road
2026-02-23,WH5F+26|WJ8X+F5W,weekday_morning,20.11,3,3,13,4.33,Double Decker Flyover
2026-02-23,XHJ7+MG|WJM6+VC,weekday_morning,18.37,3,4,13,3.25,Central Diagonal 1
2026-02-23,WP44+W8|WJFH+XQ,weekday_morning,18.16,3,5,13,2.17,Sarjapur Road
2026-02-23,WGG8+G5|XH7P+G6,weekday_morning,18.1,3,6,13,1.08,Mysore Road
2026-02-23,2HM2+P8|XJV5+RG,weekday_morning,17.68,3,7,13,0.0,North Inner Ring
2026-02-23,XG48+2W|VHWC+C3,weekday_morning,16.4,3,8,13,-1.08,South Outer Ring
2026-02-23,XJPW+92|WJP4+FF,weekday_morning,16.34,3,9,13,-2.17,East Inner Ring
2026-02-23,WHR9+R6|XJGF+6J,weekday_morning,15.76,3,10,13,-3.25,Central Diagonal 2
2026-02-23,2HVW+G8|XJXR+WG,weekday_morning,15.49,3,11,13,-4.33,North Outer Ring
2026-02-23,XPC7+72|XM33+J3,weekday_morning,14.85,3,12,13,-5.42,Old Airport Road
2026-02-23,XMW9+G8|WMJR+V4,weekday_morning,14.62,3,13,13,-6.5,East Outer Ring
2026-02-24,XJG4+7J|5PX4+HQ,weekday_morning,34.97,2,1,13,6.5,Airport Expy
2026-02-24,VJRQ+2M|RMJJ+F4,weekday_morning,24.48,2,2,13,5.42,Hosur Road
2026-02-24,WH5F+26|WJ8X+F5W,weekday_morning,19.62,2,3,13,4.33,Double Decker Flyover
2026-02-24,XHJ7+MG|WJM6+VC,weekday_morning,17.99,2,4,13,3.25,Central Diagonal 1
2026-02-24,WGG8+G5|XH7P+G6,weekday_morning,17.74,2,5,13,2.17,Mysore Road
2026-02-24,2HM2+P8|XJV5+RG,weekday_morning,17.43,2,6,13,1.08,North Inner Ring
2026-02-24,XG48+2W|VHWC+C3,weekday_morning,16.22,2,7,13,0.0,South Outer Ring
2026-02-24,WHR9+R6|XJGF+6J,weekday_morning,15.28,2,8,13,-1.08,Central Diagonal 2
2026-02-24,XJPW+92|WJP4+FF,weekday_morning,15.02,2,9,13,-2.17,East Inner Ring
2026-02-24,WP44+W8|WJFH+XQ,weekday_morning,14.98,2,10,13,-3.25,Sarjapur Road
2026-02-24,XPC7+72|XM33+J3,weekday_morning,13.13,2,11,13,-4.33,Old Airport Road
2026-02-24,2HVW+G8|XJXR+WG,weekday_morning,13.09,2,12,13,-5.42,North Outer Ring
2026-02-24,XMW9+G8|WMJR+V4,weekday_morning,12.13,2,13,13,-6.5,East Outer Ring
2026-02-25,XJG4+7J|5PX4+HQ,weekday_morning,34.84,2,1,13,6.5,Airport Expy
2026-02-25,VJRQ+2M|RMJJ+F4,weekday_morning,23.08,2,2,13,5.42,Hosur Road
2026-02-25,WH5F+26|WJ8X+F5W,weekday_morning,18.67,2,3,13,4.33,Double Decker Flyover
2026-02-25,XHJ7+MG|WJM6+VC,weekday_morning,18.09,2,4,13,3.25,Central Diagonal 1
2026-02-25,WP44+W8|WJFH+XQ,weekday_morning,17.24,2,5,13,2.17,Sarjapur Road
2026-02-25,2HM2+P8|XJV5+RG,weekday_morning,17.2,2,6,13,1.08,North Inner Ring
2026-02-25,XPC7+72|XM33+J3,weekday_morning,16.74,2,7,13,0.0,Old Airport Road
2026-02-25,XG48+2W|VHWC+C3,weekday_morning,16.42,2,8,13,-1.08,South Outer Ring
2026-02-25,WGG8+G5|XH7P+G6,weekday_morning,16.1,2,9,13,-2.17,Mysore Road
2026-02-25,XJPW+92|WJP4+FF,weekday_morning,15.14,2,10,13,-3.25,East Inner Ring
2026-02-25,2HVW+G8|XJXR+WG,weekday_morning,14.41,2,11,13,-4.33,North Outer Ring
2026-02-25,WHR9+R6|XJGF+6J,weekday_morning,13.98,2,12,13,-5.42,Central Diagonal 2
2026-02-25,XMW9+G8|WMJR+V4,weekday_morning,12.04,2,13,13,-6.5,East Outer Ring
2026-02-26,XJG4+7J|5PX4+HQ,weekday_morning,35.61,4,1,13,6.5,Airport Expy
2026-02-26,VJRQ+2M|RMJJ+F4,weekday_morning,25.24,4,2,13,5.42,Hosur Road
2026-02-26,WH5F+26|WJ8X+F5W,weekday_morning,19.28,4,3,13,4.33,Double Decker Flyover
2026-02-26,WP44+W8|WJFH+XQ,weekday_morning,18.47,4,4,13,3.25,Sarjapur Road
2026-02-26,XHJ7+MG|WJM6+VC,weekday_morning,17.88,4,5,13,2.17,Central Diagonal 1
2026-02-26,WGG8+G5|XH7P+G6,weekday_morning,17.38,4,6,13,1.08,Mysore Road
2026-02-26,XPC7+72|XM33+J3,weekday_morning,17.14,4,7,13,0.0,Old Airport Road
2026-02-26,2HM2+P8|XJV5+RG,weekday_morning,16.85,4,8,13,-1.08,North Inner Ring
2026-02-26,XJPW+92|WJP4+FF,weekday_morning,16.68,4,9,13,-2.17,East Inner Ring
2026-02-26,2HVW+G8|XJXR+WG,weekday_morning,16.28,4,10,13,-3.25,North Outer Ring
2026-02-26,XG48+2W|VHWC+C3,weekday_morning,15.29,4,11,13,-4.33,South Outer Ring
2026-02-26,WHR9+R6|XJGF+6J,weekday_morning,15.1,4,12,13,-5.42,Central Diagonal 2
2026-02-26,XMW9+G8|WMJR+V4,weekday_morning,14.94,4,13,13,-6.5,East Outer Ring
2026-02-27,XJG4+7J|5PX4+HQ,weekday_morning,36.84,4,1,13,6.5,Airport Expy
2026-02-27,VJRQ+2M|RMJJ+F4,weekday_morning,24.77,4,2,13,5.42,Hosur Road
2026-02-27,XMW9+G8|WMJR+V4,weekday_morning,21.73,4,3,13,4.33,East Outer Ring
2026-02-27,WH5F+26|WJ8X+F5W,weekday_morning,20.62,4,4,13,3.25,Double Decker Flyover
2026-02-27,WP44+W8|WJFH+XQ,weekday_morning,19.77,4,5,13,2.17,Sarjapur Road
2026-02-27,WGG8+G5|XH7P+G6,weekday_morning,18.64,4,6,13,1.08,Mysore Road
2026-02-27,2HM2+P8|XJV5+RG,weekday_morning,18.22,4,7,13,0.0,North Inner Ring
2026-02-27,XJPW+92|WJP4+FF,weekday_morning,17.92,4,8,13,-1.08,East Inner Ring
2026-02-27,XHJ7+MG|WJM6+VC,weekday_morning,17.68,4,9,13,-2.17,Central Diagonal 1
2026-02-27,XPC7+72|XM33+J3,weekday_morning,17.18,4,10,13,-3.25,Old Airport Road
2026-02-27,2HVW+G8|XJXR+WG,weekday_morning,16.76,4,11,13,-4.33,North Outer Ring
2026-02-27,XG48+2W|VHWC+C3,weekday_morning,16.4,4,12,13,-5.42,South Outer Ring
2026-02-27,WHR9+R6|XJGF+6J,weekday_morning,14.89,4,13,13,-6.5,Central Diagonal 2
2026-03-02,XJG4+7J|5PX4+HQ,weekday_morning,37.39,4,1,13,6.5,Airport Expy
2026-03-02,VJRQ+2M|RMJJ+F4,weekday_morning,26.09,4,2,13,5.42,Hosur Road
2026-03-02,WP44+W8|WJFH+XQ,weekday_morning,20.63,4,3,13,4.33,Sarjapur Road
2026-03-02,WH5F+26|WJ8X+F5W,weekday_morning,20.12,4,4,13,3.25,Double Decker Flyover
2026-03-02,XMW9+G8|WMJR+V4,weekday_morning,19.94,4,5,13,2.17,East Outer Ring
2026-03-02,2HM2+P8|XJV5+RG,weekday_morning,18.31,4,6,13,1.08,North Inner Ring
2026-03-02,2HVW+G8|XJXR+WG,weekday_morning,17.39,4,7,13,0.0,North Outer Ring
2026-03-02,WGG8+G5|XH7P+G6,weekday_morning,17.35,4,8,13,-1.08,Mysore Road
2026-03-02,XG48+2W|VHWC+C3,weekday_morning,16.81,4,9,13,-2.17,South Outer Ring
2026-03-02,XHJ7+MG|WJM6+VC,weekday_morning,16.78,4,10,13,-3.25,Central Diagonal 1
2026-03-02,XPC7+72|XM33+J3,weekday_morning,16.13,4,11,13,-4.33,Old Airport Road
2026-03-02,WHR9+R6|XJGF+6J,weekday_morning,15.87,4,12,13,-5.42,Central Diagonal 2
2026-03-02,XJPW+92|WJP4+FF,weekday_morning,15.72,4,13,13,-6.5,East Inner Ring
2026-03-03,XJG4+7J|5PX4+HQ,weekday_morning,38.17,3,1,13,6.5,Airport Expy
2026-03-03,VJRQ+2M|RMJJ+F4,weekday_morning,26.44,3,2,13,5.42,Hosur Road
2026-03-03,WH5F+26|WJ8X+F5W,weekday_morning,21.69,3,3,13,4.33,Double Decker Flyover
2026-03-03,WP44+W8|WJFH+XQ,weekday_morning,20.84,3,4,13,3.25,Sarjapur Road
2026-03-03,XMW9+G8|WMJR+V4,weekday_morning,20.54,3,5,13,2.17,East Outer Ring
2026-03-03,2HM2+P8|XJV5+RG,weekday_morning,19.83,3,6,13,1.08,North Inner Ring
2026-03-03,WGG8+G5|XH7P+G6,weekday_morning,19.81,3,7,13,0.0,Mysore Road
2026-03-03,XHJ7+MG|WJM6+VC,weekday_morning,18.85,3,8,13,-1.08,Central Diagonal 1
2026-03-03,2HVW+G8|XJXR+WG,weekday_morning,18.46,3,9,13,-2.17,North Outer Ring
2026-03-03,XPC7+72|XM33+J3,weekday_morning,17.42,3,10,13,-3.25,Old Airport Road
2026-03-03,XJPW+92|WJP4+FF,weekday_morning,16.52,3,11,13,-4.33,East Inner Ring
2026-03-03,XG48+2W|VHWC+C3,weekday_morning,16.44,3,12,13,-5.42,South Outer Ring
2026-03-03,WHR9+R6|XJGF+6J,weekday_morning,14.69,3,13,13,-6.5,Central Diagonal 2
2026-03-04,XJG4+7J|5PX4+HQ,weekday_morning,38.1,3,1,13,6.5,Airport Expy
2026-03-04,VJRQ+2M|RMJJ+F4,weekday_morning,27.99,3,2,13,5.42,Hosur Road
2026-03-04,XMW9+G8|WMJR+V4,weekday_morning,23.5,3,3,13,4.33,East Outer Ring
2026-03-04,WP44+W8|WJFH+XQ,weekday_morning,23.19,3,4,13,3.25,Sarjapur Road
2026-03-04,WH5F+26|WJ8X+F5W,weekday_morning,23.05,3,5,13,2.17,Double Decker Flyover
2026-03-04,XPC7+72|XM33+J3,weekday_morning,20.67,3,6,13,1.08,Old Airport Road
2026-03-04,2HM2+P8|XJV5+RG,weekday_morning,19.7,3,7,13,0.0,North Inner Ring
2026-03-04,XHJ7+MG|WJM6+VC,weekday_morning,19.45,3,8,13,-1.08,Central Diagonal 1
2026-03-04,WGG8+G5|XH7P+G6,weekday_morning,19.37,3,9,13,-2.17,Mysore Road
2026-03-04,2HVW+G8|XJXR+WG,weekday_morning,19.25,3,10,13,-3.25,North Outer Ring
2026-03-04,XJPW+92|WJP4+FF,weekday_morning,18.03,3,11,13,-4.33,East Inner Ring
2026-03-04,XG48+2W|VHWC+C3,weekday_morning,16.89,3,12,13,-5.42,South Outer Ring
2026-03-04,WHR9+R6|XJGF+6J,weekday_morning,16.29,3,13,13,-6.5,Central Diagonal 2
2026-03-05,XJG4+7J|5PX4+HQ,weekday_morning,34.42,3,1,13,6.5,Airport Expy
2026-03-05,VJRQ+2M|RMJJ+F4,weekday_morning,25.31,3,2,13,5.42,Hosur Road
2026-03-05,WH5F+26|WJ8X+F5W,weekday_morning,20.46,3,3,13,4.33,Double Decker Flyover
2026-03-05,2HM2+P8|XJV5+RG,weekday_morning,18.89,3,4,13,3.25,North Inner Ring
2026-03-05,WP44+W8|WJFH+XQ,weekday_morning,18.86,3,5,13,2.17,Sarjapur Road
2026-03-05,XHJ7+MG|WJM6+VC,weekday_morning,17.16,3,6,13,1.08,Central Diagonal 1
2026-03-05,XJPW+92|WJP4+FF,weekday_morning,16.9,3,7,13,0.0,East Inner Ring
2026-03-05,WGG8+G5|XH7P+G6,weekday_morning,16.29,3,8,13,-1.08,Mysore Road
2026-03-05,XG48+2W|VHWC+C3,weekday_morning,16.2,3,9,13,-2.17,South Outer Ring
2026-03-05,XMW9+G8|WMJR+V4,weekday_morning,15.88,3,10,13,-3.25,East Outer Ring
2026-03-05,2HVW+G8|XJXR+WG,weekday_morning,15.49,3,11,13,-4.33,North Outer Ring
2026-03-05,XPC7+72|XM33+J3,weekday_morning,14.94,3,12,13,-5.42,Old Airport Road
2026-03-05,WHR9+R6|XJGF+6J,weekday_morning,14.46,3,13,13,-6.5,Central Diagonal 2
2026-03-06,XJG4+7J|5PX4+HQ,weekday_morning,38.28,4,1,13,6.5,Airport Expy
2026-03-06,VJRQ+2M|RMJJ+F4,weekday_morning,26.14,4,2,13,5.42,Hosur Road
2026-03-06,WH5F+26|WJ8X+F5W,weekday_morning,21.11,4,3,13,4.33,Double Decker Flyover
2026-03-06,WP44+W8|WJFH+XQ,weekday_morning,20.2,4,4,13,3.25,Sarjapur Road
2026-03-06,XMW9+G8|WMJR+V4,weekday_morning,20.02,4,5,13,2.17,East Outer Ring
2026-03-06,WGG8+G5|XH7P+G6,weekday_morning,18.99,4,6,13,1.08,Mysore Road
2026-03-06,XPC7+72|XM33+J3,weekday_morning,18.54,4,7,13,0.0,Old Airport Road
2026-03-06,XHJ7+MG|WJM6+VC,weekday_morning,18.51,4,8,13,-1.08,Central Diagonal 1
2026-03-06,2HM2+P8|XJV5+RG,weekday_morning,18.48,4,9,13,-2.17,North Inner Ring
2026-03-06,XJPW+92|WJP4+FF,weekday_morning,18.44,4,10,13,-3.25,East Inner Ring
2026-03-06,2HVW+G8|XJXR+WG,weekday_morning,18.23,4,11,13,-4.33,North Outer Ring
2026-03-06,XG48+2W|VHWC+C3,weekday_morning,16.92,4,12,13,-5.42,South Outer Ring
2026-03-06,WHR9+R6|XJGF+6J,weekday_morning,16.28,4,13,13,-6.5,Central Diagonal 2
2026-03-09,XJG4+7J|5PX4+HQ,weekday_morning,38.02,2,1,13,6.5,Airport Expy
2026-03-09,VJRQ+2M|RMJJ+F4,weekday_morning,26.0,2,2,13,5.42,Hosur Road
2026-03-09,WH5F+26|WJ8X+F5W,weekday_morning,18.94,2,3,13,4.33,Double Decker Flyover
2026-03-09,XHJ7+MG|WJM6+VC,weekday_morning,18.78,2,4,13,3.25,Central Diagonal 1
2026-03-09,WGG8+G5|XH7P+G6,weekday_morning,18.73,2,5,13,2.17,Mysore Road
2026-03-09,2HM2+P8|XJV5+RG,weekday_morning,18.23,2,6,13,1.08,North Inner Ring
2026-03-09,XG48+2W|VHWC+C3,weekday_morning,16.77,2,7,13,0.0,South Outer Ring
2026-03-09,XJPW+92|WJP4+FF,weekday_morning,16.47,2,8,13,-1.08,East Inner Ring
2026-03-09,WP44+W8|WJFH+XQ,weekday_morning,16.01,2,9,13,-2.17,Sarjapur Road
2026-03-09,XPC7+72|XM33+J3,weekday_morning,15.72,2,10,13,-3.25,Old Airport Road
2026-03-09,WHR9+R6|XJGF+6J,weekday_morning,14.68,2,11,13,-4.33,Central Diagonal 2
2026-03-09,XMW9+G8|WMJR+V4,weekday_morning,13.81,2,12,13,-5.42,East Outer Ring
2026-03-09,2HVW+G8|XJXR+WG,weekday_morning,13.6,2,13,13,-6.5,North Outer Ring
2026-03-10,XJG4+7J|5PX4+HQ,weekday_morning,36.16,3,1,13,6.5,Airport Expy
2026-03-10,VJRQ+2M|RMJJ+F4,weekday_morning,24.76,3,2,13,5.42,Hosur Road
2026-03-10,WH5F+26|WJ8X+F5W,weekday_morning,19.12,3,3,13,4.33,Double Decker Flyover
2026-03-10,XHJ7+MG|WJM6+VC,weekday_morning,18.46,3,4,13,3.25,Central Diagonal 1
2026-03-10,2HM2+P8|XJV5+RG,weekday_morning,17.98,3,5,13,2.17,North Inner Ring
2026-03-10,WGG8+G5|XH7P+G6,weekday_morning,16.89,3,6,13,1.08,Mysore Road
2026-03-10,XG48+2W|VHWC+C3,weekday_morning,16.06,3,7,13,0.0,South Outer Ring
2026-03-10,XJPW+92|WJP4+FF,weekday_morning,15.98,3,8,13,-1.08,East Inner Ring
2026-03-10,WP44+W8|WJFH+XQ,weekday_morning,15.19,3,9,13,-2.17,Sarjapur Road
2026-03-10,2HVW+G8|XJXR+WG,weekday_morning,14.76,3,10,13,-3.25,North Outer Ring
2026-03-10,XPC7+72|XM33+J3,weekday_morning,14.42,3,11,13,-4.33,Old Airport Road
2026-03-10,WHR9+R6|XJGF+6J,weekday_morning,14.25,3,12,13,-5.42,Central Diagonal 2
2026-03-10,XMW9+G8|WMJR+V4,weekday_morning,12.77,3,13,13,-6.5,East Outer Ring
2026-03-11,XJG4+7J|5PX4+HQ,weekday_morning,36.08,3,1,13,6.5,Airport Expy
2026-03-11,VJRQ+2M|RMJJ+F4,weekday_morning,24.99,3,2,13,5.42,Hosur Road
2026-03-11,WGG8+G5|XH7P+G6,weekday_morning,18.0,3,3,13,4.33,Mysore Road
2026-03-11,WH5F+26|WJ8X+F5W,weekday_morning,17.84,3,4,13,3.25,Double Decker Flyover
2026-03-11,WP44+W8|WJFH+XQ,weekday_morning,17.76,3,5,13,2.17,Sarjapur Road
2026-03-11,2HM2+P8|XJV5+RG,weekday_morning,17.53,3,6,13,1.08,North Inner Ring
2026-03-11,XHJ7+MG|WJM6+VC,weekday_morning,16.93,3,7,13,0.0,Central Diagonal 1
2026-03-11,XG48+2W|VHWC+C3,weekday_morning,16.09,3,8,13,-1.08,South Outer Ring
2026-03-11,XJPW+92|WJP4+FF,weekday_morning,16.07,3,9,13,-2.17,East Inner Ring
2026-03-11,WHR9+R6|XJGF+6J,weekday_morning,15.05,3,10,13,-3.25,Central Diagonal 2
2026-03-11,XPC7+72|XM33+J3,weekday_morning,14.6,3,11,13,-4.33,Old Airport Road
2026-03-11,2HVW+G8|XJXR+WG,weekday_morning,14.59,3,12,13,-5.42,North Outer Ring
2026-03-11,XMW9+G8|WMJR+V4,weekday_morning,13.0,3,13,13,-6.5,East Outer Ring
2026-03-12,XJG4+7J|5PX4+HQ,weekday_morning,36.49,3,1,13,6.5,Airport Expy
2026-03-12,VJRQ+2M|RMJJ+F4,weekday_morning,24.05,3,2,13,5.42,Hosur Road
2026-03-12,WH5F+26|WJ8X+F5W,weekday_morning,20.17,3,3,13,4.33,Double Decker Flyover
2026-03-12,2HM2+P8|XJV5+RG,weekday_morning,18.42,3,4,13,3.25,North Inner Ring
2026-03-12,XHJ7+MG|WJM6+VC,weekday_morning,18.24,3,5,13,2.17,Central Diagonal 1
2026-03-12,WGG8+G5|XH7P+G6,weekday_morning,18.0,3,6,13,1.08,Mysore Road
2026-03-12,WP44+W8|WJFH+XQ,weekday_morning,17.12,3,7,13,0.0,Sarjapur Road
2026-03-12,XJPW+92|WJP4+FF,weekday_morning,16.62,3,8,13,-1.08,East Inner Ring
2026-03-12,XG48+2W|VHWC+C3,weekday_morning,16.35,3,9,13,-2.17,South Outer Ring
2026-03-12,XMW9+G8|WMJR+V4,weekday_morning,15.52,3,10,13,-3.25,East Outer Ring
2026-03-12,2HVW+G8|XJXR+WG,weekday_morning,15.31,3,11,13,-4.33,North Outer Ring
2026-03-12,WHR9+R6|XJGF+6J,weekday_morning,15.26,3,12,13,-5.42,Central Diagonal 2
2026-03-12,XPC7+72|XM33+J3,weekday_morning,15.07,3,13,13,-6.5,Old Airport Road
2026-03-13,XJG4+7J|5PX4+HQ,weekday_morning,35.7,3,1,13,6.5,Airport Expy
2026-03-13,VJRQ+2M|RMJJ+F4,weekday_morning,25.31,3,2,13,5.42,Hosur Road
2026-03-13,WH5F+26|WJ8X+F5W,weekday_morning,20.53,3,3,13,4.33,Double Decker Flyover
2026-03-13,WGG8+G5|XH7P+G6,weekday_morning,19.76,3,4,13,3.25,Mysore Road
2026-03-13,WP44+W8|WJFH+XQ,weekday_morning,19.76,3,5,13,2.17,Sarjapur Road
2026-03-13,2HM2+P8|XJV5+RG,weekday_morning,19.56,3,6,13,1.08,North Inner Ring
2026-03-13,XMW9+G8|WMJR+V4,weekday_morning,18.23,3,7,13,0.0,East Outer Ring
2026-03-13,XPC7+72|XM33+J3,weekday_morning,18.12,3,8,13,-1.08,Old Airport Road
2026-03-13,2HVW+G8|XJXR+WG,weekday_morning,17.73,3,9,13,-2.17,North Outer Ring
2026-03-13,XJPW+92|WJP4+FF,weekday_morning,17.6,3,10,13,-3.25,East Inner Ring
2026-03-13,XHJ7+MG|WJM6+VC,weekday_morning,17.47,3,11,13,-4.33,Central Diagonal 1
2026-03-13,XG48+2W|VHWC+C3,weekday_morning,16.58,3,12,13,-5.42,South Outer Ring
2026-03-13,WHR9+R6|XJGF+6J,weekday_morning,16.48,3,13,13,-6.5,Central Diagonal 2
2026-03-16,XJG4+7J|5PX4+HQ,weekday_morning,38.16,2,1,13,6.5,Airport Expy
2026-03-16,VJRQ+2M|RMJJ+F4,weekday_morning,25.57,2,2,13,5.42,Hosur Road
2026-03-16,WH5F+26|WJ8X+F5W,weekday_morning,21.33,2,3,13,4.33,Double Decker Flyover
2026-03-16,XHJ7+MG|WJM6+VC,weekday_morning,19.37,2,4,13,3.25,Central Diagonal 1
2026-03-16,2HM2+P8|XJV5+RG,weekday_morning,18.47,2,5,13,2.17,North Inner Ring
2026-03-16,WGG8+G5|XH7P+G6,weekday_morning,17.77,2,6,13,1.08,Mysore Road
2026-03-16,WP44+W8|WJFH+XQ,weekday_morning,17.73,2,7,13,0.0,Sarjapur Road
2026-03-16,XMW9+G8|WMJR+V4,weekday_morning,17.2,2,8,13,-1.08,East Outer Ring
2026-03-16,XG48+2W|VHWC+C3,weekday_morning,16.66,2,9,13,-2.17,South Outer Ring
2026-03-16,XJPW+92|WJP4+FF,weekday_morning,16.46,2,10,13,-3.25,East Inner Ring
2026-03-16,WHR9+R6|XJGF+6J,weekday_morning,16.26,2,11,13,-4.33,Central Diagonal 2
2026-03-16,2HVW+G8|XJXR+WG,weekday_morning,16.17,2,12,13,-5.42,North Outer Ring
2026-03-16,XPC7+72|XM33+J3,weekday_morning,14.34,2,13,13,-6.5,Old Airport Road
2026-03-17,XJG4+7J|5PX4+HQ,weekday_morning,38.16,2,1,13,6.5,Airport Expy
2026-03-17,VJRQ+2M|RMJJ+F4,weekday_morning,24.02,2,2,13,5.42,Hosur Road
2026-03-17,WH5F+26|WJ8X+F5W,weekday_morning,19.57,2,3,13,4.33,Double Decker Flyover
2026-03-17,2HM2+P8|XJV5+RG,weekday_morning,19.38,2,4,13,3.25,North Inner Ring
2026-03-17,WGG8+G5|XH7P+G6,weekday_morning,18.15,2,5,13,2.17,Mysore Road
2026-03-17,XHJ7+MG|WJM6+VC,weekday_morning,17.85,2,6,13,1.08,Central Diagonal 1
2026-03-17,XG48+2W|VHWC+C3,weekday_morning,17.13,2,7,13,0.0,South Outer Ring
2026-03-17,2HVW+G8|XJXR+WG,weekday_morning,15.97,2,8,13,-1.08,North Outer Ring
2026-03-17,WP44+W8|WJFH+XQ,weekday_morning,15.81,2,9,13,-2.17,Sarjapur Road
2026-03-17,XJPW+92|WJP4+FF,weekday_morning,15.21,2,10,13,-3.25,East Inner Ring
2026-03-17,WHR9+R6|XJGF+6J,weekday_morning,14.86,2,11,13,-4.33,Central Diagonal 2
2026-03-17,XPC7+72|XM33+J3,weekday_morning,14.62,2,12,13,-5.42,Old Airport Road
2026-03-17,XMW9+G8|WMJR+V4,weekday_morning,11.67,2,13,13,-6.5,East Outer Ring
2026-03-18,XJG4+7J|5PX4+HQ,weekday_morning,37.33,2,1,13,6.5,Airport Expy
2026-03-18,VJRQ+2M|RMJJ+F4,weekday_morning,23.54,2,2,13,5.42,Hosur Road
2026-03-18,WH5F+26|WJ8X+F5W,weekday_morning,19.4,2,3,13,4.33,Double Decker Flyover
2026-03-18,2HM2+P8|XJV5+RG,weekday_morning,18.17,2,4,13,3.25,North Inner Ring
2026-03-18,XHJ7+MG|WJM6+VC,weekday_morning,18.17,2,5,13,2.17,Central Diagonal 1
2026-03-18,WGG8+G5|XH7P+G6,weekday_morning,17.61,2,6,13,1.08,Mysore Road
2026-03-18,XG48+2W|VHWC+C3,weekday_morning,16.93,2,7,13,0.0,South Outer Ring
2026-03-18,WP44+W8|WJFH+XQ,weekday_morning,16.84,2,8,13,-1.08,Sarjapur Road
2026-03-18,XJPW+92|WJP4+FF,weekday_morning,16.51,2,9,13,-2.17,East Inner Ring
2026-03-18,XMW9+G8|WMJR+V4,weekday_morning,14.99,2,10,13,-3.25,East Outer Ring
2026-03-18,2HVW+G8|XJXR+WG,weekday_morning,14.15,2,11,13,-4.33,North Outer Ring
2026-03-18,WHR9+R6|XJGF+6J,weekday_morning,14.01,2,12,13,-5.42,Central Diagonal 2
2026-03-18,XPC7+72|XM33+J3,weekday_morning,13.75,2,13,13,-6.5,Old Airport Road
2026-03-19,XJG4+7J|5PX4+HQ,weekday_morning,43.33,2,1,13,6.5,Airport Expy
2026-03-19,VJRQ+2M|RMJJ+F4,weekday_morning,31.2,2,2,13,5.42,Hosur Road
2026-03-19,XMW9+G8|WMJR+V4,weekday_morning,27.7,2,3,13,4.33,East Outer Ring
2026-03-19,WH5F+26|WJ8X+F5W,weekday_morning,27.6,2,4,13,3.25,Double Decker Flyover
2026-03-19,WP44+W8|WJFH+XQ,weekday_morning,27.44,2,5,13,2.17,Sarjapur Road
2026-03-19,XPC7+72|XM33+J3,weekday_morning,26.53,2,6,13,1.08,Old Airport Road
2026-03-19,2HVW+G8|XJXR+WG,weekday_morning,26.51,2,7,13,0.0,North Outer Ring
2026-03-19,WGG8+G5|XH7P+G6,weekday_morning,25.88,2,8,13,-1.08,Mysore Road
2026-03-19,XHJ7+MG|WJM6+VC,weekday_morning,25.31,2,9,13,-2.17,Central Diagonal 1
2026-03-19,2HM2+P8|XJV5+RG,weekday_morning,23.13,2,10,13,-3.25,North Inner Ring
2026-03-19,XJPW+92|WJP4+FF,weekday_morning,21.57,2,11,13,-4.33,East Inner Ring
2026-03-19,XG48+2W|VHWC+C3,weekday_morning,20.03,2,12,13,-5.42,South Outer Ring
2026-03-19,WHR9+R6|XJGF+6J,weekday_morning,19.55,2,13,13,-6.5,Central Diagonal 2
2026-03-20,XJG4+7J|5PX4+HQ,weekday_morning,40.98,3,1,13,6.5,Airport Expy
2026-03-20,VJRQ+2M|RMJJ+F4,weekday_morning,30.21,3,2,13,5.42,Hosur Road
2026-03-20,XMW9+G8|WMJR+V4,weekday_morning,26.71,3,3,13,4.33,East Outer Ring
2026-03-20,WH5F+26|WJ8X+F5W,weekday_morning,25.0,3,4,13,3.25,Double Decker Flyover
2026-03-20,XPC7+72|XM33+J3,weekday_morning,23.83,3,5,13,2.17,Old Airport Road
2026-03-20,WP44+W8|WJFH+XQ,weekday_morning,23.81,3,6,13,1.08,Sarjapur Road
2026-03-20,2HVW+G8|XJXR+WG,weekday_morning,23.7,3,7,13,0.0,North Outer Ring
2026-03-20,WGG8+G5|XH7P+G6,weekday_morning,23.46,3,8,13,-1.08,Mysore Road
2026-03-20,2HM2+P8|XJV5+RG,weekday_morning,21.69,3,9,13,-2.17,North Inner Ring
2026-03-20,XHJ7+MG|WJM6+VC,weekday_morning,21.34,3,10,13,-3.25,Central Diagonal 1
2026-03-20,XJPW+92|WJP4+FF,weekday_morning,20.12,3,11,13,-4.33,East Inner Ring
2026-03-20,XG48+2W|VHWC+C3,weekday_morning,18.03,3,12,13,-5.42,South Outer Ring
2026-03-20,WHR9+R6|XJGF+6J,weekday_morning,17.85,3,13,13,-6.5,Central Diagonal 2
2026-03-23,XJG4+7J|5PX4+HQ,weekday_morning,36.95,3,1,13,6.5,Airport Expy
2026-03-23,VJRQ+2M|RMJJ+F4,weekday_morning,25.0,3,2,13,5.42,Hosur Road
2026-03-23,WH5F+26|WJ8X+F5W,weekday_morning,21.06,3,3,13,4.33,Double Decker Flyover
2026-03-23,WGG8+G5|XH7P+G6,weekday_morning,19.59,3,4,13,3.25,Mysore Road
2026-03-23,2HM2+P8|XJV5+RG,weekday_morning,19.0,3,5,13,2.17,North Inner Ring
2026-03-23,WP44+W8|WJFH+XQ,weekday_morning,17.91,3,6,13,1.08,Sarjapur Road
2026-03-23,XHJ7+MG|WJM6+VC,weekday_morning,17.16,3,7,13,0.0,Central Diagonal 1
2026-03-23,XJPW+92|WJP4+FF,weekday_morning,17.06,3,8,13,-1.08,East Inner Ring
2026-03-23,XG48+2W|VHWC+C3,weekday_morning,17.02,3,9,13,-2.17,South Outer Ring
2026-03-23,2HVW+G8|XJXR+WG,weekday_morning,16.56,3,10,13,-3.25,North Outer Ring
2026-03-23,XPC7+72|XM33+J3,weekday_morning,15.97,3,11,13,-4.33,Old Airport Road
2026-03-23,WHR9+R6|XJGF+6J,weekday_morning,15.59,3,12,13,-5.42,Central Diagonal 2
2026-03-23,XMW9+G8|WMJR+V4,weekday_morning,14.34,3,13,13,-6.5,East Outer Ring
2026-03-24,XJG4+7J|5PX4+HQ,weekday_morning,38.23,2,1,13,6.5,Airport Expy
2026-03-24,VJRQ+2M|RMJJ+F4,weekday_morning,26.0,2,2,13,5.42,Hosur Road
2026-03-24,WH5F+26|WJ8X+F5W,weekday_morning,20.22,2,3,13,4.33,Double Decker Flyover
2026-03-24,2HM2+P8|XJV5+RG,weekday_morning,18.84,2,4,13,3.25,North Inner Ring
2026-03-24,XHJ7+MG|WJM6+VC,weekday_morning,18.03,2,5,13,2.17,Central Diagonal 1
2026-03-24,XG48+2W|VHWC+C3,weekday_morning,17.19,2,6,13,1.08,South Outer Ring
2026-03-24,WGG8+G5|XH7P+G6,weekday_morning,16.71,2,7,13,0.0,Mysore Road
2026-03-24,WP44+W8|WJFH+XQ,weekday_morning,16.04,2,8,13,-1.08,Sarjapur Road
2026-03-24,2HVW+G8|XJXR+WG,weekday_morning,15.97,2,9,13,-2.17,North Outer Ring
2026-03-24,XJPW+92|WJP4+FF,weekday_morning,15.55,2,10,13,-3.25,East Inner Ring
2026-03-24,WHR9+R6|XJGF+6J,weekday_morning,15.04,2,11,13,-4.33,Central Diagonal 2
2026-03-24,XPC7+72|XM33+J3,weekday_morning,13.21,2,12,13,-5.42,Old Airport Road
2026-03-24,XMW9+G8|WMJR+V4,weekday_morning,11.1,2,13,13,-6.5,East Outer Ring
2026-03-25,XJG4+7J|5PX4+HQ,weekday_morning,36.51,2,1,13,6.5,Airport Expy
2026-03-25,VJRQ+2M|RMJJ+F4,weekday_morning,23.56,2,2,13,5.42,Hosur Road
2026-03-25,WH5F+26|WJ8X+F5W,weekday_morning,21.55,2,3,13,4.33,Double Decker Flyover
2026-03-25,2HM2+P8|XJV5+RG,weekday_morning,18.27,2,4,13,3.25,North Inner Ring
2026-03-25,XHJ7+MG|WJM6+VC,weekday_morning,18.27,2,5,13,2.17,Central Diagonal 1
2026-03-25,WGG8+G5|XH7P+G6,weekday_morning,17.94,2,6,13,1.08,Mysore Road
2026-03-25,XG48+2W|VHWC+C3,weekday_morning,16.68,2,7,13,0.0,South Outer Ring
2026-03-25,XJPW+92|WJP4+FF,weekday_morning,15.95,2,8,13,-1.08,East Inner Ring
2026-03-25,WP44+W8|WJFH+XQ,weekday_morning,15.34,2,9,13,-2.17,Sarjapur Road
2026-03-25,WHR9+R6|XJGF+6J,weekday_morning,14.69,2,10,13,-3.25,Central Diagonal 2
2026-03-25,2HVW+G8|XJXR+WG,weekday_morning,14.43,2,11,13,-4.33,North Outer Ring
2026-03-25,XPC7+72|XM33+J3,weekday_morning,14.35,2,12,13,-5.42,Old Airport Road
2026-03-25,XMW9+G8|WMJR+V4,weekday_morning,12.23,2,13,13,-6.5,East Outer Ring
2026-03-26,XJG4+7J|5PX4+HQ,weekday_morning,36.53,3,1,13,6.5,Airport Expy
2026-03-26,VJRQ+2M|RMJJ+F4,weekday_morning,23.09,3,2,13,5.42,Hosur Road
2026-03-26,WH5F+26|WJ8X+F5W,weekday_morning,21.54,3,3,13,4.33,Double Decker Flyover
2026-03-26,2HM2+P8|XJV5+RG,weekday_morning,18.21,3,4,13,3.25,North Inner Ring
2026-03-26,WP44+W8|WJFH+XQ,weekday_morning,18.05,3,5,13,2.17,Sarjapur Road
2026-03-26,XHJ7+MG|WJM6+VC,weekday_morning,17.31,3,6,13,1.08,Central Diagonal 1
2026-03-26,WGG8+G5|XH7P+G6,weekday_morning,17.25,3,7,13,0.0,Mysore Road
2026-03-26,XJPW+92|WJP4+FF,weekday_morning,16.76,3,8,13,-1.08,East Inner Ring
2026-03-26,XG48+2W|VHWC+C3,weekday_morning,16.07,3,9,13,-2.17,South Outer Ring
2026-03-26,XPC7+72|XM33+J3,weekday_morning,15.05,3,10,13,-3.25,Old Airport Road
2026-03-26,WHR9+R6|XJGF+6J,weekday_morning,14.89,3,11,13,-4.33,Central Diagonal 2
2026-03-26,2HVW+G8|XJXR+WG,weekday_morning,14.11,3,12,13,-5.42,North Outer Ring
2026-03-26,XMW9+G8|WMJR+V4,weekday_morning,13.73,3,13,13,-6.5,East Outer Ring
2026-03-27,XJG4+7J|5PX4+HQ,weekday_morning,38.39,3,1,13,6.5,Airport Expy
2026-03-27,VJRQ+2M|RMJJ+F4,weekday_morning,23.62,3,2,13,5.42,Hosur Road
2026-03-27,WH5F+26|WJ8X+F5W,weekday_morning,20.38,3,3,13,4.33,Double Decker Flyover
2026-03-27,WGG8+G5|XH7P+G6,weekday_morning,19.21,3,4,13,3.25,Mysore Road
2026-03-27,WP44+W8|WJFH+XQ,weekday_morning,18.54,3,5,13,2.17,Sarjapur Road
2026-03-27,XHJ7+MG|WJM6+VC,weekday_morning,18.42,3,6,13,1.08,Central Diagonal 1
2026-03-27,2HM2+P8|XJV5+RG,weekday_morning,18.18,3,7,13,0.0,North Inner Ring
2026-03-27,XPC7+72|XM33+J3,weekday_morning,17.42,3,8,13,-1.08,Old Airport Road
2026-03-27,XMW9+G8|WMJR+V4,weekday_morning,16.95,3,9,13,-2.17,East Outer Ring
2026-03-27,XG48+2W|VHWC+C3,weekday_morning,16.86,3,10,13,-3.25,South Outer Ring
2026-03-27,XJPW+92|WJP4+FF,weekday_morning,16.63,3,11,13,-4.33,East Inner Ring
2026-03-27,2HVW+G8|XJXR+WG,weekday_morning,16.41,3,12,13,-5.42,North Outer Ring
2026-03-27,WHR9+R6|XJGF+6J,weekday_morning,16.02,3,13,13,-6.5,Central Diagonal 2
2026-03-30,XJG4+7J|5PX4+HQ,weekday_morning,40.76,2,1,13,6.5,Airport Expy
2026-03-30,VJRQ+2M|RMJJ+F4,weekday_morning,26.57,2,2,13,5.42,Hosur Road
2026-03-30,WH5F+26|WJ8X+F5W,weekday_morning,23.58,2,3,13,4.33,Double Decker Flyover
2026-03-30,XHJ7+MG|WJM6+VC,weekday_morning,20.58,2,4,13,3.25,Central Diagonal 1
2026-03-30,WP44+W8|WJFH+XQ,weekday_morning,19.78,2,5,13,2.17,Sarjapur Road
2026-03-30,WGG8+G5|XH7P+G6,weekday_morning,19.61,2,6,13,1.08,Mysore Road
2026-03-30,2HM2+P8|XJV5+RG,weekday_morning,19.29,2,7,13,0.0,North Inner Ring
2026-03-30,XG48+2W|VHWC+C3,weekday_morning,17.54,2,8,13,-1.08,South Outer Ring
2026-03-30,XPC7+72|XM33+J3,weekday_morning,17.53,2,9,13,-2.17,Old Airport Road
2026-03-30,2HVW+G8|XJXR+WG,weekday_morning,17.24,2,10,13,-3.25,North Outer Ring
2026-03-30,XJPW+92|WJP4+FF,weekday_morning,17.17,2,11,13,-4.33,East Inner Ring
2026-03-30,WHR9+R6|XJGF+6J,weekday_morning,16.22,2,12,13,-5.42,Central Diagonal 2
2026-03-30,XMW9+G8|WMJR+V4,weekday_morning,15.36,2,13,13,-6.5,East Outer Ring
2026-03-31,XJG4+7J|5PX4+HQ,weekday_morning,39.33,3,1,13,6.5,Airport Expy
2026-03-31,VJRQ+2M|RMJJ+F4,weekday_morning,23.42,3,2,13,5.42,Hosur Road
2026-03-31,WH5F+26|WJ8X+F5W,weekday_morning,21.36,3,3,13,4.33,Double Decker Flyover
2026-03-31,XHJ7+MG|WJM6+VC,weekday_morning,19.39,3,4,13,3.25,Central Diagonal 1
2026-03-31,2HM2+P8|XJV5+RG,weekday_morning,18.88,3,5,13,2.17,North Inner Ring
2026-03-31,WP44+W8|WJFH+XQ,weekday_morning,18.59,3,6,13,1.08,Sarjapur Road
2026-03-31,WGG8+G5|XH7P+G6,weekday_morning,17.53,3,7,13,0.0,Mysore Road
2026-03-31,XG48+2W|VHWC+C3,weekday_morning,17.06,3,8,13,-1.08,South Outer Ring
2026-03-31,XJPW+92|WJP4+FF,weekday_morning,16.01,3,9,13,-2.17,East Inner Ring
2026-03-31,WHR9+R6|XJGF+6J,weekday_morning,15.75,3,10,13,-3.25,Central Diagonal 2
2026-03-31,2HVW+G8|XJXR+WG,weekday_morning,15.24,3,11,13,-4.33,North Outer Ring
2026-03-31,XPC7+72|XM33+J3,weekday_morning,14.3,3,12,13,-5.42,Old Airport Road
2026-03-31,XMW9+G8|WMJR+V4,weekday_morning,14.15,3,13,13,-6.5,East Outer Ring
2026-04-01,XJG4+7J|5PX4+HQ,weekday_morning,37.16,2,1,13,6.5,Airport Expy
2026-04-01,VJRQ+2M|RMJJ+F4,weekday_morning,24.02,2,2,13,5.42,Hosur Road
2026-04-01,WH5F+26|WJ8X+F5W,weekday_morning,22.44,2,3,13,4.33,Double Decker Flyover
2026-04-01,XHJ7+MG|WJM6+VC,weekday_morning,19.55,2,4,13,3.25,Central Diagonal 1
2026-04-01,WGG8+G5|XH7P+G6,weekday_morning,18.58,2,5,13,2.17,Mysore Road
2026-04-01,2HM2+P8|XJV5+RG,weekday_morning,18.23,2,6,13,1.08,North Inner Ring
2026-04-01,WP44+W8|WJFH+XQ,weekday_morning,17.53,2,7,13,0.0,Sarjapur Road
2026-04-01,XG48+2W|VHWC+C3,weekday_morning,16.38,2,8,13,-1.08,South Outer Ring
2026-04-01,XJPW+92|WJP4+FF,weekday_morning,16.0,2,9,13,-2.17,East Inner Ring
2026-04-01,WHR9+R6|XJGF+6J,weekday_morning,15.47,2,10,13,-3.25,Central Diagonal 2
2026-04-01,2HVW+G8|XJXR+WG,weekday_morning,15.41,2,11,13,-4.33,North Outer Ring
2026-04-01,XMW9+G8|WMJR+V4,weekday_morning,14.74,2,12,13,-5.42,East Outer Ring
2026-04-01,XPC7+72|XM33+J3,weekday_morning,13.98,2,13,13,-6.5,Old Airport Road
2026-04-02,XJG4+7J|5PX4+HQ,weekday_morning,37.2,3,1,13,6.5,Airport Expy
2026-04-02,VJRQ+2M|RMJJ+F4,weekday_morning,24.39,3,2,13,5.42,Hosur Road
2026-04-02,WH5F+26|WJ8X+F5W,weekday_morning,20.03,3,3,13,4.33,Double Decker Flyover
2026-04-02,WP44+W8|WJFH+XQ,weekday_morning,18.89,3,4,13,3.25,Sarjapur Road
2026-04-02,2HM2+P8|XJV5+RG,weekday_morning,17.82,3,5,13,2.17,North Inner Ring
2026-04-02,XMW9+G8|WMJR+V4,weekday_morning,17.31,3,6,13,1.08,East Outer Ring
2026-04-02,XHJ7+MG|WJM6+VC,weekday_morning,17.23,3,7,13,0.0,Central Diagonal 1
2026-04-02,XG48+2W|VHWC+C3,weekday_morning,16.53,3,8,13,-1.08,South Outer Ring
2026-04-02,XJPW+92|WJP4+FF,weekday_morning,16.3,3,9,13,-2.17,East Inner Ring
2026-04-02,2HVW+G8|XJXR+WG,weekday_morning,16.19,3,10,13,-3.25,North Outer Ring
2026-04-02,WGG8+G5|XH7P+G6,weekday_morning,15.93,3,11,13,-4.33,Mysore Road
2026-04-02,XPC7+72|XM33+J3,weekday_morning,15.16,3,12,13,-5.42,Old Airport Road
2026-04-02,WHR9+R6|XJGF+6J,weekday_morning,14.74,3,13,13,-6.5,Central Diagonal 2
2026-04-03,XJG4+7J|5PX4+HQ,weekday_morning,41.58,3,1,13,6.5,Airport Expy
2026-04-03,XMW9+G8|WMJR+V4,weekday_morning,29.02,3,2,13,5.42,East Outer Ring
2026-04-03,VJRQ+2M|RMJJ+F4,weekday_morning,26.9,3,3,13,4.33,Hosur Road
2026-04-03,WH5F+26|WJ8X+F5W,weekday_morning,26.7,3,4,13,3.25,Double Decker Flyover
2026-04-03,WP44+W8|WJFH+XQ,weekday_morning,25.46,3,5,13,2.17,Sarjapur Road
2026-04-03,WGG8+G5|XH7P+G6,weekday_morning,23.3,3,6,13,1.08,Mysore Road
2026-04-03,XPC7+72|XM33+J3,weekday_morning,23.17,3,7,13,0.0,Old Airport Road
2026-04-03,XHJ7+MG|WJM6+VC,weekday_morning,22.68,3,8,13,-1.08,Central Diagonal 1
2026-04-03,2HM2+P8|XJV5+RG,weekday_morning,21.46,3,9,13,-2.17,North Inner Ring
2026-04-03,XJPW+92|WJP4+FF,weekday_morning,19.95,3,10,13,-3.25,East Inner Ring
2026-04-03,2HVW+G8|XJXR+WG,weekday_morning,19.59,3,11,13,-4.33,North Outer Ring
2026-04-03,WHR9+R6|XJGF+6J,weekday_morning,18.93,3,12,13,-5.42,Central Diagonal 2
2026-04-03,XG48+2W|VHWC+C3,weekday_morning,17.85,3,13,13,-6.5,South Outer Ring
2026-04-06,XJG4+7J|5PX4+HQ,weekday_morning,38.55,2,1,13,6.5,Airport Expy
2026-04-06,VJRQ+2M|RMJJ+F4,weekday_morning,25.48,2,2,13,5.42,Hosur Road
2026-04-06,WH5F+26|WJ8X+F5W,weekday_morning,21.64,2,3,13,4.33,Double Decker Flyover
2026-04-06,WP44+W8|WJFH+XQ,weekday_morning,18.68,2,4,13,3.25,Sarjapur Road
2026-04-06,WGG8+G5|XH7P+G6,weekday_morning,18.07,2,5,13,2.17,Mysore Road
2026-04-06,XJPW+92|WJP4+FF,weekday_morning,17.68,2,6,13,1.08,East Inner Ring
2026-04-06,XHJ7+MG|WJM6+VC,weekday_morning,17.6,2,7,13,0.0,Central Diagonal 1
2026-04-06,2HM2+P8|XJV5+RG,weekday_morning,17.34,2,8,13,-1.08,North Inner Ring
2026-04-06,XG48+2W|VHWC+C3,weekday_morning,17.24,2,9,13,-2.17,South Outer Ring
2026-04-06,XMW9+G8|WMJR+V4,weekday_morning,15.9,2,10,13,-3.25,East Outer Ring
2026-04-06,2HVW+G8|XJXR+WG,weekday_morning,15.71,2,11,13,-4.33,North Outer Ring
2026-04-06,WHR9+R6|XJGF+6J,weekday_morning,15.66,2,12,13,-5.42,Central Diagonal 2
2026-04-06,XPC7+72|XM33+J3,weekday_morning,14.24,2,13,13,-6.5,Old Airport Road
2026-04-07,XJG4+7J|5PX4+HQ,weekday_morning,36.28,4,1,13,6.5,Airport Expy
2026-04-07,VJRQ+2M|RMJJ+F4,weekday_morning,25.64,4,2,13,5.42,Hosur Road
2026-04-07,WH5F+26|WJ8X+F5W,weekday_morning,19.35,4,3,13,4.33,Double Decker Flyover
2026-04-07,XHJ7+MG|WJM6+VC,weekday_morning,18.31,4,4,13,3.25,Central Diagonal 1
2026-04-07,2HM2+P8|XJV5+RG,weekday_morning,17.55,4,5,13,2.17,North Inner Ring
2026-04-07,WGG8+G5|XH7P+G6,weekday_morning,17.12,4,6,13,1.08,Mysore Road
2026-04-07,XG48+2W|VHWC+C3,weekday_morning,16.59,4,7,13,0.0,South Outer Ring
2026-04-07,XJPW+92|WJP4+FF,weekday_morning,15.45,4,8,13,-1.08,East Inner Ring
2026-04-07,2HVW+G8|XJXR+WG,weekday_morning,14.97,4,9,13,-2.17,North Outer Ring
2026-04-07,WP44+W8|WJFH+XQ,weekday_morning,14.62,4,10,13,-3.25,Sarjapur Road
2026-04-07,WHR9+R6|XJGF+6J,weekday_morning,14.58,4,11,13,-4.33,Central Diagonal 2
2026-04-07,XPC7+72|XM33+J3,weekday_morning,13.71,4,12,13,-5.42,Old Airport Road
2026-04-07,XMW9+G8|WMJR+V4,weekday_morning,12.06,4,13,13,-6.5,East Outer Ring
2026-04-08,XJG4+7J|5PX4+HQ,weekday_morning,36.86,2,1,13,6.5,Airport Expy
2026-04-08,VJRQ+2M|RMJJ+F4,weekday_morning,24.54,2,2,13,5.42,Hosur Road
2026-04-08,WH5F+26|WJ8X+F5W,weekday_morning,20.25,2,3,13,4.33,Double Decker Flyover
2026-04-08,WGG8+G5|XH7P+G6,weekday_morning,19.34,2,4,13,3.25,Mysore Road
2026-04-08,XHJ7+MG|WJM6+VC,weekday_morning,18.23,2,5,13,2.17,Central Diagonal 1
2026-04-08,2HM2+P8|XJV5+RG,weekday_morning,17.95,2,6,13,1.08,North Inner Ring
2026-04-08,WP44+W8|WJFH+XQ,weekday_morning,17.29,2,7,13,0.0,Sarjapur Road
2026-04-08,XG48+2W|VHWC+C3,weekday_morning,16.58,2,8,13,-1.08,South Outer Ring
2026-04-08,XJPW+92|WJP4+FF,weekday_morning,16.07,2,9,13,-2.17,East Inner Ring
2026-04-08,WHR9+R6|XJGF+6J,weekday_morning,15.03,2,10,13,-3.25,Central Diagonal 2
2026-04-08,XPC7+72|XM33+J3,weekday_morning,14.28,2,11,13,-4.33,Old Airport Road
2026-04-08,2HVW+G8|XJXR+WG,weekday_morning,13.76,2,12,13,-5.42,North Outer Ring
2026-04-08,XMW9+G8|WMJR+V4,weekday_morning,13.18,2,13,13,-6.5,East Outer Ring
2026-04-09,XJG4+7J|5PX4+HQ,weekday_morning,37.0,2,1,13,6.5,Airport Expy
2026-04-09,VJRQ+2M|RMJJ+F4,weekday_morning,23.54,2,2,13,5.42,Hosur Road
2026-04-09,WH5F+26|WJ8X+F5W,weekday_morning,20.91,2,3,13,4.33,Double Decker Flyover
2026-04-09,WP44+W8|WJFH+XQ,weekday_morning,19.28,2,4,13,3.25,Sarjapur Road
2026-04-09,XHJ7+MG|WJM6+VC,weekday_morning,18.3,2,5,13,2.17,Central Diagonal 1
2026-04-09,2HM2+P8|XJV5+RG,weekday_morning,17.24,2,6,13,1.08,North Inner Ring
2026-04-09,WGG8+G5|XH7P+G6,weekday_morning,16.82,2,7,13,0.0,Mysore Road
2026-04-09,XMW9+G8|WMJR+V4,weekday_morning,16.43,2,8,13,-1.08,East Outer Ring
2026-04-09,XJPW+92|WJP4+FF,weekday_morning,16.18,2,9,13,-2.17,East Inner Ring
2026-04-09,XG48+2W|VHWC+C3,weekday_morning,16.14,2,10,13,-3.25,South Outer Ring
2026-04-09,2HVW+G8|XJXR+WG,weekday_morning,15.85,2,11,13,-4.33,North Outer Ring
2026-04-09,WHR9+R6|XJGF+6J,weekday_morning,14.51,2,12,13,-5.42,Central Diagonal 2
2026-04-09,XPC7+72|XM33+J3,weekday_morning,14.47,2,13,13,-6.5,Old Airport Road
2026-04-10,XJG4+7J|5PX4+HQ,weekday_morning,37.58,2,1,13,6.5,Airport Expy
2026-04-10,VJRQ+2M|RMJJ+F4,weekday_morning,24.54,2,2,13,5.42,Hosur Road
2026-04-10,WH5F+26|WJ8X+F5W,weekday_morning,19.92,2,3,13,4.33,Double Decker Flyover
2026-04-10,WP44+W8|WJFH+XQ,weekday_morning,19.28,2,4,13,3.25,Sarjapur Road
2026-04-10,XPC7+72|XM33+J3,weekday_morning,18.99,2,5,13,2.17,Old Airport Road
2026-04-10,WGG8+G5|XH7P+G6,weekday_morning,18.86,2,6,13,1.08,Mysore Road
2026-04-10,XHJ7+MG|WJM6+VC,weekday_morning,18.81,2,7,13,0.0,Central Diagonal 1
2026-04-10,2HM2+P8|XJV5+RG,weekday_morning,18.35,2,8,13,-1.08,North Inner Ring
2026-04-10,XJPW+92|WJP4+FF,weekday_morning,18.2,2,9,13,-2.17,East Inner Ring
2026-04-10,XMW9+G8|WMJR+V4,weekday_morning,17.65,2,10,13,-3.25,East Outer Ring
2026-04-10,XG48+2W|VHWC+C3,weekday_morning,16.93,2,11,13,-4.33,South Outer Ring
2026-04-10,2HVW+G8|XJXR+WG,weekday_morning,16.48,2,12,13,-5.42,North Outer Ring
2026-04-10,WHR9+R6|XJGF+6J,weekday_morning,16.06,2,13,13,-6.5,Central Diagonal 2
2026-04-13,XJG4+7J|5PX4+HQ,weekday_morning,39.96,2,1,13,6.5,Airport Expy
2026-04-13,VJRQ+2M|RMJJ+F4,weekday_morning,25.57,2,2,13,5.42,Hosur Road
2026-04-13,WH5F+26|WJ8X+F5W,weekday_morning,22.05,2,3,13,4.33,Double Decker Flyover
2026-04-13,WP44+W8|WJFH+XQ,weekday_morning,19.6,2,4,13,3.25,Sarjapur Road
2026-04-13,XHJ7+MG|WJM6+VC,weekday_morning,18.81,2,5,13,2.17,Central Diagonal 1
2026-04-13,WGG8+G5|XH7P+G6,weekday_morning,18.64,2,6,13,1.08,Mysore Road
2026-04-13,2HM2+P8|XJV5+RG,weekday_morning,18.19,2,7,13,0.0,North Inner Ring
2026-04-13,XG48+2W|VHWC+C3,weekday_morning,17.63,2,8,13,-1.08,South Outer Ring
2026-04-13,XJPW+92|WJP4+FF,weekday_morning,16.71,2,9,13,-2.17,East Inner Ring
2026-04-13,XMW9+G8|WMJR+V4,weekday_morning,16.65,2,10,13,-3.25,East Outer Ring
2026-04-13,XPC7+72|XM33+J3,weekday_morning,15.81,2,11,13,-4.33,Old Airport Road
2026-04-13,WHR9+R6|XJGF+6J,weekday_morning,14.98,2,12,13,-5.42,Central Diagonal 2
2026-04-13,2HVW+G8|XJXR+WG,weekday_morning,14.7,2,13,13,-6.5,North Outer Ring
2026-04-14,XJG4+7J|5PX4+HQ,weekday_morning,39.61,3,1,13,6.5,Airport Expy
2026-04-14,VJRQ+2M|RMJJ+F4,weekday_morning,26.42,3,2,13,5.42,Hosur Road
2026-04-14,WH5F+26|WJ8X+F5W,weekday_morning,21.26,3,3,13,4.33,Double Decker Flyover
2026-04-14,WGG8+G5|XH7P+G6,weekday_morning,20.5,3,4,13,3.25,Mysore Road
2026-04-14,XHJ7+MG|WJM6+VC,weekday_morning,19.8,3,5,13,2.17,Central Diagonal 1
2026-04-14,2HM2+P8|XJV5+RG,weekday_morning,18.94,3,6,13,1.08,North Inner Ring
2026-04-14,XG48+2W|VHWC+C3,weekday_morning,17.55,3,7,13,0.0,South Outer Ring
2026-04-14,WP44+W8|WJFH+XQ,weekday_morning,17.1,3,8,13,-1.08,Sarjapur Road
2026-04-14,XJPW+92|WJP4+FF,weekday_morning,16.96,3,9,13,-2.17,East Inner Ring
2026-04-14,XMW9+G8|WMJR+V4,weekday_morning,16.77,3,10,13,-3.25,East Outer Ring
2026-04-14,WHR9+R6|XJGF+6J,weekday_morning,16.23,3,11,13,-4.33,Central Diagonal 2
2026-04-14,XPC7+72|XM33+J3,weekday_morning,15.4,3,12,13,-5.42,Old Airport Road
2026-04-14,2HVW+G8|XJXR+WG,weekday_morning,15.3,3,13,13,-6.5,North Outer Ring
2026-04-15,XJG4+7J|5PX4+HQ,weekday_morning,36.2,3,1,13,6.5,Airport Expy
2026-04-15,VJRQ+2M|RMJJ+F4,weekday_morning,24.96,3,2,13,5.42,Hosur Road
2026-04-15,WH5F+26|WJ8X+F5W,weekday_morning,20.17,3,3,13,4.33,Double Decker Flyover
2026-04-15,WP44+W8|WJFH+XQ,weekday_morning,17.71,3,4,13,3.25,Sarjapur Road
2026-04-15,2HM2+P8|XJV5+RG,weekday_morning,17.52,3,5,13,2.17,North Inner Ring
2026-04-15,WGG8+G5|XH7P+G6,weekday_morning,17.42,3,6,13,1.08,Mysore Road
2026-04-15,XHJ7+MG|WJM6+VC,weekday_morning,17.02,3,7,13,0.0,Central Diagonal 1
2026-04-15,XJPW+92|WJP4+FF,weekday_morning,15.97,3,8,13,-1.08,East Inner Ring
2026-04-15,XG48+2W|VHWC+C3,weekday_morning,15.96,3,9,13,-2.17,South Outer Ring
2026-04-15,WHR9+R6|XJGF+6J,weekday_morning,14.83,3,10,13,-3.25,Central Diagonal 2
2026-04-15,XPC7+72|XM33+J3,weekday_morning,14.75,3,11,13,-4.33,Old Airport Road
2026-04-15,XMW9+G8|WMJR+V4,weekday_morning,13.92,3,12,13,-5.42,East Outer Ring
2026-04-15,2HVW+G8|XJXR+WG,weekday_morning,13.83,3,13,13,-6.5,North Outer Ring
2026-04-16,XJG4+7J|5PX4+HQ,weekday_morning,37.23,2,1,13,6.5,Airport Expy
2026-04-16,VJRQ+2M|RMJJ+F4,weekday_morning,24.02,2,2,13,5.42,Hosur Road
2026-04-16,WH5F+26|WJ8X+F5W,weekday_morning,19.94,2,3,13,4.33,Double Decker Flyover
2026-04-16,XHJ7+MG|WJM6+VC,weekday_morning,18.45,2,4,13,3.25,Central Diagonal 1
2026-04-16,WGG8+G5|XH7P+G6,weekday_morning,18.15,2,5,13,2.17,Mysore Road
2026-04-16,2HM2+P8|XJV5+RG,weekday_morning,17.85,2,6,13,1.08,North Inner Ring
2026-04-16,XG48+2W|VHWC+C3,weekday_morning,17.79,2,7,13,0.0,South Outer Ring
2026-04-16,XMW9+G8|WMJR+V4,weekday_morning,17.08,2,8,13,-1.08,East Outer Ring
2026-04-16,WP44+W8|WJFH+XQ,weekday_morning,16.34,2,9,13,-2.17,Sarjapur Road
2026-04-16,XJPW+92|WJP4+FF,weekday_morning,15.91,2,10,13,-3.25,East Inner Ring
2026-04-16,WHR9+R6|XJGF+6J,weekday_morning,15.87,2,11,13,-4.33,Central Diagonal 2
2026-04-16,XPC7+72|XM33+J3,weekday_morning,15.34,2,12,13,-5.42,Old Airport Road
2026-04-16,2HVW+G8|XJXR+WG,weekday_morning,14.56,2,13,13,-6.5,North Outer Ring
2026-04-17,XJG4+7J|5PX4+HQ,weekday_morning,37.53,2,1,13,6.5,Airport Expy
2026-04-17,VJRQ+2M|RMJJ+F4,weekday_morning,25.36,2,2,13,5.42,Hosur Road
2026-04-17,WH5F+26|WJ8X+F5W,weekday_morning,20.72,2,3,13,4.33,Double Decker Flyover
2026-04-17,XMW9+G8|WMJR+V4,weekday_morning,19.93,2,4,13,3.25,East Outer Ring
2026-04-17,XPC7+72|XM33+J3,weekday_morning,19.84,2,5,13,2.17,Old Airport Road
2026-04-17,2HM2+P8|XJV5+RG,weekday_morning,19.66,2,6,13,1.08,North Inner Ring
2026-04-17,XHJ7+MG|WJM6+VC,weekday_morning,19.37,2,7,13,0.0,Central Diagonal 1
2026-04-17,WP44+W8|WJFH+XQ,weekday_morning,19.29,2,8,13,-1.08,Sarjapur Road
2026-04-17,WGG8+G5|XH7P+G6,weekday_morning,18.58,2,9,13,-2.17,Mysore Road
2026-04-17,XJPW+92|WJP4+FF,weekday_morning,18.36,2,10,13,-3.25,East Inner Ring
2026-04-17,2HVW+G8|XJXR+WG,weekday_morning,17.7,2,11,13,-4.33,North Outer Ring
2026-04-17,XG48+2W|VHWC+C3,weekday_morning,16.86,2,12,13,-5.42,South Outer Ring
2026-04-17,WHR9+R6|XJGF+6J,weekday_morning,16.25,2,13,13,-6.5,Central Diagonal 2
2026-04-20,XJG4+7J|5PX4+HQ,weekday_morning,38.18,2,1,13,6.5,Airport Expy
2026-04-20,VJRQ+2M|RMJJ+F4,weekday_morning,26.31,2,2,13,5.42,Hosur Road
2026-04-20,WH5F+26|WJ8X+F5W,weekday_morning,22.28,2,3,13,4.33,Double Decker Flyover
2026-04-20,XHJ7+MG|WJM6+VC,weekday_morning,20.48,2,4,13,3.25,Central Diagonal 1
2026-04-20,2HM2+P8|XJV5+RG,weekday_morning,19.97,2,5,13,2.17,North Inner Ring
2026-04-20,WGG8+G5|XH7P+G6,weekday_morning,19.82,2,6,13,1.08,Mysore Road
2026-04-20,XMW9+G8|WMJR+V4,weekday_morning,19.63,2,7,13,0.0,East Outer Ring
2026-04-20,WP44+W8|WJFH+XQ,weekday_morning,18.6,2,8,13,-1.08,Sarjapur Road
2026-04-20,XJPW+92|WJP4+FF,weekday_morning,17.62,2,9,13,-2.17,East Inner Ring
2026-04-20,XG48+2W|VHWC+C3,weekday_morning,17.4,2,10,13,-3.25,South Outer Ring
2026-04-20,2HVW+G8|XJXR+WG,weekday_morning,17.0,2,11,13,-4.33,North Outer Ring
2026-04-20,XPC7+72|XM33+J3,weekday_morning,16.44,2,12,13,-5.42,Old Airport Road
2026-04-20,WHR9+R6|XJGF+6J,weekday_morning,15.99,2,13,13,-6.5,Central Diagonal 2
2026-04-21,XJG4+7J|5PX4+HQ,weekday_morning,37.11,2,1,13,6.5,Airport Expy
2026-04-21,VJRQ+2M|RMJJ+F4,weekday_morning,25.7,2,2,13,5.42,Hosur Road
2026-04-21,WH5F+26|WJ8X+F5W,weekday_morning,21.42,2,3,13,4.33,Double Decker Flyover
2026-04-21,2HM2+P8|XJV5+RG,weekday_morning,18.44,2,4,13,3.25,North Inner Ring
2026-04-21,XHJ7+MG|WJM6+VC,weekday_morning,18.07,2,5,13,2.17,Central Diagonal 1
2026-04-21,WGG8+G5|XH7P+G6,weekday_morning,17.83,2,6,13,1.08,Mysore Road
2026-04-21,XJPW+92|WJP4+FF,weekday_morning,16.71,2,7,13,0.0,East Inner Ring
2026-04-21,XG48+2W|VHWC+C3,weekday_morning,16.47,2,8,13,-1.08,South Outer Ring
2026-04-21,WP44+W8|WJFH+XQ,weekday_morning,15.56,2,9,13,-2.17,Sarjapur Road
2026-04-21,XMW9+G8|WMJR+V4,weekday_morning,15.25,2,10,13,-3.25,East Outer Ring
2026-04-21,2HVW+G8|XJXR+WG,weekday_morning,14.74,2,11,13,-4.33,North Outer Ring
2026-04-21,WHR9+R6|XJGF+6J,weekday_morning,14.59,2,12,13,-5.42,Central Diagonal 2
2026-04-21,XPC7+72|XM33+J3,weekday_morning,14.29,2,13,13,-6.5,Old Airport Road
2026-04-22,XJG4+7J|5PX4+HQ,weekday_morning,37.23,2,1,13,6.5,Airport Expy
2026-04-22,VJRQ+2M|RMJJ+F4,weekday_morning,23.47,2,2,13,5.42,Hosur Road
2026-04-22,WH5F+26|WJ8X+F5W,weekday_morning,20.64,2,3,13,4.33,Double Decker Flyover
2026-04-22,2HM2+P8|XJV5+RG,weekday_morning,19.16,2,4,13,3.25,North Inner Ring
2026-04-22,WGG8+G5|XH7P+G6,weekday_morning,18.9,2,5,13,2.17,Mysore Road
2026-04-22,XHJ7+MG|WJM6+VC,weekday_morning,17.75,2,6,13,1.08,Central Diagonal 1
2026-04-22,XJPW+92|WJP4+FF,weekday_morning,17.35,2,7,13,0.0,East Inner Ring
2026-04-22,XG48+2W|VHWC+C3,weekday_morning,17.17,2,8,13,-1.08,South Outer Ring
2026-04-22,2HVW+G8|XJXR+WG,weekday_morning,16.47,2,9,13,-2.17,North Outer Ring
2026-04-22,WP44+W8|WJFH+XQ,weekday_morning,16.11,2,10,13,-3.25,Sarjapur Road
2026-04-22,XMW9+G8|WMJR+V4,weekday_morning,15.9,2,11,13,-4.33,East Outer Ring
2026-04-22,XPC7+72|XM33+J3,weekday_morning,15.81,2,12,13,-5.42,Old Airport Road
2026-04-22,WHR9+R6|XJGF+6J,weekday_morning,15.36,2,13,13,-6.5,Central Diagonal 2
2026-04-23,XJG4+7J|5PX4+HQ,weekday_morning,36.02,2,1,13,6.5,Airport Expy
2026-04-23,VJRQ+2M|RMJJ+F4,weekday_morning,25.32,2,2,13,5.42,Hosur Road
2026-04-23,WH5F+26|WJ8X+F5W,weekday_morning,19.61,2,3,13,4.33,Double Decker Flyover
2026-04-23,WP44+W8|WJFH+XQ,weekday_morning,19.29,2,4,13,3.25,Sarjapur Road
2026-04-23,XHJ7+MG|WJM6+VC,weekday_morning,17.92,2,5,13,2.17,Central Diagonal 1
2026-04-23,XMW9+G8|WMJR+V4,weekday_morning,17.84,2,6,13,1.08,East Outer Ring
2026-04-23,2HM2+P8|XJV5+RG,weekday_morning,17.7,2,7,13,0.0,North Inner Ring
2026-04-23,XJPW+92|WJP4+FF,weekday_morning,16.94,2,8,13,-1.08,East Inner Ring
2026-04-23,WGG8+G5|XH7P+G6,weekday_morning,16.82,2,9,13,-2.17,Mysore Road
2026-04-23,XPC7+72|XM33+J3,weekday_morning,16.34,2,10,13,-3.25,Old Airport Road
2026-04-23,XG48+2W|VHWC+C3,weekday_morning,16.19,2,11,13,-4.33,South Outer Ring
2026-04-23,WHR9+R6|XJGF+6J,weekday_morning,15.88,2,12,13,-5.42,Central Diagonal 2
2026-04-23,2HVW+G8|XJXR+WG,weekday_morning,13.56,2,13,13,-6.5,North Outer Ring
2026-04-24,XJG4+7J|5PX4+HQ,weekday_morning,37.62,3,1,13,6.5,Airport Expy
2026-04-24,VJRQ+2M|RMJJ+F4,weekday_morning,26.56,3,2,13,5.42,Hosur Road
2026-04-24,WP44+W8|WJFH+XQ,weekday_morning,21.88,3,3,13,4.33,Sarjapur Road
2026-04-24,WH5F+26|WJ8X+F5W,weekday_morning,21.28,3,4,13,3.25,Double Decker Flyover
2026-04-24,XMW9+G8|WMJR+V4,weekday_morning,19.09,3,5,13,2.17,East Outer Ring
2026-04-24,XHJ7+MG|WJM6+VC,weekday_morning,18.1,3,6,13,1.08,Central Diagonal 1
2026-04-24,2HM2+P8|XJV5+RG,weekday_morning,18.05,3,7,13,0.0,North Inner Ring
2026-04-24,XPC7+72|XM33+J3,weekday_morning,17.89,3,8,13,-1.08,Old Airport Road
2026-04-24,XJPW+92|WJP4+FF,weekday_morning,17.67,3,9,13,-2.17,East Inner Ring
2026-04-24,WGG8+G5|XH7P+G6,weekday_morning,17.51,3,10,13,-3.25,Mysore Road
2026-04-24,XG48+2W|VHWC+C3,weekday_morning,16.58,3,11,13,-4.33,South Outer Ring
2026-04-24,2HVW+G8|XJXR+WG,weekday_morning,16.01,3,12,13,-5.42,North Outer Ring
2026-04-24,WHR9+R6|XJGF+6J,weekday_morning,15.42,3,13,13,-6.5,Central Diagonal 2
2026-04-27,XJG4+7J|5PX4+HQ,weekday_morning,37.69,2,1,13,6.5,Airport Expy
2026-04-27,VJRQ+2M|RMJJ+F4,weekday_morning,26.43,2,2,13,5.42,Hosur Road
2026-04-27,WH5F+26|WJ8X+F5W,weekday_morning,22.75,2,3,13,4.33,Double Decker Flyover
2026-04-27,2HM2+P8|XJV5+RG,weekday_morning,19.24,2,4,13,3.25,North Inner Ring
2026-04-27,WGG8+G5|XH7P+G6,weekday_morning,18.9,2,5,13,2.17,Mysore Road
2026-04-27,XHJ7+MG|WJM6+VC,weekday_morning,17.45,2,6,13,1.08,Central Diagonal 1
2026-04-27,XG48+2W|VHWC+C3,weekday_morning,17.05,2,7,13,0.0,South Outer Ring
2026-04-27,2HVW+G8|XJXR+WG,weekday_morning,16.73,2,8,13,-1.08,North Outer Ring
2026-04-27,XJPW+92|WJP4+FF,weekday_morning,16.5,2,9,13,-2.17,East Inner Ring
2026-04-27,WHR9+R6|XJGF+6J,weekday_morning,15.32,2,10,13,-3.25,Central Diagonal 2
2026-04-27,WP44+W8|WJFH+XQ,weekday_morning,14.8,2,11,13,-4.33,Sarjapur Road
2026-04-27,XMW9+G8|WMJR+V4,weekday_morning,13.56,2,12,13,-5.42,East Outer Ring
2026-04-27,XPC7+72|XM33+J3,weekday_morning,12.82,2,13,13,-6.5,Old Airport Road
2026-04-28,XJG4+7J|5PX4+HQ,weekday_morning,37.43,2,1,13,6.5,Airport Expy
2026-04-28,VJRQ+2M|RMJJ+F4,weekday_morning,24.76,2,2,13,5.42,Hosur Road
2026-04-28,WH5F+26|WJ8X+F5W,weekday_morning,20.81,2,3,13,4.33,Double Decker Flyover
2026-04-28,2HM2+P8|XJV5+RG,weekday_morning,18.84,2,4,13,3.25,North Inner Ring
2026-04-28,WP44+W8|WJFH+XQ,weekday_morning,17.24,2,5,13,2.17,Sarjapur Road
2026-04-28,XG48+2W|VHWC+C3,weekday_morning,16.6,2,6,13,1.08,South Outer Ring
2026-04-28,XJPW+92|WJP4+FF,weekday_morning,16.05,2,7,13,0.0,East Inner Ring
2026-04-28,2HVW+G8|XJXR+WG,weekday_morning,15.74,2,8,13,-1.08,North Outer Ring
2026-04-28,XHJ7+MG|WJM6+VC,weekday_morning,15.71,2,9,13,-2.17,Central Diagonal 1
2026-04-28,WGG8+G5|XH7P+G6,weekday_morning,15.56,2,10,13,-3.25,Mysore Road
2026-04-28,XPC7+72|XM33+J3,weekday_morning,14.11,2,11,13,-4.33,Old Airport Road
2026-04-28,WHR9+R6|XJGF+6J,weekday_morning,13.49,2,12,13,-5.42,Central Diagonal 2
2026-04-28,XMW9+G8|WMJR+V4,weekday_morning,12.1,2,13,13,-6.5,East Outer Ring
2026-04-29,XJG4+7J|5PX4+HQ,weekday_morning,35.82,2,1,13,6.5,Airport Expy
2026-04-29,VJRQ+2M|RMJJ+F4,weekday_morning,24.86,2,2,13,5.42,Hosur Road
2026-04-29,WH5F+26|WJ8X+F5W,weekday_morning,21.33,2,3,13,4.33,Double Decker Flyover
2026-04-29,WP44+W8|WJFH+XQ,weekday_morning,17.96,2,4,13,3.25,Sarjapur Road
2026-04-29,2HM2+P8|XJV5+RG,weekday_morning,17.62,2,5,13,2.17,North Inner Ring
2026-04-29,XG48+2W|VHWC+C3,weekday_morning,16.74,2,6,13,1.08,South Outer Ring
2026-04-29,XJPW+92|WJP4+FF,weekday_morning,16.68,2,7,13,0.0,East Inner Ring
2026-04-29,XHJ7+MG|WJM6+VC,weekday_morning,15.58,2,8,13,-1.08,Central Diagonal 1
2026-04-29,WGG8+G5|XH7P+G6,weekday_morning,15.43,2,9,13,-2.17,Mysore Road
2026-04-29,2HVW+G8|XJXR+WG,weekday_morning,15.24,2,10,13,-3.25,North Outer Ring
2026-04-29,XMW9+G8|WMJR+V4,weekday_morning,14.48,2,11,13,-4.33,East Outer Ring
2026-04-29,WHR9+R6|XJGF+6J,weekday_morning,14.34,2,12,13,-5.42,Central Diagonal 2
2026-04-29,XPC7+72|XM33+J3,weekday_morning,13.44,2,13,13,-6.5,Old Airport Road
2026-04-30,XJG4+7J|5PX4+HQ,weekday_morning,38.5,2,1,13,6.5,Airport Expy
2026-04-30,VJRQ+2M|RMJJ+F4,weekday_morning,26.87,2,2,13,5.42,Hosur Road
2026-04-30,WH5F+26|WJ8X+F5W,weekday_morning,19.87,2,3,13,4.33,Double Decker Flyover
2026-04-30,WP44+W8|WJFH+XQ,weekday_morning,19.43,2,4,13,3.25,Sarjapur Road
2026-04-30,XMW9+G8|WMJR+V4,weekday_morning,19.15,2,5,13,2.17,East Outer Ring
2026-04-30,XPC7+72|XM33+J3,weekday_morning,17.49,2,6,13,1.08,Old Airport Road
2026-04-30,2HM2+P8|XJV5+RG,weekday_morning,17.33,2,7,13,0.0,North Inner Ring
2026-04-30,XJPW+92|WJP4+FF,weekday_morning,16.24,2,8,13,-1.08,East Inner Ring
2026-04-30,2HVW+G8|XJXR+WG,weekday_morning,16.18,2,9,13,-2.17,North Outer Ring
2026-04-30,XHJ7+MG|WJM6+VC,weekday_morning,16.17,2,10,13,-3.25,Central Diagonal 1
2026-04-30,XG48+2W|VHWC+C3,weekday_morning,15.7,2,11,13,-4.33,South Outer Ring
2026-04-30,WHR9+R6|XJGF+6J,weekday_morning,15.49,2,12,13,-5.42,Central Diagonal 2
2026-04-30,WGG8+G5|XH7P+G6,weekday_morning,15.04,2,13,13,-6.5,Mysore Road
2026-05-01,XJG4+7J|5PX4+HQ,weekday_morning,41.61,2,1,13,6.5,Airport Expy
2026-05-01,XMW9+G8|WMJR+V4,weekday_morning,37.98,2,2,13,5.42,East Outer Ring
2026-05-01,VJRQ+2M|RMJJ+F4,weekday_morning,31.71,2,3,13,4.33,Hosur Road
2026-05-01,XPC7+72|XM33+J3,weekday_morning,28.27,2,4,13,3.25,Old Airport Road
2026-05-01,WP44+W8|WJFH+XQ,weekday_morning,28.05,2,5,13,2.17,Sarjapur Road
2026-05-01,WH5F+26|WJ8X+F5W,weekday_morning,27.6,2,6,13,1.08,Double Decker Flyover
2026-05-01,2HVW+G8|XJXR+WG,weekday_morning,25.35,2,7,13,0.0,North Outer Ring
2026-05-01,XJPW+92|WJP4+FF,weekday_morning,24.73,2,8,13,-1.08,East Inner Ring
2026-05-01,WGG8+G5|XH7P+G6,weekday_morning,23.91,2,9,13,-2.17,Mysore Road
2026-05-01,XHJ7+MG|WJM6+VC,weekday_morning,23.64,2,10,13,-3.25,Central Diagonal 1
2026-05-01,2HM2+P8|XJV5+RG,weekday_morning,22.7,2,11,13,-4.33,North Inner Ring
2026-05-01,WHR9+R6|XJGF+6J,weekday_morning,20.54,2,12,13,-5.42,Central Diagonal 2
2026-05-01,XG48+2W|VHWC+C3,weekday_morning,18.55,2,13,13,-6.5,South Outer Ring
2026-05-04,XJG4+7J|5PX4+HQ,weekday_morning,38.84,2,1,13,6.5,Airport Expy
2026-05-04,VJRQ+2M|RMJJ+F4,weekday_morning,26.48,2,2,13,5.42,Hosur Road
2026-05-04,WH5F+26|WJ8X+F5W,weekday_morning,20.65,2,3,13,4.33,Double Decker Flyover
2026-05-04,WGG8+G5|XH7P+G6,weekday_morning,18.56,2,4,13,3.25,Mysore Road
2026-05-04,XG48+2W|VHWC+C3,weekday_morning,18.28,2,5,13,2.17,South Outer Ring
2026-05-04,2HM2+P8|XJV5+RG,weekday_morning,17.74,2,6,13,1.08,North Inner Ring
2026-05-04,WP44+W8|WJFH+XQ,weekday_morning,17.54,2,7,13,0.0,Sarjapur Road
2026-05-04,XHJ7+MG|WJM6+VC,weekday_morning,16.74,2,8,13,-1.08,Central Diagonal 1
2026-05-04,XJPW+92|WJP4+FF,weekday_morning,16.27,2,9,13,-2.17,East Inner Ring
2026-05-04,XPC7+72|XM33+J3,weekday_morning,16.23,2,10,13,-3.25,Old Airport Road
2026-05-04,2HVW+G8|XJXR+WG,weekday_morning,16.02,2,11,13,-4.33,North Outer Ring
2026-05-04,XMW9+G8|WMJR+V4,weekday_morning,15.23,2,12,13,-5.42,East Outer Ring
2026-05-04,WHR9+R6|XJGF+6J,weekday_morning,15.14,2,13,13,-6.5,Central Diagonal 2
2026-05-05,XJG4+7J|5PX4+HQ,weekday_morning,38.05,3,1,13,6.5,Airport Expy
2026-05-05,VJRQ+2M|RMJJ+F4,weekday_morning,25.2,3,2,13,5.42,Hosur Road
2026-05-05,WH5F+26|WJ8X+F5W,weekday_morning,20.86,3,3,13,4.33,Double Decker Flyover
2026-05-05,2HM2+P8|XJV5+RG,weekday_morning,19.4,3,4,13,3.25,North Inner Ring
2026-05-05,WGG8+G5|XH7P+G6,weekday_morning,18.48,3,5,13,2.17,Mysore Road
2026-05-05,XHJ7+MG|WJM6+VC,weekday_morning,17.41,3,6,13,1.08,Central Diagonal 1
2026-05-05,XG48+2W|VHWC+C3,weekday_morning,17.07,3,7,13,0.0,South Outer Ring
2026-05-05,XPC7+72|XM33+J3,weekday_morning,17.02,3,8,13,-1.08,Old Airport Road
2026-05-05,XJPW+92|WJP4+FF,weekday_morning,16.34,3,9,13,-2.17,East Inner Ring
2026-05-05,XMW9+G8|WMJR+V4,weekday_morning,15.95,3,10,13,-3.25,East Outer Ring
2026-05-05,2HVW+G8|XJXR+WG,weekday_morning,15.61,3,11,13,-4.33,North Outer Ring
2026-05-05,WP44+W8|WJFH+XQ,weekday_morning,15.53,3,12,13,-5.42,Sarjapur Road
2026-05-05,WHR9+R6|XJGF+6J,weekday_morning,14.56,3,13,13,-6.5,Central Diagonal 2
2026-05-06,XJG4+7J|5PX4+HQ,weekday_morning,37.53,2,1,13,6.5,Airport Expy
2026-05-06,VJRQ+2M|RMJJ+F4,weekday_morning,24.72,2,2,13,5.42,Hosur Road
2026-05-06,WH5F+26|WJ8X+F5W,weekday_morning,19.49,2,3,13,4.33,Double Decker Flyover
2026-05-06,XHJ7+MG|WJM6+VC,weekday_morning,18.7,2,4,13,3.25,Central Diagonal 1
2026-05-06,WGG8+G5|XH7P+G6,weekday_morning,18.0,2,5,13,2.17,Mysore Road
2026-05-06,2HM2+P8|XJV5+RG,weekday_morning,17.5,2,6,13,1.08,North Inner Ring
2026-05-06,XG48+2W|VHWC+C3,weekday_morning,17.43,2,7,13,0.0,South Outer Ring
2026-05-06,XJPW+92|WJP4+FF,weekday_morning,16.38,2,8,13,-1.08,East Inner Ring
2026-05-06,WP44+W8|WJFH+XQ,weekday_morning,14.96,2,9,13,-2.17,Sarjapur Road
2026-05-06,2HVW+G8|XJXR+WG,weekday_morning,14.55,2,10,13,-3.25,North Outer Ring
2026-05-06,XPC7+72|XM33+J3,weekday_morning,14.09,2,11,13,-4.33,Old Airport Road
2026-05-06,WHR9+R6|XJGF+6J,weekday_morning,13.7,2,12,13,-5.42,Central Diagonal 2
2026-05-06,XMW9+G8|WMJR+V4,weekday_morning,12.79,2,13,13,-6.5,East Outer Ring
2026-05-07,XJG4+7J|5PX4+HQ,weekday_morning,38.02,2,1,13,6.5,Airport Expy
2026-05-07,VJRQ+2M|RMJJ+F4,weekday_morning,24.02,2,2,13,5.42,Hosur Road
2026-05-07,WH5F+26|WJ8X+F5W,weekday_morning,19.54,2,3,13,4.33,Double Decker Flyover
2026-05-07,2HM2+P8|XJV5+RG,weekday_morning,18.84,2,4,13,3.25,North Inner Ring
2026-05-07,WP44+W8|WJFH+XQ,weekday_morning,17.84,2,5,13,2.17,Sarjapur Road
2026-05-07,WGG8+G5|XH7P+G6,weekday_morning,17.49,2,6,13,1.08,Mysore Road
2026-05-07,XHJ7+MG|WJM6+VC,weekday_morning,16.86,2,7,13,0.0,Central Diagonal 1
2026-05-07,XG48+2W|VHWC+C3,weekday_morning,16.43,2,8,13,-1.08,South Outer Ring
2026-05-07,XJPW+92|WJP4+FF,weekday_morning,16.28,2,9,13,-2.17,East Inner Ring
2026-05-07,XMW9+G8|WMJR+V4,weekday_morning,14.98,2,10,13,-3.25,East Outer Ring
2026-05-07,2HVW+G8|XJXR+WG,weekday_morning,14.59,2,11,13,-4.33,North Outer Ring
2026-05-07,XPC7+72|XM33+J3,weekday_morning,14.14,2,12,13,-5.42,Old Airport Road
2026-05-07,WHR9+R6|XJGF+6J,weekday_morning,13.42,2,13,13,-6.5,Central Diagonal 2
2026-05-08,XJG4+7J|5PX4+HQ,weekday_morning,38.08,3,1,13,6.5,Airport Expy
2026-05-08,VJRQ+2M|RMJJ+F4,weekday_morning,25.87,3,2,13,5.42,Hosur Road
2026-05-08,WP44+W8|WJFH+XQ,weekday_morning,20.74,3,3,13,4.33,Sarjapur Road
2026-05-08,XMW9+G8|WMJR+V4,weekday_morning,20.65,3,4,13,3.25,East Outer Ring
2026-05-08,WH5F+26|WJ8X+F5W,weekday_morning,20.44,3,5,13,2.17,Double Decker Flyover
2026-05-08,WGG8+G5|XH7P+G6,weekday_morning,19.62,3,6,13,1.08,Mysore Road
2026-05-08,2HM2+P8|XJV5+RG,weekday_morning,19.19,3,7,13,0.0,North Inner Ring
2026-05-08,XHJ7+MG|WJM6+VC,weekday_morning,19.13,3,8,13,-1.08,Central Diagonal 1
2026-05-08,XJPW+92|WJP4+FF,weekday_morning,18.53,3,9,13,-2.17,East Inner Ring
2026-05-08,2HVW+G8|XJXR+WG,weekday_morning,18.47,3,10,13,-3.25,North Outer Ring
2026-05-08,XPC7+72|XM33+J3,weekday_morning,18.31,3,11,13,-4.33,Old Airport Road
2026-05-08,XG48+2W|VHWC+C3,weekday_morning,16.67,3,12,13,-5.42,South Outer Ring
2026-05-08,WHR9+R6|XJGF+6J,weekday_morning,14.1,3,13,13,-6.5,Central Diagonal 2
2026-05-11,XJG4+7J|5PX4+HQ,weekday_morning,39.96,2,1,13,6.5,Airport Expy
2026-05-11,VJRQ+2M|RMJJ+F4,weekday_morning,25.75,2,2,13,5.42,Hosur Road
2026-05-11,WH5F+26|WJ8X+F5W,weekday_morning,20.22,2,3,13,4.33,Double Decker Flyover
2026-05-11,WP44+W8|WJFH+XQ,weekday_morning,19.24,2,4,13,3.25,Sarjapur Road
2026-05-11,WGG8+G5|XH7P+G6,weekday_morning,19.18,2,5,13,2.17,Mysore Road
2026-05-11,XPC7+72|XM33+J3,weekday_morning,17.95,2,6,13,1.08,Old Airport Road
2026-05-11,XHJ7+MG|WJM6+VC,weekday_morning,17.92,2,7,13,0.0,Central Diagonal 1
2026-05-11,2HM2+P8|XJV5+RG,weekday_morning,17.71,2,8,13,-1.08,North Inner Ring
2026-05-11,XG48+2W|VHWC+C3,weekday_morning,16.48,2,9,13,-2.17,South Outer Ring
2026-05-11,XJPW+92|WJP4+FF,weekday_morning,16.09,2,10,13,-3.25,East Inner Ring
2026-05-11,2HVW+G8|XJXR+WG,weekday_morning,15.33,2,11,13,-4.33,North Outer Ring
2026-05-11,XMW9+G8|WMJR+V4,weekday_morning,15.1,2,12,13,-5.42,East Outer Ring
2026-05-11,WHR9+R6|XJGF+6J,weekday_morning,14.53,2,13,13,-6.5,Central Diagonal 2
2026-05-12,XJG4+7J|5PX4+HQ,weekday_morning,37.76,2,1,13,6.5,Airport Expy
2026-05-12,VJRQ+2M|RMJJ+F4,weekday_morning,23.33,2,2,13,5.42,Hosur Road
2026-05-12,WH5F+26|WJ8X+F5W,weekday_morning,18.76,2,3,13,4.33,Double Decker Flyover
2026-05-12,2HM2+P8|XJV5+RG,weekday_morning,18.34,2,4,13,3.25,North Inner Ring
2026-05-12,WGG8+G5|XH7P+G6,weekday_morning,18.32,2,5,13,2.17,Mysore Road
2026-05-12,XG48+2W|VHWC+C3,weekday_morning,17.12,2,6,13,1.08,South Outer Ring
2026-05-12,XHJ7+MG|WJM6+VC,weekday_morning,16.83,2,7,13,0.0,Central Diagonal 1
2026-05-12,2HVW+G8|XJXR+WG,weekday_morning,16.75,2,8,13,-1.08,North Outer Ring
2026-05-12,XJPW+92|WJP4+FF,weekday_morning,15.1,2,9,13,-2.17,East Inner Ring
2026-05-12,WHR9+R6|XJGF+6J,weekday_morning,13.47,2,10,13,-3.25,Central Diagonal 2
2026-05-12,WP44+W8|WJFH+XQ,weekday_morning,13.23,2,11,13,-4.33,Sarjapur Road
2026-05-12,XPC7+72|XM33+J3,weekday_morning,12.82,2,12,13,-5.42,Old Airport Road
2026-05-12,XMW9+G8|WMJR+V4,weekday_morning,11.32,2,13,13,-6.5,East Outer Ring
2026-05-13,XJG4+7J|5PX4+HQ,weekday_morning,36.43,1,1,13,6.5,Airport Expy
2026-05-13,VJRQ+2M|RMJJ+F4,weekday_morning,22.22,1,2,13,5.42,Hosur Road
2026-05-13,WH5F+26|WJ8X+F5W,weekday_morning,19.6,1,3,13,4.33,Double Decker Flyover
2026-05-13,WGG8+G5|XH7P+G6,weekday_morning,19.16,1,4,13,3.25,Mysore Road
2026-05-13,XJPW+92|WJP4+FF,weekday_morning,17.38,1,5,13,2.17,East Inner Ring
2026-05-13,XG48+2W|VHWC+C3,weekday_morning,17.33,1,6,13,1.08,South Outer Ring
2026-05-13,2HM2+P8|XJV5+RG,weekday_morning,17.19,1,7,13,0.0,North Inner Ring
2026-05-13,XHJ7+MG|WJM6+VC,weekday_morning,17.05,1,8,13,-1.08,Central Diagonal 1
2026-05-13,2HVW+G8|XJXR+WG,weekday_morning,16.17,1,9,13,-2.17,North Outer Ring
2026-05-13,XPC7+72|XM33+J3,weekday_morning,15.0,1,10,13,-3.25,Old Airport Road
2026-05-13,WP44+W8|WJFH+XQ,weekday_morning,13.77,1,11,13,-4.33,Sarjapur Road
2026-05-13,XMW9+G8|WMJR+V4,weekday_morning,13.77,1,12,13,-5.42,East Outer Ring
2026-05-13,WHR9+R6|XJGF+6J,weekday_morning,13.3,1,13,13,-6.5,Central Diagonal 2
2026-05-14,XJG4+7J|5PX4+HQ,weekday_morning,38.38,1,1,13,6.5,Airport Expy
2026-05-14,VJRQ+2M|RMJJ+F4,weekday_morning,25.75,1,2,13,5.42,Hosur Road
2026-05-14,2HM2+P8|XJV5+RG,weekday_morning,18.97,1,3,13,4.33,North Inner Ring
2026-05-14,WGG8+G5|XH7P+G6,weekday_morning,17.47,1,4,13,3.25,Mysore Road
2026-05-14,2HVW+G8|XJXR+WG,weekday_morning,17.35,1,5,13,2.17,North Outer Ring
2026-05-14,XJPW+92|WJP4+FF,weekday_morning,17.35,1,6,13,1.08,East Inner Ring
2026-05-14,WH5F+26|WJ8X+F5W,weekday_morning,16.67,1,7,13,0.0,Double Decker Flyover
2026-05-14,WP44+W8|WJFH+XQ,weekday_morning,16.1,1,8,13,-1.08,Sarjapur Road
2026-05-14,XHJ7+MG|WJM6+VC,weekday_morning,16.0,1,9,13,-2.17,Central Diagonal 1
2026-05-14,XG48+2W|VHWC+C3,weekday_morning,15.83,1,10,13,-3.25,South Outer Ring
2026-05-14,XPC7+72|XM33+J3,weekday_morning,15.67,1,11,13,-4.33,Old Airport Road
2026-05-14,XMW9+G8|WMJR+V4,weekday_morning,14.85,1,12,13,-5.42,East Outer Ring
2026-05-14,WHR9+R6|XJGF+6J,weekday_morning,14.27,1,13,13,-6.5,Central Diagonal 2
2026-05-15,XJG4+7J|5PX4+HQ,weekday_morning,38.43,2,1,13,6.5,Airport Expy
2026-05-15,VJRQ+2M|RMJJ+F4,weekday_morning,25.75,2,2,13,5.42,Hosur Road
2026-05-15,XMW9+G8|WMJR+V4,weekday_morning,20.67,2,3,13,4.33,East Outer Ring
2026-05-15,2HM2+P8|XJV5+RG,weekday_morning,20.09,2,4,13,3.25,North Inner Ring
2026-05-15,2HVW+G8|XJXR+WG,weekday_morning,18.83,2,5,13,2.17,North Outer Ring
2026-05-15,WH5F+26|WJ8X+F5W,weekday_morning,18.58,2,6,13,1.08,Double Decker Flyover
2026-05-15,XHJ7+MG|WJM6+VC,weekday_morning,18.43,2,7,13,0.0,Central Diagonal 1
2026-05-15,WP44+W8|WJFH+XQ,weekday_morning,18.09,2,8,13,-1.08,Sarjapur Road
2026-05-15,WGG8+G5|XH7P+G6,weekday_morning,17.83,2,9,13,-2.17,Mysore Road
2026-05-15,XPC7+72|XM33+J3,weekday_morning,17.56,2,10,13,-3.25,Old Airport Road
2026-05-15,XJPW+92|WJP4+FF,weekday_morning,17.12,2,11,13,-4.33,East Inner Ring
2026-05-15,XG48+2W|VHWC+C3,weekday_morning,16.23,2,12,13,-5.42,South Outer Ring
2026-05-15,WHR9+R6|XJGF+6J,weekday_morning,14.76,2,13,13,-6.5,Central Diagonal 2
2026-05-18,XJG4+7J|5PX4+HQ,weekday_morning,40.61,4,1,13,6.5,Airport Expy
2026-05-18,VJRQ+2M|RMJJ+F4,weekday_morning,25.88,4,2,13,5.42,Hosur Road
2026-05-18,WH5F+26|WJ8X+F5W,weekday_morning,22.01,4,3,13,4.33,Double Decker Flyover
2026-05-18,WGG8+G5|XH7P+G6,weekday_morning,20.1,4,4,13,3.25,Mysore Road
2026-05-18,2HM2+P8|XJV5+RG,weekday_morning,20.07,4,5,13,2.17,North Inner Ring
2026-05-18,XHJ7+MG|WJM6+VC,weekday_morning,19.12,4,6,13,1.08,Central Diagonal 1
2026-05-18,XG48+2W|VHWC+C3,weekday_morning,17.88,4,7,13,0.0,South Outer Ring
2026-05-18,WP44+W8|WJFH+XQ,weekday_morning,17.51,4,8,13,-1.08,Sarjapur Road
2026-05-18,XJPW+92|WJP4+FF,weekday_morning,17.45,4,9,13,-2.17,East Inner Ring
2026-05-18,XPC7+72|XM33+J3,weekday_morning,16.14,4,10,13,-3.25,Old Airport Road
2026-05-18,WHR9+R6|XJGF+6J,weekday_morning,15.9,4,11,13,-4.33,Central Diagonal 2
2026-05-18,2HVW+G8|XJXR+WG,weekday_morning,15.49,4,12,13,-5.42,North Outer Ring
2026-05-18,XMW9+G8|WMJR+V4,weekday_morning,15.0,4,13,13,-6.5,East Outer Ring
2026-05-19,XJG4+7J|5PX4+HQ,weekday_morning,39.63,4,1,13,6.5,Airport Expy
2026-05-19,VJRQ+2M|RMJJ+F4,weekday_morning,24.9,4,2,13,5.42,Hosur Road
2026-05-19,WGG8+G5|XH7P+G6,weekday_morning,20.65,4,3,13,4.33,Mysore Road
2026-05-19,WH5F+26|WJ8X+F5W,weekday_morning,19.89,4,4,13,3.25,Double Decker Flyover
2026-05-19,XHJ7+MG|WJM6+VC,weekday_morning,18.68,4,5,13,2.17,Central Diagonal 1
2026-05-19,2HM2+P8|XJV5+RG,weekday_morning,18.43,4,6,13,1.08,North Inner Ring
2026-05-19,XJPW+92|WJP4+FF,weekday_morning,17.79,4,7,13,0.0,East Inner Ring
2026-05-19,XG48+2W|VHWC+C3,weekday_morning,17.66,4,8,13,-1.08,South Outer Ring
2026-05-19,WHR9+R6|XJGF+6J,weekday_morning,15.98,4,9,13,-2.17,Central Diagonal 2
2026-05-19,WP44+W8|WJFH+XQ,weekday_morning,15.62,4,10,13,-3.25,Sarjapur Road
2026-05-19,2HVW+G8|XJXR+WG,weekday_morning,15.57,4,11,13,-4.33,North Outer Ring
2026-05-19,XMW9+G8|WMJR+V4,weekday_morning,14.11,4,12,13,-5.42,East Outer Ring
2026-05-19,XPC7+72|XM33+J3,weekday_morning,14.07,4,13,13,-6.5,Old Airport Road
2026-05-20,XJG4+7J|5PX4+HQ,weekday_morning,40.36,4,1,13,6.5,Airport Expy
2026-05-20,VJRQ+2M|RMJJ+F4,weekday_morning,25.53,4,2,13,5.42,Hosur Road
2026-05-20,WH5F+26|WJ8X+F5W,weekday_morning,19.99,4,3,13,4.33,Double Decker Flyover
2026-05-20,WGG8+G5|XH7P+G6,weekday_morning,19.71,4,4,13,3.25,Mysore Road
2026-05-20,2HM2+P8|XJV5+RG,weekday_morning,18.87,4,5,13,2.17,North Inner Ring
2026-05-20,XHJ7+MG|WJM6+VC,weekday_morning,18.36,4,6,13,1.08,Central Diagonal 1
2026-05-20,XJPW+92|WJP4+FF,weekday_morning,18.21,4,7,13,0.0,East Inner Ring
2026-05-20,XG48+2W|VHWC+C3,weekday_morning,17.04,4,8,13,-1.08,South Outer Ring
2026-05-20,XPC7+72|XM33+J3,weekday_morning,16.47,4,9,13,-2.17,Old Airport Road
2026-05-20,WP44+W8|WJFH+XQ,weekday_morning,15.9,4,10,13,-3.25,Sarjapur Road
2026-05-20,2HVW+G8|XJXR+WG,weekday_morning,15.86,4,11,13,-4.33,North Outer Ring
2026-05-20,WHR9+R6|XJGF+6J,weekday_morning,15.28,4,12,13,-5.42,Central Diagonal 2
2026-05-20,XMW9+G8|WMJR+V4,weekday_morning,14.82,4,13,13,-6.5,East Outer Ring
2026-05-21,XJG4+7J|5PX4+HQ,weekday_morning,39.4,4,1,13,6.5,Airport Expy
2026-05-21,VJRQ+2M|RMJJ+F4,weekday_morning,24.69,4,2,13,5.42,Hosur Road
2026-05-21,WGG8+G5|XH7P+G6,weekday_morning,19.4,4,3,13,4.33,Mysore Road
2026-05-21,WH5F+26|WJ8X+F5W,weekday_morning,19.06,4,4,13,3.25,Double Decker Flyover
2026-05-21,2HM2+P8|XJV5+RG,weekday_morning,18.69,4,5,13,2.17,North Inner Ring
2026-05-21,XHJ7+MG|WJM6+VC,weekday_morning,18.6,4,6,13,1.08,Central Diagonal 1
2026-05-21,XG48+2W|VHWC+C3,weekday_morning,17.61,4,7,13,0.0,South Outer Ring
2026-05-21,WP44+W8|WJFH+XQ,weekday_morning,17.44,4,8,13,-1.08,Sarjapur Road
2026-05-21,XJPW+92|WJP4+FF,weekday_morning,17.43,4,9,13,-2.17,East Inner Ring
2026-05-21,XPC7+72|XM33+J3,weekday_morning,16.78,4,10,13,-3.25,Old Airport Road
2026-05-21,WHR9+R6|XJGF+6J,weekday_morning,15.37,4,11,13,-4.33,Central Diagonal 2
2026-05-21,2HVW+G8|XJXR+WG,weekday_morning,15.2,4,12,13,-5.42,North Outer Ring
2026-05-21,XMW9+G8|WMJR+V4,weekday_morning,14.99,4,13,13,-6.5,East Outer Ring
2026-05-22,XJG4+7J|5PX4+HQ,weekday_morning,41.88,4,1,13,6.5,Airport Expy
2026-05-22,VJRQ+2M|RMJJ+F4,weekday_morning,24.84,4,2,13,5.42,Hosur Road
2026-05-22,WH5F+26|WJ8X+F5W,weekday_morning,20.77,4,3,13,4.33,Double Decker Flyover
2026-05-22,WGG8+G5|XH7P+G6,weekday_morning,20.14,4,4,13,3.25,Mysore Road
2026-05-22,XPC7+72|XM33+J3,weekday_morning,19.5,4,5,13,2.17,Old Airport Road
2026-05-22,XMW9+G8|WMJR+V4,weekday_morning,19.37,4,6,13,1.08,East Outer Ring
2026-05-22,XHJ7+MG|WJM6+VC,weekday_morning,19.29,4,7,13,0.0,Central Diagonal 1
2026-05-22,2HM2+P8|XJV5+RG,weekday_morning,19.16,4,8,13,-1.08,North Inner Ring
2026-05-22,WP44+W8|WJFH+XQ,weekday_morning,18.69,4,9,13,-2.17,Sarjapur Road
2026-05-22,XJPW+92|WJP4+FF,weekday_morning,17.71,4,10,13,-3.25,East Inner Ring
2026-05-22,XG48+2W|VHWC+C3,weekday_morning,17.61,4,11,13,-4.33,South Outer Ring
2026-05-22,2HVW+G8|XJXR+WG,weekday_morning,17.04,4,12,13,-5.42,North Outer Ring
2026-05-22,WHR9+R6|XJGF+6J,weekday_morning,16.56,4,13,13,-6.5,Central Diagonal 2
2026-05-25,XJG4+7J|5PX4+HQ,weekday_morning,41.11,4,1,12,6.0,Airport Expy
2026-05-25,VJRQ+2M|RMJJ+F4,weekday_morning,24.52,4,2,12,4.91,Hosur Road
2026-05-25,WH5F+26|WJ8X+F5W,weekday_morning,21.95,4,3,12,3.82,Double Decker Flyover
2026-05-25,2HM2+P8|XJV5+RG,weekday_morning,19.66,4,4,12,2.73,North Inner Ring
2026-05-25,WGG8+G5|XH7P+G6,weekday_morning,18.92,4,5,12,1.64,Mysore Road
2026-05-25,XHJ7+MG|WJM6+VC,weekday_morning,18.05,4,6,12,0.55,Central Diagonal 1
2026-05-25,XJPW+92|WJP4+FF,weekday_morning,17.8,4,7,12,-0.55,East Inner Ring
2026-05-25,WP44+W8|WJFH+XQ,weekday_morning,16.08,4,8,12,-1.64,Sarjapur Road
2026-05-25,2HVW+G8|XJXR+WG,weekday_morning,15.85,4,9,12,-2.73,North Outer Ring
2026-05-25,WHR9+R6|XJGF+6J,weekday_morning,15.45,4,10,12,-3.82,Central Diagonal 2
2026-05-25,XPC7+72|XM33+J3,weekday_morning,14.88,4,11,12,-4.91,Old Airport Road
2026-05-25,XMW9+G8|WMJR+V4,weekday_morning,13.72,4,12,12,-6.0,East Outer Ring
2026-05-26,XJG4+7J|5PX4+HQ,weekday_morning,40.23,4,1,12,6.0,Airport Expy
2026-05-26,VJRQ+2M|RMJJ+F4,weekday_morning,25.15,4,2,12,4.91,Hosur Road
2026-05-26,WH5F+26|WJ8X+F5W,weekday_morning,20.23,4,3,12,3.82,Double Decker Flyover
2026-05-26,2HM2+P8|XJV5+RG,weekday_morning,20.02,4,4,12,2.73,North Inner Ring
2026-05-26,WGG8+G5|XH7P+G6,weekday_morning,18.94,4,5,12,1.64,Mysore Road
2026-05-26,XHJ7+MG|WJM6+VC,weekday_morning,18.27,4,6,12,0.55,Central Diagonal 1
2026-05-26,XJPW+92|WJP4+FF,weekday_morning,17.11,4,7,12,-0.55,East Inner Ring
2026-05-26,2HVW+G8|XJXR+WG,weekday_morning,15.72,4,8,12,-1.64,North Outer Ring
2026-05-26,WHR9+R6|XJGF+6J,weekday_morning,14.96,4,9,12,-2.73,Central Diagonal 2
2026-05-26,WP44+W8|WJFH+XQ,weekday_morning,14.93,4,10,12,-3.82,Sarjapur Road
2026-05-26,XPC7+72|XM33+J3,weekday_morning,14.54,4,11,12,-4.91,Old Airport Road
2026-05-26,XMW9+G8|WMJR+V4,weekday_morning,13.42,4,12,12,-6.0,East Outer Ring
2026-05-27,XJG4+7J|5PX4+HQ,weekday_morning,41.79,4,1,12,6.0,Airport Expy
2026-05-27,VJRQ+2M|RMJJ+F4,weekday_morning,25.77,4,2,12,4.91,Hosur Road
2026-05-27,WH5F+26|WJ8X+F5W,weekday_morning,24.21,4,3,12,3.82,Double Decker Flyover
2026-05-27,2HM2+P8|XJV5+RG,weekday_morning,20.97,4,4,12,2.73,North Inner Ring
2026-05-27,WGG8+G5|XH7P+G6,weekday_morning,20.55,4,5,12,1.64,Mysore Road
2026-05-27,XHJ7+MG|WJM6+VC,weekday_morning,20.27,4,6,12,0.55,Central Diagonal 1
2026-05-27,XJPW+92|WJP4+FF,weekday_morning,19.28,4,7,12,-0.55,East Inner Ring
2026-05-27,XMW9+G8|WMJR+V4,weekday_morning,18.85,4,8,12,-1.64,East Outer Ring
2026-05-27,2HVW+G8|XJXR+WG,weekday_morning,17.85,4,9,12,-2.73,North Outer Ring
2026-05-27,WP44+W8|WJFH+XQ,weekday_morning,16.98,4,10,12,-3.82,Sarjapur Road
2026-05-27,XPC7+72|XM33+J3,weekday_morning,16.98,4,11,12,-4.91,Old Airport Road
2026-05-27,WHR9+R6|XJGF+6J,weekday_morning,16.48,4,12,12,-6.0,Central Diagonal 2
2026-05-28,XJG4+7J|5PX4+HQ,weekday_morning,42.18,4,1,12,6.0,Airport Expy
2026-05-28,XMW9+G8|WMJR+V4,weekday_morning,31.47,4,2,12,4.91,East Outer Ring
2026-05-28,VJRQ+2M|RMJJ+F4,weekday_morning,28.62,4,3,12,3.82,Hosur Road
2026-05-28,WH5F+26|WJ8X+F5W,weekday_morning,24.16,4,4,12,2.73,Double Decker Flyover
2026-05-28,WP44+W8|WJFH+XQ,weekday_morning,24.12,4,5,12,1.64,Sarjapur Road
2026-05-28,XJPW+92|WJP4+FF,weekday_morning,22.19,4,6,12,0.55,East Inner Ring
2026-05-28,XPC7+72|XM33+J3,weekday_morning,21.92,4,7,12,-0.55,Old Airport Road
2026-05-28,2HVW+G8|XJXR+WG,weekday_morning,21.86,4,8,12,-1.64,North Outer Ring
2026-05-28,XHJ7+MG|WJM6+VC,weekday_morning,21.79,4,9,12,-2.73,Central Diagonal 1
2026-05-28,2HM2+P8|XJV5+RG,weekday_morning,21.32,4,10,12,-3.82,North Inner Ring
2026-05-28,WGG8+G5|XH7P+G6,weekday_morning,17.93,4,11,12,-4.91,Mysore Road
2026-05-28,WHR9+R6|XJGF+6J,weekday_morning,17.67,4,12,12,-6.0,Central Diagonal 2
2026-05-29,XJG4+7J|5PX4+HQ,weekday_morning,41.66,4,1,12,6.0,Airport Expy
2026-05-29,VJRQ+2M|RMJJ+F4,weekday_morning,27.53,4,2,12,4.91,Hosur Road
2026-05-29,XMW9+G8|WMJR+V4,weekday_morning,22.67,4,3,12,3.82,East Outer Ring
2026-05-29,WP44+W8|WJFH+XQ,weekday_morning,21.38,4,4,12,2.73,Sarjapur Road
2026-05-29,WGG8+G5|XH7P+G6,weekday_morning,21.19,4,5,12,1.64,Mysore Road
2026-05-29,2HM2+P8|XJV5+RG,weekday_morning,20.64,4,6,12,0.55,North Inner Ring
2026-05-29,WH5F+26|WJ8X+F5W,weekday_morning,20.23,4,7,12,-0.55,Double Decker Flyover
2026-05-29,XPC7+72|XM33+J3,weekday_morning,19.92,4,8,12,-1.64,Old Airport Road
2026-05-29,XHJ7+MG|WJM6+VC,weekday_morning,19.82,4,9,12,-2.73,Central Diagonal 1
2026-05-29,2HVW+G8|XJXR+WG,weekday_morning,19.42,4,10,12,-3.82,North Outer Ring
2026-05-29,XJPW+92|WJP4+FF,weekday_morning,18.75,4,11,12,-4.91,East Inner Ring
2026-05-29,WHR9+R6|XJGF+6J,weekday_morning,15.5,4,12,12,-6.0,Central Diagonal 2
2026-06-01,XJG4+7J|5PX4+HQ,weekday_morning,38.84,4,1,12,6.0,Airport Expy
2026-06-01,VJRQ+2M|RMJJ+F4,weekday_morning,25.74,4,2,12,4.91,Hosur Road
2026-06-01,WH5F+26|WJ8X+F5W,weekday_morning,21.07,4,3,12,3.82,Double Decker Flyover
2026-06-01,2HM2+P8|XJV5+RG,weekday_morning,20.05,4,4,12,2.73,North Inner Ring
2026-06-01,XHJ7+MG|WJM6+VC,weekday_morning,17.86,4,5,12,1.64,Central Diagonal 1
2026-06-01,WGG8+G5|XH7P+G6,weekday_morning,17.82,4,6,12,0.55,Mysore Road
2026-06-01,XJPW+92|WJP4+FF,weekday_morning,17.48,4,7,12,-0.55,East Inner Ring
2026-06-01,2HVW+G8|XJXR+WG,weekday_morning,16.26,4,8,12,-1.64,North Outer Ring
2026-06-01,WP44+W8|WJFH+XQ,weekday_morning,15.28,4,9,12,-2.73,Sarjapur Road
2026-06-01,WHR9+R6|XJGF+6J,weekday_morning,15.03,4,10,12,-3.82,Central Diagonal 2
2026-06-01,XMW9+G8|WMJR+V4,weekday_morning,13.58,4,11,12,-4.91,East Outer Ring
2026-06-01,XPC7+72|XM33+J3,weekday_morning,13.31,4,12,12,-6.0,Old Airport Road
2026-06-02,XJG4+7J|5PX4+HQ,weekday_morning,38.03,4,1,12,6.0,Airport Expy
2026-06-02,VJRQ+2M|RMJJ+F4,weekday_morning,25.44,4,2,12,4.91,Hosur Road
2026-06-02,2HM2+P8|XJV5+RG,weekday_morning,19.6,4,3,12,3.82,North Inner Ring
2026-06-02,WH5F+26|WJ8X+F5W,weekday_morning,19.14,4,4,12,2.73,Double Decker Flyover
2026-06-02,WGG8+G5|XH7P+G6,weekday_morning,17.92,4,5,12,1.64,Mysore Road
2026-06-02,XHJ7+MG|WJM6+VC,weekday_morning,17.75,4,6,12,0.55,Central Diagonal 1
2026-06-02,XJPW+92|WJP4+FF,weekday_morning,16.88,4,7,12,-0.55,East Inner Ring
2026-06-02,WHR9+R6|XJGF+6J,weekday_morning,15.29,4,8,12,-1.64,Central Diagonal 2
2026-06-02,XPC7+72|XM33+J3,weekday_morning,14.93,4,9,12,-2.73,Old Airport Road
2026-06-02,2HVW+G8|XJXR+WG,weekday_morning,14.07,4,10,12,-3.82,North Outer Ring
2026-06-02,WP44+W8|WJFH+XQ,weekday_morning,13.52,4,11,12,-4.91,Sarjapur Road
2026-06-02,XMW9+G8|WMJR+V4,weekday_morning,13.25,4,12,12,-6.0,East Outer Ring
2026-06-03,XJG4+7J|5PX4+HQ,weekday_morning,38.1,4,1,12,6.0,Airport Expy
2026-06-03,VJRQ+2M|RMJJ+F4,weekday_morning,23.81,4,2,12,4.91,Hosur Road
2026-06-03,WH5F+26|WJ8X+F5W,weekday_morning,19.79,4,3,12,3.82,Double Decker Flyover
2026-06-03,XHJ7+MG|WJM6+VC,weekday_morning,19.08,4,4,12,2.73,Central Diagonal 1
2026-06-03,WGG8+G5|XH7P+G6,weekday_morning,18.77,4,5,12,1.64,Mysore Road
2026-06-03,2HM2+P8|XJV5+RG,weekday_morning,17.93,4,6,12,0.55,North Inner Ring
2026-06-03,XJPW+92|WJP4+FF,weekday_morning,17.17,4,7,12,-0.55,East Inner Ring
2026-06-03,WP44+W8|WJFH+XQ,weekday_morning,15.04,4,8,12,-1.64,Sarjapur Road
2026-06-03,2HVW+G8|XJXR+WG,weekday_morning,14.47,4,9,12,-2.73,North Outer Ring
2026-06-03,WHR9+R6|XJGF+6J,weekday_morning,14.11,4,10,12,-3.82,Central Diagonal 2
2026-06-03,XPC7+72|XM33+J3,weekday_morning,13.62,4,11,12,-4.91,Old Airport Road
2026-06-03,XMW9+G8|WMJR+V4,weekday_morning,11.96,4,12,12,-6.0,East Outer Ring
2026-06-04,XJG4+7J|5PX4+HQ,weekday_morning,38.36,4,1,12,6.0,Airport Expy
2026-06-04,VJRQ+2M|RMJJ+F4,weekday_morning,23.74,4,2,12,4.91,Hosur Road
2026-06-04,WH5F+26|WJ8X+F5W,weekday_morning,18.96,4,3,12,3.82,Double Decker Flyover
2026-06-04,WGG8+G5|XH7P+G6,weekday_morning,18.27,4,4,12,2.73,Mysore Road
2026-06-04,2HM2+P8|XJV5+RG,weekday_morning,18.04,4,5,12,1.64,North Inner Ring
2026-06-04,XPC7+72|XM33+J3,weekday_morning,17.44,4,6,12,0.55,Old Airport Road
2026-06-04,XHJ7+MG|WJM6+VC,weekday_morning,17.42,4,7,12,-0.55,Central Diagonal 1
2026-06-04,XMW9+G8|WMJR+V4,weekday_morning,17.14,4,8,12,-1.64,East Outer Ring
2026-06-04,XJPW+92|WJP4+FF,weekday_morning,17.07,4,9,12,-2.73,East Inner Ring
2026-06-04,2HVW+G8|XJXR+WG,weekday_morning,14.71,4,10,12,-3.82,North Outer Ring
2026-06-04,WP44+W8|WJFH+XQ,weekday_morning,14.66,4,11,12,-4.91,Sarjapur Road
2026-06-04,WHR9+R6|XJGF+6J,weekday_morning,14.12,4,12,12,-6.0,Central Diagonal 2
2026-06-05,XJG4+7J|5PX4+HQ,weekday_morning,39.72,4,1,12,6.0,Airport Expy
2026-06-05,VJRQ+2M|RMJJ+F4,weekday_morning,24.53,4,2,12,4.91,Hosur Road
2026-06-05,WH5F+26|WJ8X+F5W,weekday_morning,20.05,4,3,12,3.82,Double Decker Flyover
2026-06-05,WGG8+G5|XH7P+G6,weekday_morning,19.73,4,4,12,2.73,Mysore Road
2026-06-05,2HM2+P8|XJV5+RG,weekday_morning,19.22,4,5,12,1.64,North Inner Ring
2026-06-05,XHJ7+MG|WJM6+VC,weekday_morning,19.1,4,6,12,0.55,Central Diagonal 1
2026-06-05,XMW9+G8|WMJR+V4,weekday_morning,18.66,4,7,12,-0.55,East Outer Ring
2026-06-05,XPC7+72|XM33+J3,weekday_morning,18.38,4,8,12,-1.64,Old Airport Road
2026-06-05,XJPW+92|WJP4+FF,weekday_morning,18.2,4,9,12,-2.73,East Inner Ring
2026-06-05,WP44+W8|WJFH+XQ,weekday_morning,16.99,4,10,12,-3.82,Sarjapur Road
2026-06-05,2HVW+G8|XJXR+WG,weekday_morning,16.74,4,11,12,-4.91,North Outer Ring
2026-06-05,WHR9+R6|XJGF+6J,weekday_morning,15.02,4,12,12,-6.0,Central Diagonal 2
2026-06-08,XJG4+7J|5PX4+HQ,weekday_morning,39.28,4,1,12,6.0,Airport Expy
2026-06-08,VJRQ+2M|RMJJ+F4,weekday_morning,25.15,4,2,12,4.91,Hosur Road
2026-06-08,WH5F+26|WJ8X+F5W,weekday_morning,21.37,4,3,12,3.82,Double Decker Flyover
2026-06-08,2HM2+P8|XJV5+RG,weekday_morning,19.0,4,4,12,2.73,North Inner Ring
2026-06-08,XHJ7+MG|WJM6+VC,weekday_morning,18.4,4,5,12,1.64,Central Diagonal 1
2026-06-08,WGG8+G5|XH7P+G6,weekday_morning,17.33,4,6,12,0.55,Mysore Road
2026-06-08,XJPW+92|WJP4+FF,weekday_morning,17.04,4,7,12,-0.55,East Inner Ring
2026-06-08,XPC7+72|XM33+J3,weekday_morning,16.36,4,8,12,-1.64,Old Airport Road
2026-06-08,2HVW+G8|XJXR+WG,weekday_morning,15.56,4,9,12,-2.73,North Outer Ring
2026-06-08,XMW9+G8|WMJR+V4,weekday_morning,15.37,4,10,12,-3.82,East Outer Ring
2026-06-08,WP44+W8|WJFH+XQ,weekday_morning,15.36,4,11,12,-4.91,Sarjapur Road
2026-06-08,WHR9+R6|XJGF+6J,weekday_morning,14.86,4,12,12,-6.0,Central Diagonal 2
2026-06-09,XJG4+7J|5PX4+HQ,weekday_morning,37.38,12,1,12,6.0,Airport Expy
2026-06-09,VJRQ+2M|RMJJ+F4,weekday_morning,23.42,12,2,12,4.91,Hosur Road
2026-06-09,WH5F+26|WJ8X+F5W,weekday_morning,20.97,12,3,12,3.82,Double Decker Flyover
2026-06-09,2HM2+P8|XJV5+RG,weekday_morning,18.79,12,4,12,2.73,North Inner Ring
2026-06-09,XHJ7+MG|WJM6+VC,weekday_morning,17.44,12,5,12,1.64,Central Diagonal 1
2026-06-09,WGG8+G5|XH7P+G6,weekday_morning,17.36,12,6,12,0.55,Mysore Road
2026-06-09,XJPW+92|WJP4+FF,weekday_morning,16.0,12,7,12,-0.55,East Inner Ring
2026-06-09,XPC7+72|XM33+J3,weekday_morning,15.8,12,8,12,-1.64,Old Airport Road
2026-06-09,2HVW+G8|XJXR+WG,weekday_morning,14.93,12,9,12,-2.73,North Outer Ring
2026-06-09,WHR9+R6|XJGF+6J,weekday_morning,14.22,12,10,12,-3.82,Central Diagonal 2
2026-06-09,XMW9+G8|WMJR+V4,weekday_morning,13.6,12,11,12,-4.91,East Outer Ring
2026-06-09,WP44+W8|WJFH+XQ,weekday_morning,13.0,12,12,12,-6.0,Sarjapur Road
2026-06-10,XJG4+7J|5PX4+HQ,weekday_morning,36.34,12,1,12,6.0,Airport Expy
2026-06-10,VJRQ+2M|RMJJ+F4,weekday_morning,23.87,12,2,12,4.91,Hosur Road
2026-06-10,WH5F+26|WJ8X+F5W,weekday_morning,20.04,12,3,12,3.82,Double Decker Flyover
2026-06-10,2HM2+P8|XJV5+RG,weekday_morning,17.9,12,4,12,2.73,North Inner Ring
2026-06-10,WGG8+G5|XH7P+G6,weekday_morning,17.82,12,5,12,1.64,Mysore Road
2026-06-10,XHJ7+MG|WJM6+VC,weekday_morning,17.25,12,6,12,0.55,Central Diagonal 1
2026-06-10,XJPW+92|WJP4+FF,weekday_morning,16.08,12,7,12,-0.55,East Inner Ring
2026-06-10,2HVW+G8|XJXR+WG,weekday_morning,14.68,12,8,12,-1.64,North Outer Ring
2026-06-10,WHR9+R6|XJGF+6J,weekday_morning,14.22,12,9,12,-2.73,Central Diagonal 2
2026-06-10,XPC7+72|XM33+J3,weekday_morning,14.21,12,10,12,-3.82,Old Airport Road
2026-06-10,WP44+W8|WJFH+XQ,weekday_morning,13.41,12,11,12,-4.91,Sarjapur Road
2026-06-10,XMW9+G8|WMJR+V4,weekday_morning,13.34,12,12,12,-6.0,East Outer Ring
2025-09-25,XJG4+7J|5PX4+HQ,weekday_afternoon,31.36,3,1,11,5.5,Airport Expy
2025-09-25,VJRQ+2M|RMJJ+F4,weekday_afternoon,25.62,4,2,11,4.4,Hosur Road
2025-09-25,WH5F+26|WJ8X+F5W,weekday_afternoon,24.42,4,3,11,3.3,Double Decker Flyover
2025-09-25,XMW9+G8|WMJR+V4,weekday_afternoon,20.32,4,4,11,2.2,East Outer Ring
2025-09-25,2HM2+P8|XJV5+RG,weekday_afternoon,19.3,4,5,11,1.1,North Inner Ring
2025-09-25,XPC7+72|XM33+J3,weekday_afternoon,16.96,4,6,11,0.0,Old Airport Road
2025-09-25,2HVW+G8|XJXR+WG,weekday_afternoon,16.67,4,7,11,-1.1,North Outer Ring
2025-09-25,XG48+2W|VHWC+C3,weekday_afternoon,16.18,4,8,11,-2.2,South Outer Ring
2025-09-25,XJPW+92|WJP4+FF,weekday_afternoon,15.95,4,9,11,-3.3,East Inner Ring
2025-09-25,XHJ7+MG|WJM6+VC,weekday_afternoon,15.91,4,10,11,-4.4,Central Diagonal 1
2025-09-25,WHR9+R6|XJGF+6J,weekday_afternoon,15.67,4,11,11,-5.5,Central Diagonal 2
2025-09-26,XJG4+7J|5PX4+HQ,weekday_afternoon,35.53,6,1,11,5.5,Airport Expy
2025-09-26,VJRQ+2M|RMJJ+F4,weekday_afternoon,26.15,6,2,11,4.4,Hosur Road
2025-09-26,XMW9+G8|WMJR+V4,weekday_afternoon,25.66,6,3,11,3.3,East Outer Ring
2025-09-26,WH5F+26|WJ8X+F5W,weekday_afternoon,24.35,6,4,11,2.2,Double Decker Flyover
2025-09-26,XPC7+72|XM33+J3,weekday_afternoon,20.83,6,5,11,1.1,Old Airport Road
2025-09-26,2HM2+P8|XJV5+RG,weekday_afternoon,19.04,6,6,11,0.0,North Inner Ring
2025-09-26,2HVW+G8|XJXR+WG,weekday_afternoon,18.34,6,7,11,-1.1,North Outer Ring
2025-09-26,XJPW+92|WJP4+FF,weekday_afternoon,17.2,6,8,11,-2.2,East Inner Ring
2025-09-26,XHJ7+MG|WJM6+VC,weekday_afternoon,17.05,6,9,11,-3.3,Central Diagonal 1
2025-09-26,XG48+2W|VHWC+C3,weekday_afternoon,15.83,6,10,11,-4.4,South Outer Ring
2025-09-26,WHR9+R6|XJGF+6J,weekday_afternoon,15.53,6,11,11,-5.5,Central Diagonal 2
2025-09-29,XJG4+7J|5PX4+HQ,weekday_afternoon,36.1,6,1,11,5.5,Airport Expy
2025-09-29,VJRQ+2M|RMJJ+F4,weekday_afternoon,26.23,6,2,11,4.4,Hosur Road
2025-09-29,XMW9+G8|WMJR+V4,weekday_afternoon,24.95,6,3,11,3.3,East Outer Ring
2025-09-29,WH5F+26|WJ8X+F5W,weekday_afternoon,24.3,6,4,11,2.2,Double Decker Flyover
2025-09-29,XPC7+72|XM33+J3,weekday_afternoon,19.34,6,5,11,1.1,Old Airport Road
2025-09-29,2HM2+P8|XJV5+RG,weekday_afternoon,18.68,6,6,11,0.0,North Inner Ring
2025-09-29,2HVW+G8|XJXR+WG,weekday_afternoon,18.5,6,7,11,-1.1,North Outer Ring
2025-09-29,XHJ7+MG|WJM6+VC,weekday_afternoon,17.97,6,8,11,-2.2,Central Diagonal 1
2025-09-29,XJPW+92|WJP4+FF,weekday_afternoon,16.91,6,9,11,-3.3,East Inner Ring
2025-09-29,XG48+2W|VHWC+C3,weekday_afternoon,16.34,6,10,11,-4.4,South Outer Ring
2025-09-29,WHR9+R6|XJGF+6J,weekday_afternoon,15.67,6,11,11,-5.5,Central Diagonal 2
2025-09-30,XJG4+7J|5PX4+HQ,weekday_afternoon,35.3,6,1,11,5.5,Airport Expy
2025-09-30,VJRQ+2M|RMJJ+F4,weekday_afternoon,25.47,6,2,11,4.4,Hosur Road
2025-09-30,WH5F+26|WJ8X+F5W,weekday_afternoon,23.92,6,3,11,3.3,Double Decker Flyover
2025-09-30,XMW9+G8|WMJR+V4,weekday_afternoon,23.78,6,4,11,2.2,East Outer Ring
2025-09-30,XPC7+72|XM33+J3,weekday_afternoon,19.8,6,5,11,1.1,Old Airport Road
2025-09-30,2HM2+P8|XJV5+RG,weekday_afternoon,19.45,6,6,11,0.0,North Inner Ring
2025-09-30,2HVW+G8|XJXR+WG,weekday_afternoon,18.57,6,7,11,-1.1,North Outer Ring
2025-09-30,XHJ7+MG|WJM6+VC,weekday_afternoon,18.39,6,8,11,-2.2,Central Diagonal 1
2025-09-30,XJPW+92|WJP4+FF,weekday_afternoon,17.12,6,9,11,-3.3,East Inner Ring
2025-09-30,XG48+2W|VHWC+C3,weekday_afternoon,16.52,6,10,11,-4.4,South Outer Ring
2025-09-30,WHR9+R6|XJGF+6J,weekday_afternoon,16.48,6,11,11,-5.5,Central Diagonal 2
2025-10-01,XJG4+7J|5PX4+HQ,weekday_afternoon,39.38,6,1,12,6.0,Airport Expy
2025-10-01,XMW9+G8|WMJR+V4,weekday_afternoon,32.84,6,2,12,4.91,East Outer Ring
2025-10-01,VJRQ+2M|RMJJ+F4,weekday_afternoon,30.19,6,3,12,3.82,Hosur Road
2025-10-01,WH5F+26|WJ8X+F5W,weekday_afternoon,27.25,6,4,12,2.73,Double Decker Flyover
2025-10-01,XPC7+72|XM33+J3,weekday_afternoon,25.11,6,5,12,1.64,Old Airport Road
2025-10-01,2HVW+G8|XJXR+WG,weekday_afternoon,24.31,6,6,12,0.55,North Outer Ring
2025-10-01,XHJ7+MG|WJM6+VC,weekday_afternoon,22.67,6,7,12,-0.55,Central Diagonal 1
2025-10-01,WGG8+G5|XH7P+G6,weekday_afternoon,21.74,6,8,12,-1.64,Mysore Road
2025-10-01,2HM2+P8|XJV5+RG,weekday_afternoon,21.1,6,9,12,-2.73,North Inner Ring
2025-10-01,XJPW+92|WJP4+FF,weekday_afternoon,20.14,6,10,12,-3.82,East Inner Ring
2025-10-01,WHR9+R6|XJGF+6J,weekday_afternoon,18.82,6,11,12,-4.91,Central Diagonal 2
2025-10-01,XG48+2W|VHWC+C3,weekday_afternoon,17.84,6,12,12,-6.0,South Outer Ring
2025-10-02,XJG4+7J|5PX4+HQ,weekday_afternoon,40.39,6,1,12,6.0,Airport Expy
2025-10-02,XMW9+G8|WMJR+V4,weekday_afternoon,36.76,6,2,12,4.91,East Outer Ring
2025-10-02,VJRQ+2M|RMJJ+F4,weekday_afternoon,30.59,6,3,12,3.82,Hosur Road
2025-10-02,WH5F+26|WJ8X+F5W,weekday_afternoon,27.34,6,4,12,2.73,Double Decker Flyover
2025-10-02,XPC7+72|XM33+J3,weekday_afternoon,25.54,6,5,12,1.64,Old Airport Road
2025-10-02,WGG8+G5|XH7P+G6,weekday_afternoon,24.51,6,6,12,0.55,Mysore Road
2025-10-02,2HVW+G8|XJXR+WG,weekday_afternoon,24.42,6,7,12,-0.55,North Outer Ring
2025-10-02,XHJ7+MG|WJM6+VC,weekday_afternoon,23.15,6,8,12,-1.64,Central Diagonal 1
2025-10-02,XJPW+92|WJP4+FF,weekday_afternoon,21.4,6,9,12,-2.73,East Inner Ring
2025-10-02,2HM2+P8|XJV5+RG,weekday_afternoon,21.19,6,10,12,-3.82,North Inner Ring
2025-10-02,XG48+2W|VHWC+C3,weekday_afternoon,20.06,6,11,12,-4.91,South Outer Ring
2025-10-02,WHR9+R6|XJGF+6J,weekday_afternoon,18.11,6,12,12,-6.0,Central Diagonal 2
2025-10-03,XJG4+7J|5PX4+HQ,weekday_afternoon,39.3,6,1,12,6.0,Airport Expy
2025-10-03,XMW9+G8|WMJR+V4,weekday_afternoon,31.48,6,2,12,4.91,East Outer Ring
2025-10-03,VJRQ+2M|RMJJ+F4,weekday_afternoon,30.68,6,3,12,3.82,Hosur Road
2025-10-03,WH5F+26|WJ8X+F5W,weekday_afternoon,27.47,6,4,12,2.73,Double Decker Flyover
2025-10-03,2HVW+G8|XJXR+WG,weekday_afternoon,23.84,6,5,12,1.64,North Outer Ring
2025-10-03,XPC7+72|XM33+J3,weekday_afternoon,23.81,6,6,12,0.55,Old Airport Road
2025-10-03,WGG8+G5|XH7P+G6,weekday_afternoon,20.81,6,7,12,-0.55,Mysore Road
2025-10-03,2HM2+P8|XJV5+RG,weekday_afternoon,20.75,6,8,12,-1.64,North Inner Ring
2025-10-03,XHJ7+MG|WJM6+VC,weekday_afternoon,19.79,6,9,12,-2.73,Central Diagonal 1
2025-10-03,XG48+2W|VHWC+C3,weekday_afternoon,18.99,6,10,12,-3.82,South Outer Ring
2025-10-03,XJPW+92|WJP4+FF,weekday_afternoon,18.81,6,11,12,-4.91,East Inner Ring
2025-10-03,WHR9+R6|XJGF+6J,weekday_afternoon,17.59,6,12,12,-6.0,Central Diagonal 2
2025-10-06,XJG4+7J|5PX4+HQ,weekday_afternoon,35.5,6,1,13,6.5,Airport Expy
2025-10-06,VJRQ+2M|RMJJ+F4,weekday_afternoon,27.77,6,2,13,5.42,Hosur Road
2025-10-06,WH5F+26|WJ8X+F5W,weekday_afternoon,25.02,6,3,13,4.33,Double Decker Flyover
2025-10-06,XMW9+G8|WMJR+V4,weekday_afternoon,20.16,6,4,13,3.25,East Outer Ring
2025-10-06,2HM2+P8|XJV5+RG,weekday_afternoon,19.74,6,5,13,2.17,North Inner Ring
2025-10-06,WP44+W8|WJFH+XQ,weekday_afternoon,19.6,1,6,13,1.08,Sarjapur Road
2025-10-06,WGG8+G5|XH7P+G6,weekday_afternoon,19.47,6,7,13,0.0,Mysore Road
2025-10-06,XPC7+72|XM33+J3,weekday_afternoon,19.0,6,8,13,-1.08,Old Airport Road
2025-10-06,XHJ7+MG|WJM6+VC,weekday_afternoon,18.45,6,9,13,-2.17,Central Diagonal 1
2025-10-06,2HVW+G8|XJXR+WG,weekday_afternoon,18.03,6,10,13,-3.25,North Outer Ring
2025-10-06,XG48+2W|VHWC+C3,weekday_afternoon,17.19,6,11,13,-4.33,South Outer Ring
2025-10-06,XJPW+92|WJP4+FF,weekday_afternoon,16.91,6,12,13,-5.42,East Inner Ring
2025-10-06,WHR9+R6|XJGF+6J,weekday_afternoon,16.64,6,13,13,-6.5,Central Diagonal 2
2025-10-07,XJG4+7J|5PX4+HQ,weekday_afternoon,37.7,6,1,13,6.5,Airport Expy
2025-10-07,VJRQ+2M|RMJJ+F4,weekday_afternoon,26.78,6,2,13,5.42,Hosur Road
2025-10-07,WH5F+26|WJ8X+F5W,weekday_afternoon,24.74,6,3,13,4.33,Double Decker Flyover
2025-10-07,WGG8+G5|XH7P+G6,weekday_afternoon,20.21,6,4,13,3.25,Mysore Road
2025-10-07,WP44+W8|WJFH+XQ,weekday_afternoon,19.69,6,5,13,2.17,Sarjapur Road
2025-10-07,2HM2+P8|XJV5+RG,weekday_afternoon,19.39,6,6,13,1.08,North Inner Ring
2025-10-07,XHJ7+MG|WJM6+VC,weekday_afternoon,19.36,6,7,13,0.0,Central Diagonal 1
2025-10-07,XMW9+G8|WMJR+V4,weekday_afternoon,19.25,6,8,13,-1.08,East Outer Ring
2025-10-07,XPC7+72|XM33+J3,weekday_afternoon,18.92,6,9,13,-2.17,Old Airport Road
2025-10-07,2HVW+G8|XJXR+WG,weekday_afternoon,17.81,6,10,13,-3.25,North Outer Ring
2025-10-07,XG48+2W|VHWC+C3,weekday_afternoon,16.8,6,11,13,-4.33,South Outer Ring
2025-10-07,XJPW+92|WJP4+FF,weekday_afternoon,16.48,6,12,13,-5.42,East Inner Ring
2025-10-07,WHR9+R6|XJGF+6J,weekday_afternoon,16.28,6,13,13,-6.5,Central Diagonal 2
2025-10-08,XJG4+7J|5PX4+HQ,weekday_afternoon,33.57,6,1,13,6.5,Airport Expy
2025-10-08,VJRQ+2M|RMJJ+F4,weekday_afternoon,23.4,6,2,13,5.42,Hosur Road
2025-10-08,WH5F+26|WJ8X+F5W,weekday_afternoon,23.38,6,3,13,4.33,Double Decker Flyover
2025-10-08,2HM2+P8|XJV5+RG,weekday_afternoon,19.21,6,4,13,3.25,North Inner Ring
2025-10-08,WGG8+G5|XH7P+G6,weekday_afternoon,18.94,6,5,13,2.17,Mysore Road
2025-10-08,WP44+W8|WJFH+XQ,weekday_afternoon,17.41,6,6,13,1.08,Sarjapur Road
2025-10-08,2HVW+G8|XJXR+WG,weekday_afternoon,16.73,6,7,13,0.0,North Outer Ring
2025-10-08,XHJ7+MG|WJM6+VC,weekday_afternoon,16.69,6,8,13,-1.08,Central Diagonal 1
2025-10-08,XPC7+72|XM33+J3,weekday_afternoon,16.61,6,9,13,-2.17,Old Airport Road
2025-10-08,XG48+2W|VHWC+C3,weekday_afternoon,16.39,6,10,13,-3.25,South Outer Ring
2025-10-08,XMW9+G8|WMJR+V4,weekday_afternoon,15.76,6,11,13,-4.33,East Outer Ring
2025-10-08,XJPW+92|WJP4+FF,weekday_afternoon,15.58,6,12,13,-5.42,East Inner Ring
2025-10-08,WHR9+R6|XJGF+6J,weekday_afternoon,14.12,6,13,13,-6.5,Central Diagonal 2
2025-10-09,XJG4+7J|5PX4+HQ,weekday_afternoon,33.97,6,1,13,6.5,Airport Expy
2025-10-09,VJRQ+2M|RMJJ+F4,weekday_afternoon,25.51,6,2,13,5.42,Hosur Road
2025-10-09,WH5F+26|WJ8X+F5W,weekday_afternoon,23.34,6,3,13,4.33,Double Decker Flyover
2025-10-09,XMW9+G8|WMJR+V4,weekday_afternoon,19.76,6,4,13,3.25,East Outer Ring
2025-10-09,WGG8+G5|XH7P+G6,weekday_afternoon,18.76,6,5,13,2.17,Mysore Road
2025-10-09,2HM2+P8|XJV5+RG,weekday_afternoon,18.42,6,6,13,1.08,North Inner Ring
2025-10-09,WP44+W8|WJFH+XQ,weekday_afternoon,17.89,6,7,13,0.0,Sarjapur Road
2025-10-09,XPC7+72|XM33+J3,weekday_afternoon,17.13,6,8,13,-1.08,Old Airport Road
2025-10-09,XG48+2W|VHWC+C3,weekday_afternoon,16.75,6,9,13,-2.17,South Outer Ring
2025-10-09,XHJ7+MG|WJM6+VC,weekday_afternoon,16.68,6,10,13,-3.25,Central Diagonal 1
2025-10-09,2HVW+G8|XJXR+WG,weekday_afternoon,16.58,6,11,13,-4.33,North Outer Ring
2025-10-09,XJPW+92|WJP4+FF,weekday_afternoon,15.83,6,12,13,-5.42,East Inner Ring
2025-10-09,WHR9+R6|XJGF+6J,weekday_afternoon,14.61,6,13,13,-6.5,Central Diagonal 2
2025-10-10,XJG4+7J|5PX4+HQ,weekday_afternoon,34.2,6,1,13,6.5,Airport Expy
2025-10-10,VJRQ+2M|RMJJ+F4,weekday_afternoon,26.92,6,2,13,5.42,Hosur Road
2025-10-10,XMW9+G8|WMJR+V4,weekday_afternoon,25.36,6,3,13,4.33,East Outer Ring
2025-10-10,WH5F+26|WJ8X+F5W,weekday_afternoon,24.3,6,4,13,3.25,Double Decker Flyover
2025-10-10,2HVW+G8|XJXR+WG,weekday_afternoon,19.2,6,5,13,2.17,North Outer Ring
2025-10-10,WGG8+G5|XH7P+G6,weekday_afternoon,18.76,6,6,13,1.08,Mysore Road
2025-10-10,2HM2+P8|XJV5+RG,weekday_afternoon,18.71,6,7,13,0.0,North Inner Ring
2025-10-10,XPC7+72|XM33+J3,weekday_afternoon,17.65,6,8,13,-1.08,Old Airport Road
2025-10-10,WP44+W8|WJFH+XQ,weekday_afternoon,17.31,6,9,13,-2.17,Sarjapur Road
2025-10-10,XHJ7+MG|WJM6+VC,weekday_afternoon,16.61,6,10,13,-3.25,Central Diagonal 1
2025-10-10,XG48+2W|VHWC+C3,weekday_afternoon,16.6,6,11,13,-4.33,South Outer Ring
2025-10-10,XJPW+92|WJP4+FF,weekday_afternoon,16.13,6,12,13,-5.42,East Inner Ring
2025-10-10,WHR9+R6|XJGF+6J,weekday_afternoon,14.71,6,13,13,-6.5,Central Diagonal 2
2025-10-13,XJG4+7J|5PX4+HQ,weekday_afternoon,36.14,6,1,13,6.5,Airport Expy
2025-10-13,VJRQ+2M|RMJJ+F4,weekday_afternoon,27.14,6,2,13,5.42,Hosur Road
2025-10-13,WH5F+26|WJ8X+F5W,weekday_afternoon,24.87,6,3,13,4.33,Double Decker Flyover
2025-10-13,2HM2+P8|XJV5+RG,weekday_afternoon,19.85,6,4,13,3.25,North Inner Ring
2025-10-13,XMW9+G8|WMJR+V4,weekday_afternoon,19.67,6,5,13,2.17,East Outer Ring
2025-10-13,WP44+W8|WJFH+XQ,weekday_afternoon,18.68,6,6,13,1.08,Sarjapur Road
2025-10-13,WGG8+G5|XH7P+G6,weekday_afternoon,17.7,6,7,13,0.0,Mysore Road
2025-10-13,2HVW+G8|XJXR+WG,weekday_afternoon,17.03,6,8,13,-1.08,North Outer Ring
2025-10-13,XPC7+72|XM33+J3,weekday_afternoon,16.9,6,9,13,-2.17,Old Airport Road
2025-10-13,XHJ7+MG|WJM6+VC,weekday_afternoon,16.6,6,10,13,-3.25,Central Diagonal 1
2025-10-13,XJPW+92|WJP4+FF,weekday_afternoon,16.44,6,11,13,-4.33,East Inner Ring
2025-10-13,XG48+2W|VHWC+C3,weekday_afternoon,16.36,6,12,13,-5.42,South Outer Ring
2025-10-13,WHR9+R6|XJGF+6J,weekday_afternoon,15.5,6,13,13,-6.5,Central Diagonal 2
2025-10-14,XJG4+7J|5PX4+HQ,weekday_afternoon,34.63,6,1,13,6.5,Airport Expy
2025-10-14,VJRQ+2M|RMJJ+F4,weekday_afternoon,28.09,6,2,13,5.42,Hosur Road
2025-10-14,WH5F+26|WJ8X+F5W,weekday_afternoon,24.68,6,3,13,4.33,Double Decker Flyover
2025-10-14,2HM2+P8|XJV5+RG,weekday_afternoon,19.72,6,4,13,3.25,North Inner Ring
2025-10-14,WP44+W8|WJFH+XQ,weekday_afternoon,18.82,6,5,13,2.17,Sarjapur Road
2025-10-14,WGG8+G5|XH7P+G6,weekday_afternoon,18.61,6,6,13,1.08,Mysore Road
2025-10-14,XHJ7+MG|WJM6+VC,weekday_afternoon,16.91,6,7,13,0.0,Central Diagonal 1
2025-10-14,XG48+2W|VHWC+C3,weekday_afternoon,16.57,6,8,13,-1.08,South Outer Ring
2025-10-14,2HVW+G8|XJXR+WG,weekday_afternoon,16.04,6,9,13,-2.17,North Outer Ring
2025-10-14,XJPW+92|WJP4+FF,weekday_afternoon,15.74,6,10,13,-3.25,East Inner Ring
2025-10-14,WHR9+R6|XJGF+6J,weekday_afternoon,14.59,6,11,13,-4.33,Central Diagonal 2
2025-10-14,XPC7+72|XM33+J3,weekday_afternoon,14.12,6,12,13,-5.42,Old Airport Road
2025-10-14,XMW9+G8|WMJR+V4,weekday_afternoon,13.92,6,13,13,-6.5,East Outer Ring
2025-10-15,XJG4+7J|5PX4+HQ,weekday_afternoon,33.58,6,1,13,6.5,Airport Expy
2025-10-15,VJRQ+2M|RMJJ+F4,weekday_afternoon,25.87,6,2,13,5.42,Hosur Road
2025-10-15,WH5F+26|WJ8X+F5W,weekday_afternoon,24.03,6,3,13,4.33,Double Decker Flyover
2025-10-15,2HM2+P8|XJV5+RG,weekday_afternoon,20.17,6,4,13,3.25,North Inner Ring
2025-10-15,WGG8+G5|XH7P+G6,weekday_afternoon,18.08,6,5,13,2.17,Mysore Road
2025-10-15,WP44+W8|WJFH+XQ,weekday_afternoon,17.16,6,6,13,1.08,Sarjapur Road
2025-10-15,XHJ7+MG|WJM6+VC,weekday_afternoon,16.75,6,7,13,0.0,Central Diagonal 1
2025-10-15,2HVW+G8|XJXR+WG,weekday_afternoon,16.52,6,8,13,-1.08,North Outer Ring
2025-10-15,XG48+2W|VHWC+C3,weekday_afternoon,16.33,6,9,13,-2.17,South Outer Ring
2025-10-15,XMW9+G8|WMJR+V4,weekday_afternoon,16.21,6,10,13,-3.25,East Outer Ring
2025-10-15,XPC7+72|XM33+J3,weekday_afternoon,15.91,6,11,13,-4.33,Old Airport Road
2025-10-15,XJPW+92|WJP4+FF,weekday_afternoon,15.15,6,12,13,-5.42,East Inner Ring
2025-10-15,WHR9+R6|XJGF+6J,weekday_afternoon,13.72,6,13,13,-6.5,Central Diagonal 2
2025-10-16,XJG4+7J|5PX4+HQ,weekday_afternoon,33.24,6,1,13,6.5,Airport Expy
2025-10-16,VJRQ+2M|RMJJ+F4,weekday_afternoon,26.33,6,2,13,5.42,Hosur Road
2025-10-16,WH5F+26|WJ8X+F5W,weekday_afternoon,23.49,6,3,13,4.33,Double Decker Flyover
2025-10-16,XMW9+G8|WMJR+V4,weekday_afternoon,19.5,6,4,13,3.25,East Outer Ring
2025-10-16,WGG8+G5|XH7P+G6,weekday_afternoon,18.81,6,5,13,2.17,Mysore Road
2025-10-16,2HM2+P8|XJV5+RG,weekday_afternoon,18.63,6,6,13,1.08,North Inner Ring
2025-10-16,WP44+W8|WJFH+XQ,weekday_afternoon,16.75,6,7,13,0.0,Sarjapur Road
2025-10-16,XHJ7+MG|WJM6+VC,weekday_afternoon,16.58,6,8,13,-1.08,Central Diagonal 1
2025-10-16,XG48+2W|VHWC+C3,weekday_afternoon,16.5,6,9,13,-2.17,South Outer Ring
2025-10-16,XPC7+72|XM33+J3,weekday_afternoon,15.77,6,10,13,-3.25,Old Airport Road
2025-10-16,XJPW+92|WJP4+FF,weekday_afternoon,15.31,6,11,13,-4.33,East Inner Ring
2025-10-16,2HVW+G8|XJXR+WG,weekday_afternoon,15.07,6,12,13,-5.42,North Outer Ring
2025-10-16,WHR9+R6|XJGF+6J,weekday_afternoon,13.75,6,13,13,-6.5,Central Diagonal 2
2025-10-17,XJG4+7J|5PX4+HQ,weekday_afternoon,33.55,6,1,13,6.5,Airport Expy
2025-10-17,VJRQ+2M|RMJJ+F4,weekday_afternoon,23.97,6,2,13,5.42,Hosur Road
2025-10-17,XMW9+G8|WMJR+V4,weekday_afternoon,23.7,6,3,13,4.33,East Outer Ring
2025-10-17,WH5F+26|WJ8X+F5W,weekday_afternoon,22.89,6,4,13,3.25,Double Decker Flyover
2025-10-17,2HM2+P8|XJV5+RG,weekday_afternoon,19.42,6,5,13,2.17,North Inner Ring
2025-10-17,XPC7+72|XM33+J3,weekday_afternoon,18.78,6,6,13,1.08,Old Airport Road
2025-10-17,2HVW+G8|XJXR+WG,weekday_afternoon,17.55,6,7,13,0.0,North Outer Ring
2025-10-17,WGG8+G5|XH7P+G6,weekday_afternoon,17.51,6,8,13,-1.08,Mysore Road
2025-10-17,WP44+W8|WJFH+XQ,weekday_afternoon,17.36,6,9,13,-2.17,Sarjapur Road
2025-10-17,XHJ7+MG|WJM6+VC,weekday_afternoon,16.22,6,10,13,-3.25,Central Diagonal 1
2025-10-17,XJPW+92|WJP4+FF,weekday_afternoon,16.04,6,11,13,-4.33,East Inner Ring
2025-10-17,XG48+2W|VHWC+C3,weekday_afternoon,15.91,6,12,13,-5.42,South Outer Ring
2025-10-17,WHR9+R6|XJGF+6J,weekday_afternoon,13.47,6,13,13,-6.5,Central Diagonal 2
2025-10-20,XJG4+7J|5PX4+HQ,weekday_afternoon,43.01,6,1,13,6.5,Airport Expy
2025-10-20,XMW9+G8|WMJR+V4,weekday_afternoon,36.48,6,2,13,5.42,East Outer Ring
2025-10-20,VJRQ+2M|RMJJ+F4,weekday_afternoon,30.93,6,3,13,4.33,Hosur Road
2025-10-20,WH5F+26|WJ8X+F5W,weekday_afternoon,28.72,6,4,13,3.25,Double Decker Flyover
2025-10-20,XPC7+72|XM33+J3,weekday_afternoon,26.13,6,5,13,2.17,Old Airport Road
2025-10-20,WP44+W8|WJFH+XQ,weekday_afternoon,24.67,6,6,13,1.08,Sarjapur Road
2025-10-20,2HVW+G8|XJXR+WG,weekday_afternoon,24.28,6,7,13,0.0,North Outer Ring
2025-10-20,XHJ7+MG|WJM6+VC,weekday_afternoon,24.12,6,8,13,-1.08,Central Diagonal 1
2025-10-20,WGG8+G5|XH7P+G6,weekday_afternoon,23.56,6,9,13,-2.17,Mysore Road
2025-10-20,2HM2+P8|XJV5+RG,weekday_afternoon,22.15,6,10,13,-3.25,North Inner Ring
2025-10-20,XJPW+92|WJP4+FF,weekday_afternoon,21.26,6,11,13,-4.33,East Inner Ring
2025-10-20,WHR9+R6|XJGF+6J,weekday_afternoon,19.2,6,12,13,-5.42,Central Diagonal 2
2025-10-20,XG48+2W|VHWC+C3,weekday_afternoon,18.36,6,13,13,-6.5,South Outer Ring
2025-10-21,XJG4+7J|5PX4+HQ,weekday_afternoon,40.99,6,1,13,6.5,Airport Expy
2025-10-21,XMW9+G8|WMJR+V4,weekday_afternoon,31.64,6,2,13,5.42,East Outer Ring
2025-10-21,VJRQ+2M|RMJJ+F4,weekday_afternoon,31.11,6,3,13,4.33,Hosur Road
2025-10-21,WH5F+26|WJ8X+F5W,weekday_afternoon,26.83,6,4,13,3.25,Double Decker Flyover
2025-10-21,WP44+W8|WJFH+XQ,weekday_afternoon,24.38,6,5,13,2.17,Sarjapur Road
2025-10-21,XPC7+72|XM33+J3,weekday_afternoon,24.18,6,6,13,1.08,Old Airport Road
2025-10-21,2HVW+G8|XJXR+WG,weekday_afternoon,23.46,6,7,13,0.0,North Outer Ring
2025-10-21,WGG8+G5|XH7P+G6,weekday_afternoon,23.44,6,8,13,-1.08,Mysore Road
2025-10-21,XHJ7+MG|WJM6+VC,weekday_afternoon,22.7,6,9,13,-2.17,Central Diagonal 1
2025-10-21,2HM2+P8|XJV5+RG,weekday_afternoon,21.74,6,10,13,-3.25,North Inner Ring
2025-10-21,XJPW+92|WJP4+FF,weekday_afternoon,19.74,6,11,13,-4.33,East Inner Ring
2025-10-21,XG48+2W|VHWC+C3,weekday_afternoon,18.25,6,12,13,-5.42,South Outer Ring
2025-10-21,WHR9+R6|XJGF+6J,weekday_afternoon,17.92,6,13,13,-6.5,Central Diagonal 2
2025-10-22,XJG4+7J|5PX4+HQ,weekday_afternoon,41.31,6,1,13,6.5,Airport Expy
2025-10-22,VJRQ+2M|RMJJ+F4,weekday_afternoon,29.23,6,2,13,5.42,Hosur Road
2025-10-22,XMW9+G8|WMJR+V4,weekday_afternoon,28.67,6,3,13,4.33,East Outer Ring
2025-10-22,WH5F+26|WJ8X+F5W,weekday_afternoon,27.05,6,4,13,3.25,Double Decker Flyover
2025-10-22,XPC7+72|XM33+J3,weekday_afternoon,22.61,6,5,13,2.17,Old Airport Road
2025-10-22,XHJ7+MG|WJM6+VC,weekday_afternoon,22.34,6,6,13,1.08,Central Diagonal 1
2025-10-22,WGG8+G5|XH7P+G6,weekday_afternoon,21.84,6,7,13,0.0,Mysore Road
2025-10-22,2HM2+P8|XJV5+RG,weekday_afternoon,21.62,6,8,13,-1.08,North Inner Ring
2025-10-22,WP44+W8|WJFH+XQ,weekday_afternoon,21.47,6,9,13,-2.17,Sarjapur Road
2025-10-22,2HVW+G8|XJXR+WG,weekday_afternoon,21.08,6,10,13,-3.25,North Outer Ring
2025-10-22,XJPW+92|WJP4+FF,weekday_afternoon,18.59,6,11,13,-4.33,East Inner Ring
2025-10-22,WHR9+R6|XJGF+6J,weekday_afternoon,18.27,6,12,13,-5.42,Central Diagonal 2
2025-10-22,XG48+2W|VHWC+C3,weekday_afternoon,18.22,6,13,13,-6.5,South Outer Ring
2025-10-23,XJG4+7J|5PX4+HQ,weekday_afternoon,37.54,6,1,13,6.5,Airport Expy
2025-10-23,VJRQ+2M|RMJJ+F4,weekday_afternoon,27.11,6,2,13,5.42,Hosur Road
2025-10-23,WH5F+26|WJ8X+F5W,weekday_afternoon,24.78,6,3,13,4.33,Double Decker Flyover
2025-10-23,XMW9+G8|WMJR+V4,weekday_afternoon,23.54,6,4,13,3.25,East Outer Ring
2025-10-23,2HM2+P8|XJV5+RG,weekday_afternoon,20.17,6,5,13,2.17,North Inner Ring
2025-10-23,XPC7+72|XM33+J3,weekday_afternoon,19.74,6,6,13,1.08,Old Airport Road
2025-10-23,WP44+W8|WJFH+XQ,weekday_afternoon,19.32,6,7,13,0.0,Sarjapur Road
2025-10-23,WGG8+G5|XH7P+G6,weekday_afternoon,19.01,6,8,13,-1.08,Mysore Road
2025-10-23,2HVW+G8|XJXR+WG,weekday_afternoon,18.47,6,9,13,-2.17,North Outer Ring
2025-10-23,XHJ7+MG|WJM6+VC,weekday_afternoon,16.92,6,10,13,-3.25,Central Diagonal 1
2025-10-23,XJPW+92|WJP4+FF,weekday_afternoon,16.62,6,11,13,-4.33,East Inner Ring
2025-10-23,XG48+2W|VHWC+C3,weekday_afternoon,16.47,6,12,13,-5.42,South Outer Ring
2025-10-23,WHR9+R6|XJGF+6J,weekday_afternoon,15.79,6,13,13,-6.5,Central Diagonal 2
2025-10-24,XJG4+7J|5PX4+HQ,weekday_afternoon,36.59,6,1,13,6.5,Airport Expy
2025-10-24,XMW9+G8|WMJR+V4,weekday_afternoon,26.53,6,2,13,5.42,East Outer Ring
2025-10-24,VJRQ+2M|RMJJ+F4,weekday_afternoon,26.16,6,3,13,4.33,Hosur Road
2025-10-24,WH5F+26|WJ8X+F5W,weekday_afternoon,24.87,6,4,13,3.25,Double Decker Flyover
2025-10-24,2HM2+P8|XJV5+RG,weekday_afternoon,19.56,6,5,13,2.17,North Inner Ring
2025-10-24,XPC7+72|XM33+J3,weekday_afternoon,19.44,6,6,13,1.08,Old Airport Road
2025-10-24,WP44+W8|WJFH+XQ,weekday_afternoon,19.19,6,7,13,0.0,Sarjapur Road
2025-10-24,2HVW+G8|XJXR+WG,weekday_afternoon,19.16,6,8,13,-1.08,North Outer Ring
2025-10-24,WGG8+G5|XH7P+G6,weekday_afternoon,18.99,6,9,13,-2.17,Mysore Road
2025-10-24,XHJ7+MG|WJM6+VC,weekday_afternoon,18.22,6,10,13,-3.25,Central Diagonal 1
2025-10-24,XJPW+92|WJP4+FF,weekday_afternoon,17.3,6,11,13,-4.33,East Inner Ring
2025-10-24,XG48+2W|VHWC+C3,weekday_afternoon,16.15,6,12,13,-5.42,South Outer Ring
2025-10-24,WHR9+R6|XJGF+6J,weekday_afternoon,14.83,6,13,13,-6.5,Central Diagonal 2
2025-10-27,XJG4+7J|5PX4+HQ,weekday_afternoon,36.91,6,1,13,6.5,Airport Expy
2025-10-27,VJRQ+2M|RMJJ+F4,weekday_afternoon,27.24,6,2,13,5.42,Hosur Road
2025-10-27,WH5F+26|WJ8X+F5W,weekday_afternoon,24.85,6,3,13,4.33,Double Decker Flyover
2025-10-27,XMW9+G8|WMJR+V4,weekday_afternoon,21.22,6,4,13,3.25,East Outer Ring
2025-10-27,2HM2+P8|XJV5+RG,weekday_afternoon,19.12,6,5,13,2.17,North Inner Ring
2025-10-27,WGG8+G5|XH7P+G6,weekday_afternoon,18.92,6,6,13,1.08,Mysore Road
2025-10-27,XPC7+72|XM33+J3,weekday_afternoon,18.92,6,7,13,0.0,Old Airport Road
2025-10-27,WP44+W8|WJFH+XQ,weekday_afternoon,18.5,6,8,13,-1.08,Sarjapur Road
2025-10-27,2HVW+G8|XJXR+WG,weekday_afternoon,18.27,6,9,13,-2.17,North Outer Ring
2025-10-27,XHJ7+MG|WJM6+VC,weekday_afternoon,17.06,6,10,13,-3.25,Central Diagonal 1
2025-10-27,XJPW+92|WJP4+FF,weekday_afternoon,16.62,6,11,13,-4.33,East Inner Ring
2025-10-27,XG48+2W|VHWC+C3,weekday_afternoon,16.31,6,12,13,-5.42,South Outer Ring
2025-10-27,WHR9+R6|XJGF+6J,weekday_afternoon,15.36,6,13,13,-6.5,Central Diagonal 2
2025-10-28,XJG4+7J|5PX4+HQ,weekday_afternoon,36.97,6,1,13,6.5,Airport Expy
2025-10-28,VJRQ+2M|RMJJ+F4,weekday_afternoon,27.13,6,2,13,5.42,Hosur Road
2025-10-28,WH5F+26|WJ8X+F5W,weekday_afternoon,23.64,6,3,13,4.33,Double Decker Flyover
2025-10-28,XMW9+G8|WMJR+V4,weekday_afternoon,21.09,6,4,13,3.25,East Outer Ring
2025-10-28,2HM2+P8|XJV5+RG,weekday_afternoon,19.47,6,5,13,2.17,North Inner Ring
2025-10-28,WGG8+G5|XH7P+G6,weekday_afternoon,19.36,6,6,13,1.08,Mysore Road
2025-10-28,XHJ7+MG|WJM6+VC,weekday_afternoon,17.42,6,7,13,0.0,Central Diagonal 1
2025-10-28,WP44+W8|WJFH+XQ,weekday_afternoon,17.32,6,8,13,-1.08,Sarjapur Road
2025-10-28,2HVW+G8|XJXR+WG,weekday_afternoon,16.89,6,9,13,-2.17,North Outer Ring
2025-10-28,XPC7+72|XM33+J3,weekday_afternoon,16.81,6,10,13,-3.25,Old Airport Road
2025-10-28,XG48+2W|VHWC+C3,weekday_afternoon,16.6,6,11,13,-4.33,South Outer Ring
2025-10-28,XJPW+92|WJP4+FF,weekday_afternoon,16.21,6,12,13,-5.42,East Inner Ring
2025-10-28,WHR9+R6|XJGF+6J,weekday_afternoon,14.85,6,13,13,-6.5,Central Diagonal 2
2025-10-29,XJG4+7J|5PX4+HQ,weekday_afternoon,36.24,6,1,13,6.5,Airport Expy
2025-10-29,VJRQ+2M|RMJJ+F4,weekday_afternoon,26.6,6,2,13,5.42,Hosur Road
2025-10-29,WH5F+26|WJ8X+F5W,weekday_afternoon,23.72,6,3,13,4.33,Double Decker Flyover
2025-10-29,2HM2+P8|XJV5+RG,weekday_afternoon,20.39,6,4,13,3.25,North Inner Ring
2025-10-29,XMW9+G8|WMJR+V4,weekday_afternoon,19.51,6,5,13,2.17,East Outer Ring
2025-10-29,WGG8+G5|XH7P+G6,weekday_afternoon,19.33,6,6,13,1.08,Mysore Road
2025-10-29,WP44+W8|WJFH+XQ,weekday_afternoon,18.8,6,7,13,0.0,Sarjapur Road
2025-10-29,2HVW+G8|XJXR+WG,weekday_afternoon,17.44,6,8,13,-1.08,North Outer Ring
2025-10-29,XHJ7+MG|WJM6+VC,weekday_afternoon,17.23,6,9,13,-2.17,Central Diagonal 1
2025-10-29,XPC7+72|XM33+J3,weekday_afternoon,17.22,6,10,13,-3.25,Old Airport Road
2025-10-29,XG48+2W|VHWC+C3,weekday_afternoon,16.42,6,11,13,-4.33,South Outer Ring
2025-10-29,XJPW+92|WJP4+FF,weekday_afternoon,15.88,6,12,13,-5.42,East Inner Ring
2025-10-29,WHR9+R6|XJGF+6J,weekday_afternoon,14.58,6,13,13,-6.5,Central Diagonal 2
2025-10-30,XJG4+7J|5PX4+HQ,weekday_afternoon,34.93,6,1,13,6.5,Airport Expy
2025-10-30,VJRQ+2M|RMJJ+F4,weekday_afternoon,26.04,6,2,13,5.42,Hosur Road
2025-10-30,WH5F+26|WJ8X+F5W,weekday_afternoon,23.73,6,3,13,4.33,Double Decker Flyover
2025-10-30,XMW9+G8|WMJR+V4,weekday_afternoon,20.14,6,4,13,3.25,East Outer Ring
2025-10-30,2HM2+P8|XJV5+RG,weekday_afternoon,19.27,6,5,13,2.17,North Inner Ring
2025-10-30,WGG8+G5|XH7P+G6,weekday_afternoon,18.8,6,6,13,1.08,Mysore Road
2025-10-30,WP44+W8|WJFH+XQ,weekday_afternoon,18.14,6,7,13,0.0,Sarjapur Road
2025-10-30,XHJ7+MG|WJM6+VC,weekday_afternoon,17.28,6,8,13,-1.08,Central Diagonal 1
2025-10-30,2HVW+G8|XJXR+WG,weekday_afternoon,16.98,6,9,13,-2.17,North Outer Ring
2025-10-30,XG48+2W|VHWC+C3,weekday_afternoon,16.68,6,10,13,-3.25,South Outer Ring
2025-10-30,XPC7+72|XM33+J3,weekday_afternoon,16.46,6,11,13,-4.33,Old Airport Road
2025-10-30,XJPW+92|WJP4+FF,weekday_afternoon,16.05,6,12,13,-5.42,East Inner Ring
2025-10-30,WHR9+R6|XJGF+6J,weekday_afternoon,14.76,6,13,13,-6.5,Central Diagonal 2
2025-10-31,XJG4+7J|5PX4+HQ,weekday_afternoon,35.69,6,1,13,6.5,Airport Expy
2025-10-31,VJRQ+2M|RMJJ+F4,weekday_afternoon,26.5,6,2,13,5.42,Hosur Road
2025-10-31,WH5F+26|WJ8X+F5W,weekday_afternoon,23.68,6,3,13,4.33,Double Decker Flyover
2025-10-31,XMW9+G8|WMJR+V4,weekday_afternoon,22.68,6,4,13,3.25,East Outer Ring
2025-10-31,2HM2+P8|XJV5+RG,weekday_afternoon,19.3,6,5,13,2.17,North Inner Ring
2025-10-31,WGG8+G5|XH7P+G6,weekday_afternoon,18.54,6,6,13,1.08,Mysore Road
2025-10-31,2HVW+G8|XJXR+WG,weekday_afternoon,18.45,6,7,13,0.0,North Outer Ring
2025-10-31,XPC7+72|XM33+J3,weekday_afternoon,18.38,6,8,13,-1.08,Old Airport Road
2025-10-31,XHJ7+MG|WJM6+VC,weekday_afternoon,17.66,6,9,13,-2.17,Central Diagonal 1
2025-10-31,WP44+W8|WJFH+XQ,weekday_afternoon,17.18,6,10,13,-3.25,Sarjapur Road
2025-10-31,XJPW+92|WJP4+FF,weekday_afternoon,17.15,6,11,13,-4.33,East Inner Ring
2025-10-31,XG48+2W|VHWC+C3,weekday_afternoon,16.98,6,12,13,-5.42,South Outer Ring
2025-10-31,WHR9+R6|XJGF+6J,weekday_afternoon,15.29,6,13,13,-6.5,Central Diagonal 2
2025-11-03,XJG4+7J|5PX4+HQ,weekday_afternoon,36.74,6,1,13,6.5,Airport Expy
2025-11-03,VJRQ+2M|RMJJ+F4,weekday_afternoon,27.0,6,2,13,5.42,Hosur Road
2025-11-03,WH5F+26|WJ8X+F5W,weekday_afternoon,25.17,6,3,13,4.33,Double Decker Flyover
2025-11-03,XMW9+G8|WMJR+V4,weekday_afternoon,21.46,6,4,13,3.25,East Outer Ring
2025-11-03,2HM2+P8|XJV5+RG,weekday_afternoon,20.03,6,5,13,2.17,North Inner Ring
2025-11-03,WGG8+G5|XH7P+G6,weekday_afternoon,18.92,6,6,13,1.08,Mysore Road
2025-11-03,XHJ7+MG|WJM6+VC,weekday_afternoon,18.4,6,7,13,0.0,Central Diagonal 1
2025-11-03,2HVW+G8|XJXR+WG,weekday_afternoon,18.05,6,8,13,-1.08,North Outer Ring
2025-11-03,XPC7+72|XM33+J3,weekday_afternoon,17.62,6,9,13,-2.17,Old Airport Road
2025-11-03,WP44+W8|WJFH+XQ,weekday_afternoon,17.6,6,10,13,-3.25,Sarjapur Road
2025-11-03,XJPW+92|WJP4+FF,weekday_afternoon,17.31,6,11,13,-4.33,East Inner Ring
2025-11-03,XG48+2W|VHWC+C3,weekday_afternoon,16.54,6,12,13,-5.42,South Outer Ring
2025-11-03,WHR9+R6|XJGF+6J,weekday_afternoon,16.12,6,13,13,-6.5,Central Diagonal 2
2025-11-04,XJG4+7J|5PX4+HQ,weekday_afternoon,37.72,6,1,13,6.5,Airport Expy
2025-11-04,VJRQ+2M|RMJJ+F4,weekday_afternoon,26.67,6,2,13,5.42,Hosur Road
2025-11-04,WH5F+26|WJ8X+F5W,weekday_afternoon,24.01,6,3,13,4.33,Double Decker Flyover
2025-11-04,WGG8+G5|XH7P+G6,weekday_afternoon,20.75,6,4,13,3.25,Mysore Road
2025-11-04,2HM2+P8|XJV5+RG,weekday_afternoon,20.12,6,5,13,2.17,North Inner Ring
2025-11-04,XMW9+G8|WMJR+V4,weekday_afternoon,19.45,6,6,13,1.08,East Outer Ring
2025-11-04,WP44+W8|WJFH+XQ,weekday_afternoon,17.71,6,7,13,0.0,Sarjapur Road
2025-11-04,XHJ7+MG|WJM6+VC,weekday_afternoon,17.45,6,8,13,-1.08,Central Diagonal 1
2025-11-04,2HVW+G8|XJXR+WG,weekday_afternoon,17.04,6,9,13,-2.17,North Outer Ring
2025-11-04,XPC7+72|XM33+J3,weekday_afternoon,17.01,6,10,13,-3.25,Old Airport Road
2025-11-04,XG48+2W|VHWC+C3,weekday_afternoon,16.85,6,11,13,-4.33,South Outer Ring
2025-11-04,XJPW+92|WJP4+FF,weekday_afternoon,16.75,6,12,13,-5.42,East Inner Ring
2025-11-04,WHR9+R6|XJGF+6J,weekday_afternoon,15.37,6,13,13,-6.5,Central Diagonal 2
2025-11-05,XJG4+7J|5PX4+HQ,weekday_afternoon,35.27,6,1,13,6.5,Airport Expy
2025-11-05,VJRQ+2M|RMJJ+F4,weekday_afternoon,26.22,6,2,13,5.42,Hosur Road
2025-11-05,WH5F+26|WJ8X+F5W,weekday_afternoon,24.22,6,3,13,4.33,Double Decker Flyover
2025-11-05,WGG8+G5|XH7P+G6,weekday_afternoon,19.86,6,4,13,3.25,Mysore Road
2025-11-05,2HM2+P8|XJV5+RG,weekday_afternoon,19.82,6,5,13,2.17,North Inner Ring
2025-11-05,XMW9+G8|WMJR+V4,weekday_afternoon,19.16,6,6,13,1.08,East Outer Ring
2025-11-05,XHJ7+MG|WJM6+VC,weekday_afternoon,17.38,6,7,13,0.0,Central Diagonal 1
2025-11-05,WP44+W8|WJFH+XQ,weekday_afternoon,17.31,6,8,13,-1.08,Sarjapur Road
2025-11-05,2HVW+G8|XJXR+WG,weekday_afternoon,16.82,6,9,13,-2.17,North Outer Ring
2025-11-05,XJPW+92|WJP4+FF,weekday_afternoon,16.79,6,10,13,-3.25,East Inner Ring
2025-11-05,XPC7+72|XM33+J3,weekday_afternoon,16.63,6,11,13,-4.33,Old Airport Road
2025-11-05,XG48+2W|VHWC+C3,weekday_afternoon,16.35,6,12,13,-5.42,South Outer Ring
2025-11-05,WHR9+R6|XJGF+6J,weekday_afternoon,14.9,6,13,13,-6.5,Central Diagonal 2
2025-11-06,XJG4+7J|5PX4+HQ,weekday_afternoon,34.97,6,1,13,6.5,Airport Expy
2025-11-06,VJRQ+2M|RMJJ+F4,weekday_afternoon,26.79,6,2,13,5.42,Hosur Road
2025-11-06,WH5F+26|WJ8X+F5W,weekday_afternoon,23.98,6,3,13,4.33,Double Decker Flyover
2025-11-06,2HM2+P8|XJV5+RG,weekday_afternoon,20.72,6,4,13,3.25,North Inner Ring
2025-11-06,WGG8+G5|XH7P+G6,weekday_afternoon,19.34,6,5,13,2.17,Mysore Road
2025-11-06,XMW9+G8|WMJR+V4,weekday_afternoon,18.07,6,6,13,1.08,East Outer Ring
2025-11-06,WP44+W8|WJFH+XQ,weekday_afternoon,17.56,6,7,13,0.0,Sarjapur Road
2025-11-06,2HVW+G8|XJXR+WG,weekday_afternoon,17.19,6,8,13,-1.08,North Outer Ring
2025-11-06,XG48+2W|VHWC+C3,weekday_afternoon,16.69,6,9,13,-2.17,South Outer Ring
2025-11-06,XHJ7+MG|WJM6+VC,weekday_afternoon,16.37,6,10,13,-3.25,Central Diagonal 1
2025-11-06,XPC7+72|XM33+J3,weekday_afternoon,16.09,6,11,13,-4.33,Old Airport Road
2025-11-06,XJPW+92|WJP4+FF,weekday_afternoon,16.08,6,12,13,-5.42,East Inner Ring
2025-11-06,WHR9+R6|XJGF+6J,weekday_afternoon,14.8,6,13,13,-6.5,Central Diagonal 2
2025-11-07,XJG4+7J|5PX4+HQ,weekday_afternoon,34.7,6,1,13,6.5,Airport Expy
2025-11-07,VJRQ+2M|RMJJ+F4,weekday_afternoon,25.83,6,2,13,5.42,Hosur Road
2025-11-07,WH5F+26|WJ8X+F5W,weekday_afternoon,23.0,6,3,13,4.33,Double Decker Flyover
2025-11-07,XMW9+G8|WMJR+V4,weekday_afternoon,22.48,6,4,13,3.25,East Outer Ring
2025-11-07,2HM2+P8|XJV5+RG,weekday_afternoon,20.12,6,5,13,2.17,North Inner Ring
2025-11-07,WGG8+G5|XH7P+G6,weekday_afternoon,19.54,6,6,13,1.08,Mysore Road
2025-11-07,2HVW+G8|XJXR+WG,weekday_afternoon,19.51,6,7,13,0.0,North Outer Ring
2025-11-07,XHJ7+MG|WJM6+VC,weekday_afternoon,17.99,6,8,13,-1.08,Central Diagonal 1
2025-11-07,XPC7+72|XM33+J3,weekday_afternoon,17.95,6,9,13,-2.17,Old Airport Road
2025-11-07,WP44+W8|WJFH+XQ,weekday_afternoon,16.81,6,10,13,-3.25,Sarjapur Road
2025-11-07,XJPW+92|WJP4+FF,weekday_afternoon,16.48,6,11,13,-4.33,East Inner Ring
2025-11-07,XG48+2W|VHWC+C3,weekday_afternoon,16.31,6,12,13,-5.42,South Outer Ring
2025-11-07,WHR9+R6|XJGF+6J,weekday_afternoon,14.59,6,13,13,-6.5,Central Diagonal 2
2025-11-10,XJG4+7J|5PX4+HQ,weekday_afternoon,36.05,6,1,13,6.5,Airport Expy
2025-11-10,VJRQ+2M|RMJJ+F4,weekday_afternoon,26.66,6,2,13,5.42,Hosur Road
2025-11-10,WH5F+26|WJ8X+F5W,weekday_afternoon,25.0,6,3,13,4.33,Double Decker Flyover
2025-11-10,XMW9+G8|WMJR+V4,weekday_afternoon,22.33,6,4,13,3.25,East Outer Ring
2025-11-10,2HM2+P8|XJV5+RG,weekday_afternoon,20.58,6,5,13,2.17,North Inner Ring
2025-11-10,WGG8+G5|XH7P+G6,weekday_afternoon,20.02,6,6,13,1.08,Mysore Road
2025-11-10,WP44+W8|WJFH+XQ,weekday_afternoon,19.21,6,7,13,0.0,Sarjapur Road
2025-11-10,2HVW+G8|XJXR+WG,weekday_afternoon,19.18,6,8,13,-1.08,North Outer Ring
2025-11-10,XPC7+72|XM33+J3,weekday_afternoon,19.09,6,9,13,-2.17,Old Airport Road
2025-11-10,XHJ7+MG|WJM6+VC,weekday_afternoon,17.93,6,10,13,-3.25,Central Diagonal 1
2025-11-10,XJPW+92|WJP4+FF,weekday_afternoon,17.0,6,11,13,-4.33,East Inner Ring
2025-11-10,XG48+2W|VHWC+C3,weekday_afternoon,16.96,6,12,13,-5.42,South Outer Ring
2025-11-10,WHR9+R6|XJGF+6J,weekday_afternoon,15.6,6,13,13,-6.5,Central Diagonal 2
2025-11-11,XJG4+7J|5PX4+HQ,weekday_afternoon,36.11,6,1,13,6.5,Airport Expy
2025-11-11,VJRQ+2M|RMJJ+F4,weekday_afternoon,26.61,6,2,13,5.42,Hosur Road
2025-11-11,WH5F+26|WJ8X+F5W,weekday_afternoon,24.38,6,3,13,4.33,Double Decker Flyover
2025-11-11,WGG8+G5|XH7P+G6,weekday_afternoon,21.8,6,4,13,3.25,Mysore Road
2025-11-11,2HM2+P8|XJV5+RG,weekday_afternoon,20.85,6,5,13,2.17,North Inner Ring
2025-11-11,XMW9+G8|WMJR+V4,weekday_afternoon,19.29,6,6,13,1.08,East Outer Ring
2025-11-11,XHJ7+MG|WJM6+VC,weekday_afternoon,17.97,6,7,13,0.0,Central Diagonal 1
2025-11-11,WP44+W8|WJFH+XQ,weekday_afternoon,17.78,6,8,13,-1.08,Sarjapur Road
2025-11-11,XG48+2W|VHWC+C3,weekday_afternoon,17.11,6,9,13,-2.17,South Outer Ring
2025-11-11,2HVW+G8|XJXR+WG,weekday_afternoon,16.77,6,10,13,-3.25,North Outer Ring
2025-11-11,XJPW+92|WJP4+FF,weekday_afternoon,16.41,6,11,13,-4.33,East Inner Ring
2025-11-11,WHR9+R6|XJGF+6J,weekday_afternoon,15.9,6,12,13,-5.42,Central Diagonal 2
2025-11-11,XPC7+72|XM33+J3,weekday_afternoon,15.76,6,13,13,-6.5,Old Airport Road
2025-11-12,XJG4+7J|5PX4+HQ,weekday_afternoon,34.33,6,1,13,6.5,Airport Expy
2025-11-12,VJRQ+2M|RMJJ+F4,weekday_afternoon,25.71,6,2,13,5.42,Hosur Road
2025-11-12,WH5F+26|WJ8X+F5W,weekday_afternoon,23.91,6,3,13,4.33,Double Decker Flyover
2025-11-12,WGG8+G5|XH7P+G6,weekday_afternoon,20.04,6,4,13,3.25,Mysore Road
2025-11-12,2HM2+P8|XJV5+RG,weekday_afternoon,20.01,6,5,13,2.17,North Inner Ring
2025-11-12,XHJ7+MG|WJM6+VC,weekday_afternoon,17.45,6,6,13,1.08,Central Diagonal 1
2025-11-12,WP44+W8|WJFH+XQ,weekday_afternoon,17.21,6,7,13,0.0,Sarjapur Road
2025-11-12,2HVW+G8|XJXR+WG,weekday_afternoon,17.2,6,8,13,-1.08,North Outer Ring
2025-11-12,XG48+2W|VHWC+C3,weekday_afternoon,16.9,6,9,13,-2.17,South Outer Ring
2025-11-12,XPC7+72|XM33+J3,weekday_afternoon,16.79,6,10,13,-3.25,Old Airport Road
2025-11-12,XMW9+G8|WMJR+V4,weekday_afternoon,16.47,6,11,13,-4.33,East Outer Ring
2025-11-12,XJPW+92|WJP4+FF,weekday_afternoon,15.98,6,12,13,-5.42,East Inner Ring
2025-11-12,WHR9+R6|XJGF+6J,weekday_afternoon,14.79,6,13,13,-6.5,Central Diagonal 2
2025-11-13,XJG4+7J|5PX4+HQ,weekday_afternoon,33.87,6,1,13,6.5,Airport Expy
2025-11-13,VJRQ+2M|RMJJ+F4,weekday_afternoon,25.61,6,2,13,5.42,Hosur Road
2025-11-13,WH5F+26|WJ8X+F5W,weekday_afternoon,24.66,6,3,13,4.33,Double Decker Flyover
2025-11-13,2HM2+P8|XJV5+RG,weekday_afternoon,20.02,6,4,13,3.25,North Inner Ring
2025-11-13,WGG8+G5|XH7P+G6,weekday_afternoon,18.41,6,5,13,2.17,Mysore Road
2025-11-13,XMW9+G8|WMJR+V4,weekday_afternoon,18.35,6,6,13,1.08,East Outer Ring
2025-11-13,WP44+W8|WJFH+XQ,weekday_afternoon,17.89,6,7,13,0.0,Sarjapur Road
2025-11-13,2HVW+G8|XJXR+WG,weekday_afternoon,17.6,6,8,13,-1.08,North Outer Ring
2025-11-13,XHJ7+MG|WJM6+VC,weekday_afternoon,16.71,6,9,13,-2.17,Central Diagonal 1
2025-11-13,XG48+2W|VHWC+C3,weekday_afternoon,16.61,6,10,13,-3.25,South Outer Ring
2025-11-13,XJPW+92|WJP4+FF,weekday_afternoon,16.33,6,11,13,-4.33,East Inner Ring
2025-11-13,XPC7+72|XM33+J3,weekday_afternoon,16.1,6,12,13,-5.42,Old Airport Road
2025-11-13,WHR9+R6|XJGF+6J,weekday_afternoon,14.79,6,13,13,-6.5,Central Diagonal 2
2025-11-14,XJG4+7J|5PX4+HQ,weekday_afternoon,31.69,6,1,13,6.5,Airport Expy
2025-11-14,VJRQ+2M|RMJJ+F4,weekday_afternoon,26.76,6,2,13,5.42,Hosur Road
2025-11-14,WH5F+26|WJ8X+F5W,weekday_afternoon,24.61,6,3,13,4.33,Double Decker Flyover
2025-11-14,XMW9+G8|WMJR+V4,weekday_afternoon,23.17,6,4,13,3.25,East Outer Ring
2025-11-14,2HM2+P8|XJV5+RG,weekday_afternoon,20.62,6,5,13,2.17,North Inner Ring
2025-11-14,2HVW+G8|XJXR+WG,weekday_afternoon,19.02,6,6,13,1.08,North Outer Ring
2025-11-14,WGG8+G5|XH7P+G6,weekday_afternoon,18.77,6,7,13,0.0,Mysore Road
2025-11-14,XPC7+72|XM33+J3,weekday_afternoon,17.74,6,8,13,-1.08,Old Airport Road
2025-11-14,XHJ7+MG|WJM6+VC,weekday_afternoon,17.73,6,9,13,-2.17,Central Diagonal 1
2025-11-14,WP44+W8|WJFH+XQ,weekday_afternoon,17.59,6,10,13,-3.25,Sarjapur Road
2025-11-14,XJPW+92|WJP4+FF,weekday_afternoon,16.9,6,11,13,-4.33,East Inner Ring
2025-11-14,XG48+2W|VHWC+C3,weekday_afternoon,16.48,6,12,13,-5.42,South Outer Ring
2025-11-14,WHR9+R6|XJGF+6J,weekday_afternoon,15.58,6,13,13,-6.5,Central Diagonal 2
2025-11-17,XJG4+7J|5PX4+HQ,weekday_afternoon,36.25,6,1,13,6.5,Airport Expy
2025-11-17,VJRQ+2M|RMJJ+F4,weekday_afternoon,28.04,6,2,13,5.42,Hosur Road
2025-11-17,WH5F+26|WJ8X+F5W,weekday_afternoon,25.26,6,3,13,4.33,Double Decker Flyover
2025-11-17,2HM2+P8|XJV5+RG,weekday_afternoon,20.69,6,4,13,3.25,North Inner Ring
2025-11-17,XMW9+G8|WMJR+V4,weekday_afternoon,20.5,6,5,13,2.17,East Outer Ring
2025-11-17,WGG8+G5|XH7P+G6,weekday_afternoon,19.74,6,6,13,1.08,Mysore Road
2025-11-17,WP44+W8|WJFH+XQ,weekday_afternoon,18.33,6,7,13,0.0,Sarjapur Road
2025-11-17,XHJ7+MG|WJM6+VC,weekday_afternoon,18.05,6,8,13,-1.08,Central Diagonal 1
2025-11-17,2HVW+G8|XJXR+WG,weekday_afternoon,17.86,6,9,13,-2.17,North Outer Ring
2025-11-17,XPC7+72|XM33+J3,weekday_afternoon,17.6,6,10,13,-3.25,Old Airport Road
2025-11-17,XG48+2W|VHWC+C3,weekday_afternoon,17.18,6,11,13,-4.33,South Outer Ring
2025-11-17,XJPW+92|WJP4+FF,weekday_afternoon,17.11,6,12,13,-5.42,East Inner Ring
2025-11-17,WHR9+R6|XJGF+6J,weekday_afternoon,14.52,6,13,13,-6.5,Central Diagonal 2
2025-11-18,XJG4+7J|5PX4+HQ,weekday_afternoon,35.78,6,1,13,6.5,Airport Expy
2025-11-18,VJRQ+2M|RMJJ+F4,weekday_afternoon,27.23,6,2,13,5.42,Hosur Road
2025-11-18,WH5F+26|WJ8X+F5W,weekday_afternoon,24.39,6,3,13,4.33,Double Decker Flyover
2025-11-18,2HM2+P8|XJV5+RG,weekday_afternoon,20.22,6,4,13,3.25,North Inner Ring
2025-11-18,WGG8+G5|XH7P+G6,weekday_afternoon,20.21,6,5,13,2.17,Mysore Road
2025-11-18,XMW9+G8|WMJR+V4,weekday_afternoon,18.08,6,6,13,1.08,East Outer Ring
2025-11-18,XG48+2W|VHWC+C3,weekday_afternoon,17.97,6,7,13,0.0,South Outer Ring
2025-11-18,WP44+W8|WJFH+XQ,weekday_afternoon,17.82,6,8,13,-1.08,Sarjapur Road
2025-11-18,2HVW+G8|XJXR+WG,weekday_afternoon,17.68,6,9,13,-2.17,North Outer Ring
2025-11-18,XPC7+72|XM33+J3,weekday_afternoon,17.53,6,10,13,-3.25,Old Airport Road
2025-11-18,XHJ7+MG|WJM6+VC,weekday_afternoon,17.2,6,11,13,-4.33,Central Diagonal 1
2025-11-18,XJPW+92|WJP4+FF,weekday_afternoon,16.38,6,12,13,-5.42,East Inner Ring
2025-11-18,WHR9+R6|XJGF+6J,weekday_afternoon,13.34,6,13,13,-6.5,Central Diagonal 2
2025-11-19,XJG4+7J|5PX4+HQ,weekday_afternoon,34.41,6,1,13,6.5,Airport Expy
2025-11-19,VJRQ+2M|RMJJ+F4,weekday_afternoon,27.29,6,2,13,5.42,Hosur Road
2025-11-19,WH5F+26|WJ8X+F5W,weekday_afternoon,23.71,6,3,13,4.33,Double Decker Flyover
2025-11-19,2HM2+P8|XJV5+RG,weekday_afternoon,20.18,6,4,13,3.25,North Inner Ring
2025-11-19,WGG8+G5|XH7P+G6,weekday_afternoon,19.77,6,5,13,2.17,Mysore Road
2025-11-19,XMW9+G8|WMJR+V4,weekday_afternoon,18.51,6,6,13,1.08,East Outer Ring
2025-11-19,XPC7+72|XM33+J3,weekday_afternoon,17.3,6,7,13,0.0,Old Airport Road
2025-11-19,XHJ7+MG|WJM6+VC,weekday_afternoon,17.21,6,8,13,-1.08,Central Diagonal 1
2025-11-19,WP44+W8|WJFH+XQ,weekday_afternoon,17.06,6,9,13,-2.17,Sarjapur Road
2025-11-19,XJPW+92|WJP4+FF,weekday_afternoon,16.35,6,10,13,-3.25,East Inner Ring
2025-11-19,XG48+2W|VHWC+C3,weekday_afternoon,16.28,6,11,13,-4.33,South Outer Ring
2025-11-19,2HVW+G8|XJXR+WG,weekday_afternoon,14.95,6,12,13,-5.42,North Outer Ring
2025-11-19,WHR9+R6|XJGF+6J,weekday_afternoon,13.65,6,13,13,-6.5,Central Diagonal 2
2025-11-20,XJG4+7J|5PX4+HQ,weekday_afternoon,35.37,6,1,13,6.5,Airport Expy
2025-11-20,VJRQ+2M|RMJJ+F4,weekday_afternoon,27.02,6,2,13,5.42,Hosur Road
2025-11-20,WH5F+26|WJ8X+F5W,weekday_afternoon,24.23,6,3,13,4.33,Double Decker Flyover
2025-11-20,XMW9+G8|WMJR+V4,weekday_afternoon,21.13,6,4,13,3.25,East Outer Ring
2025-11-20,WGG8+G5|XH7P+G6,weekday_afternoon,20.07,6,5,13,2.17,Mysore Road
2025-11-20,2HM2+P8|XJV5+RG,weekday_afternoon,20.01,6,6,13,1.08,North Inner Ring
2025-11-20,WP44+W8|WJFH+XQ,weekday_afternoon,18.81,6,7,13,0.0,Sarjapur Road
2025-11-20,XPC7+72|XM33+J3,weekday_afternoon,17.98,6,8,13,-1.08,Old Airport Road
2025-11-20,XHJ7+MG|WJM6+VC,weekday_afternoon,17.78,6,9,13,-2.17,Central Diagonal 1
2025-11-20,XG48+2W|VHWC+C3,weekday_afternoon,17.62,6,10,13,-3.25,South Outer Ring
2025-11-20,2HVW+G8|XJXR+WG,weekday_afternoon,16.76,6,11,13,-4.33,North Outer Ring
2025-11-20,XJPW+92|WJP4+FF,weekday_afternoon,16.71,6,12,13,-5.42,East Inner Ring
2025-11-20,WHR9+R6|XJGF+6J,weekday_afternoon,13.39,6,13,13,-6.5,Central Diagonal 2
2025-11-21,XJG4+7J|5PX4+HQ,weekday_afternoon,32.38,6,1,13,6.5,Airport Expy
2025-11-21,VJRQ+2M|RMJJ+F4,weekday_afternoon,25.86,6,2,13,5.42,Hosur Road
2025-11-21,XMW9+G8|WMJR+V4,weekday_afternoon,25.45,6,3,13,4.33,East Outer Ring
2025-11-21,WH5F+26|WJ8X+F5W,weekday_afternoon,24.6,6,4,13,3.25,Double Decker Flyover
2025-11-21,WGG8+G5|XH7P+G6,weekday_afternoon,19.67,6,5,13,2.17,Mysore Road
2025-11-21,WP44+W8|WJFH+XQ,weekday_afternoon,19.6,6,6,13,1.08,Sarjapur Road
2025-11-21,2HM2+P8|XJV5+RG,weekday_afternoon,19.36,6,7,13,0.0,North Inner Ring
2025-11-21,XPC7+72|XM33+J3,weekday_afternoon,18.18,6,8,13,-1.08,Old Airport Road
2025-11-21,XHJ7+MG|WJM6+VC,weekday_afternoon,17.46,6,9,13,-2.17,Central Diagonal 1
2025-11-21,XJPW+92|WJP4+FF,weekday_afternoon,17.29,6,10,13,-3.25,East Inner Ring
2025-11-21,2HVW+G8|XJXR+WG,weekday_afternoon,16.92,6,11,13,-4.33,North Outer Ring
2025-11-21,XG48+2W|VHWC+C3,weekday_afternoon,16.67,6,12,13,-5.42,South Outer Ring
2025-11-21,WHR9+R6|XJGF+6J,weekday_afternoon,13.73,6,13,13,-6.5,Central Diagonal 2
2025-11-24,XJG4+7J|5PX4+HQ,weekday_afternoon,36.83,6,1,13,6.5,Airport Expy
2025-11-24,VJRQ+2M|RMJJ+F4,weekday_afternoon,27.78,6,2,13,5.42,Hosur Road
2025-11-24,WH5F+26|WJ8X+F5W,weekday_afternoon,24.23,6,3,13,4.33,Double Decker Flyover
2025-11-24,XMW9+G8|WMJR+V4,weekday_afternoon,22.56,6,4,13,3.25,East Outer Ring
2025-11-24,2HM2+P8|XJV5+RG,weekday_afternoon,19.71,6,5,13,2.17,North Inner Ring
2025-11-24,WGG8+G5|XH7P+G6,weekday_afternoon,19.45,6,6,13,1.08,Mysore Road
2025-11-24,WP44+W8|WJFH+XQ,weekday_afternoon,18.5,6,7,13,0.0,Sarjapur Road
2025-11-24,2HVW+G8|XJXR+WG,weekday_afternoon,18.35,6,8,13,-1.08,North Outer Ring
2025-11-24,XPC7+72|XM33+J3,weekday_afternoon,17.81,6,9,13,-2.17,Old Airport Road
2025-11-24,XJPW+92|WJP4+FF,weekday_afternoon,17.5,6,10,13,-3.25,East Inner Ring
2025-11-24,XG48+2W|VHWC+C3,weekday_afternoon,17.43,6,11,13,-4.33,South Outer Ring
2025-11-24,XHJ7+MG|WJM6+VC,weekday_afternoon,17.36,6,12,13,-5.42,Central Diagonal 1
2025-11-24,WHR9+R6|XJGF+6J,weekday_afternoon,16.47,6,13,13,-6.5,Central Diagonal 2
2025-11-25,XJG4+7J|5PX4+HQ,weekday_afternoon,36.43,6,1,13,6.5,Airport Expy
2025-11-25,VJRQ+2M|RMJJ+F4,weekday_afternoon,28.18,6,2,13,5.42,Hosur Road
2025-11-25,WH5F+26|WJ8X+F5W,weekday_afternoon,24.65,6,3,13,4.33,Double Decker Flyover
2025-11-25,XMW9+G8|WMJR+V4,weekday_afternoon,21.01,6,4,13,3.25,East Outer Ring
2025-11-25,2HM2+P8|XJV5+RG,weekday_afternoon,20.38,6,5,13,2.17,North Inner Ring
2025-11-25,WGG8+G5|XH7P+G6,weekday_afternoon,19.51,6,6,13,1.08,Mysore Road
2025-11-25,WP44+W8|WJFH+XQ,weekday_afternoon,19.05,6,7,13,0.0,Sarjapur Road
2025-11-25,XPC7+72|XM33+J3,weekday_afternoon,17.46,6,8,13,-1.08,Old Airport Road
2025-11-25,XJPW+92|WJP4+FF,weekday_afternoon,17.17,6,9,13,-2.17,East Inner Ring
2025-11-25,XHJ7+MG|WJM6+VC,weekday_afternoon,17.14,6,10,13,-3.25,Central Diagonal 1
2025-11-25,XG48+2W|VHWC+C3,weekday_afternoon,16.94,6,11,13,-4.33,South Outer Ring
2025-11-25,2HVW+G8|XJXR+WG,weekday_afternoon,16.75,6,12,13,-5.42,North Outer Ring
2025-11-25,WHR9+R6|XJGF+6J,weekday_afternoon,15.35,6,13,13,-6.5,Central Diagonal 2
2025-11-26,XJG4+7J|5PX4+HQ,weekday_afternoon,33.93,6,1,13,6.5,Airport Expy
2025-11-26,VJRQ+2M|RMJJ+F4,weekday_afternoon,26.61,6,2,13,5.42,Hosur Road
2025-11-26,WH5F+26|WJ8X+F5W,weekday_afternoon,23.95,6,3,13,4.33,Double Decker Flyover
2025-11-26,XMW9+G8|WMJR+V4,weekday_afternoon,20.17,6,4,13,3.25,East Outer Ring
2025-11-26,2HM2+P8|XJV5+RG,weekday_afternoon,19.54,6,5,13,2.17,North Inner Ring
2025-11-26,WGG8+G5|XH7P+G6,weekday_afternoon,18.92,6,6,13,1.08,Mysore Road
2025-11-26,WP44+W8|WJFH+XQ,weekday_afternoon,18.38,6,7,13,0.0,Sarjapur Road
2025-11-26,XPC7+72|XM33+J3,weekday_afternoon,17.5,6,8,13,-1.08,Old Airport Road
2025-11-26,XHJ7+MG|WJM6+VC,weekday_afternoon,16.53,6,9,13,-2.17,Central Diagonal 1
2025-11-26,2HVW+G8|XJXR+WG,weekday_afternoon,16.49,6,10,13,-3.25,North Outer Ring
2025-11-26,XJPW+92|WJP4+FF,weekday_afternoon,16.46,6,11,13,-4.33,East Inner Ring
2025-11-26,XG48+2W|VHWC+C3,weekday_afternoon,16.41,6,12,13,-5.42,South Outer Ring
2025-11-26,WHR9+R6|XJGF+6J,weekday_afternoon,14.42,6,13,13,-6.5,Central Diagonal 2
2025-11-27,XJG4+7J|5PX4+HQ,weekday_afternoon,34.4,6,1,13,6.5,Airport Expy
2025-11-27,VJRQ+2M|RMJJ+F4,weekday_afternoon,26.32,6,2,13,5.42,Hosur Road
2025-11-27,WH5F+26|WJ8X+F5W,weekday_afternoon,24.17,6,3,13,4.33,Double Decker Flyover
2025-11-27,XMW9+G8|WMJR+V4,weekday_afternoon,22.48,6,4,13,3.25,East Outer Ring
2025-11-27,2HM2+P8|XJV5+RG,weekday_afternoon,19.49,6,5,13,2.17,North Inner Ring
2025-11-27,WGG8+G5|XH7P+G6,weekday_afternoon,19.05,6,6,13,1.08,Mysore Road
2025-11-27,XPC7+72|XM33+J3,weekday_afternoon,17.44,6,7,13,0.0,Old Airport Road
2025-11-27,2HVW+G8|XJXR+WG,weekday_afternoon,16.91,6,8,13,-1.08,North Outer Ring
2025-11-27,XJPW+92|WJP4+FF,weekday_afternoon,16.77,6,9,13,-2.17,East Inner Ring
2025-11-27,XG48+2W|VHWC+C3,weekday_afternoon,16.73,6,10,13,-3.25,South Outer Ring
2025-11-27,WP44+W8|WJFH+XQ,weekday_afternoon,16.57,6,11,13,-4.33,Sarjapur Road
2025-11-27,XHJ7+MG|WJM6+VC,weekday_afternoon,16.04,6,12,13,-5.42,Central Diagonal 1
2025-11-27,WHR9+R6|XJGF+6J,weekday_afternoon,15.46,6,13,13,-6.5,Central Diagonal 2
2025-11-28,XJG4+7J|5PX4+HQ,weekday_afternoon,32.93,6,1,13,6.5,Airport Expy
2025-11-28,VJRQ+2M|RMJJ+F4,weekday_afternoon,26.9,6,2,13,5.42,Hosur Road
2025-11-28,WH5F+26|WJ8X+F5W,weekday_afternoon,24.0,6,3,13,4.33,Double Decker Flyover
2025-11-28,XMW9+G8|WMJR+V4,weekday_afternoon,23.88,6,4,13,3.25,East Outer Ring
2025-11-28,WP44+W8|WJFH+XQ,weekday_afternoon,19.51,6,5,13,2.17,Sarjapur Road
2025-11-28,2HM2+P8|XJV5+RG,weekday_afternoon,18.94,6,6,13,1.08,North Inner Ring
2025-11-28,2HVW+G8|XJXR+WG,weekday_afternoon,18.65,6,7,13,0.0,North Outer Ring
2025-11-28,WGG8+G5|XH7P+G6,weekday_afternoon,18.58,6,8,13,-1.08,Mysore Road
2025-11-28,XPC7+72|XM33+J3,weekday_afternoon,18.44,6,9,13,-2.17,Old Airport Road
2025-11-28,XJPW+92|WJP4+FF,weekday_afternoon,17.21,6,10,13,-3.25,East Inner Ring
2025-11-28,XG48+2W|VHWC+C3,weekday_afternoon,16.95,6,11,13,-4.33,South Outer Ring
2025-11-28,XHJ7+MG|WJM6+VC,weekday_afternoon,16.19,6,12,13,-5.42,Central Diagonal 1
2025-11-28,WHR9+R6|XJGF+6J,weekday_afternoon,15.19,6,13,13,-6.5,Central Diagonal 2
2025-12-01,XJG4+7J|5PX4+HQ,weekday_afternoon,36.26,6,1,13,6.5,Airport Expy
2025-12-01,VJRQ+2M|RMJJ+F4,weekday_afternoon,27.58,6,2,13,5.42,Hosur Road
2025-12-01,WH5F+26|WJ8X+F5W,weekday_afternoon,24.08,6,3,13,4.33,Double Decker Flyover
2025-12-01,XMW9+G8|WMJR+V4,weekday_afternoon,21.42,6,4,13,3.25,East Outer Ring
2025-12-01,2HM2+P8|XJV5+RG,weekday_afternoon,20.11,6,5,13,2.17,North Inner Ring
2025-12-01,WP44+W8|WJFH+XQ,weekday_afternoon,18.45,6,6,13,1.08,Sarjapur Road
2025-12-01,XPC7+72|XM33+J3,weekday_afternoon,18.34,6,7,13,0.0,Old Airport Road
2025-12-01,XHJ7+MG|WJM6+VC,weekday_afternoon,18.3,6,8,13,-1.08,Central Diagonal 1
2025-12-01,WGG8+G5|XH7P+G6,weekday_afternoon,18.19,6,9,13,-2.17,Mysore Road
2025-12-01,2HVW+G8|XJXR+WG,weekday_afternoon,18.05,6,10,13,-3.25,North Outer Ring
2025-12-01,XJPW+92|WJP4+FF,weekday_afternoon,16.95,6,11,13,-4.33,East Inner Ring
2025-12-01,XG48+2W|VHWC+C3,weekday_afternoon,16.61,6,12,13,-5.42,South Outer Ring
2025-12-01,WHR9+R6|XJGF+6J,weekday_afternoon,16.53,6,13,13,-6.5,Central Diagonal 2
2025-12-02,XJG4+7J|5PX4+HQ,weekday_afternoon,36.81,6,1,13,6.5,Airport Expy
2025-12-02,VJRQ+2M|RMJJ+F4,weekday_afternoon,28.48,6,2,13,5.42,Hosur Road
2025-12-02,WH5F+26|WJ8X+F5W,weekday_afternoon,24.62,6,3,13,4.33,Double Decker Flyover
2025-12-02,XMW9+G8|WMJR+V4,weekday_afternoon,20.99,6,4,13,3.25,East Outer Ring
2025-12-02,2HM2+P8|XJV5+RG,weekday_afternoon,20.17,6,5,13,2.17,North Inner Ring
2025-12-02,WGG8+G5|XH7P+G6,weekday_afternoon,19.41,6,6,13,1.08,Mysore Road
2025-12-02,WP44+W8|WJFH+XQ,weekday_afternoon,19.03,6,7,13,0.0,Sarjapur Road
2025-12-02,XPC7+72|XM33+J3,weekday_afternoon,18.07,6,8,13,-1.08,Old Airport Road
2025-12-02,2HVW+G8|XJXR+WG,weekday_afternoon,17.21,6,9,13,-2.17,North Outer Ring
2025-12-02,XG48+2W|VHWC+C3,weekday_afternoon,16.98,6,10,13,-3.25,South Outer Ring
2025-12-02,XHJ7+MG|WJM6+VC,weekday_afternoon,16.97,6,11,13,-4.33,Central Diagonal 1
2025-12-02,XJPW+92|WJP4+FF,weekday_afternoon,15.88,6,12,13,-5.42,East Inner Ring
2025-12-02,WHR9+R6|XJGF+6J,weekday_afternoon,15.58,6,13,13,-6.5,Central Diagonal 2
2025-12-03,XJG4+7J|5PX4+HQ,weekday_afternoon,33.51,6,1,13,6.5,Airport Expy
2025-12-03,VJRQ+2M|RMJJ+F4,weekday_afternoon,28.18,6,2,13,5.42,Hosur Road
2025-12-03,WH5F+26|WJ8X+F5W,weekday_afternoon,24.42,6,3,13,4.33,Double Decker Flyover
2025-12-03,WGG8+G5|XH7P+G6,weekday_afternoon,20.03,6,4,13,3.25,Mysore Road
2025-12-03,2HM2+P8|XJV5+RG,weekday_afternoon,19.46,6,5,13,2.17,North Inner Ring
2025-12-03,XMW9+G8|WMJR+V4,weekday_afternoon,18.68,6,6,13,1.08,East Outer Ring
2025-12-03,WP44+W8|WJFH+XQ,weekday_afternoon,17.69,6,7,13,0.0,Sarjapur Road
2025-12-03,XJPW+92|WJP4+FF,weekday_afternoon,17.03,6,8,13,-1.08,East Inner Ring
2025-12-03,XPC7+72|XM33+J3,weekday_afternoon,16.94,6,9,13,-2.17,Old Airport Road
2025-12-03,XHJ7+MG|WJM6+VC,weekday_afternoon,16.66,6,10,13,-3.25,Central Diagonal 1
2025-12-03,XG48+2W|VHWC+C3,weekday_afternoon,16.64,6,11,13,-4.33,South Outer Ring
2025-12-03,2HVW+G8|XJXR+WG,weekday_afternoon,16.14,6,12,13,-5.42,North Outer Ring
2025-12-03,WHR9+R6|XJGF+6J,weekday_afternoon,15.88,6,13,13,-6.5,Central Diagonal 2
2025-12-04,XJG4+7J|5PX4+HQ,weekday_afternoon,33.72,6,1,13,6.5,Airport Expy
2025-12-04,VJRQ+2M|RMJJ+F4,weekday_afternoon,27.58,6,2,13,5.42,Hosur Road
2025-12-04,WH5F+26|WJ8X+F5W,weekday_afternoon,24.38,6,3,13,4.33,Double Decker Flyover
2025-12-04,XMW9+G8|WMJR+V4,weekday_afternoon,20.72,6,4,13,3.25,East Outer Ring
2025-12-04,2HM2+P8|XJV5+RG,weekday_afternoon,20.05,6,5,13,2.17,North Inner Ring
2025-12-04,WGG8+G5|XH7P+G6,weekday_afternoon,19.75,6,6,13,1.08,Mysore Road
2025-12-04,WP44+W8|WJFH+XQ,weekday_afternoon,18.27,6,7,13,0.0,Sarjapur Road
2025-12-04,XPC7+72|XM33+J3,weekday_afternoon,18.04,6,8,13,-1.08,Old Airport Road
2025-12-04,XG48+2W|VHWC+C3,weekday_afternoon,17.2,6,9,13,-2.17,South Outer Ring
2025-12-04,2HVW+G8|XJXR+WG,weekday_afternoon,16.72,6,10,13,-3.25,North Outer Ring
2025-12-04,XJPW+92|WJP4+FF,weekday_afternoon,16.63,6,11,13,-4.33,East Inner Ring
2025-12-04,XHJ7+MG|WJM6+VC,weekday_afternoon,16.47,6,12,13,-5.42,Central Diagonal 1
2025-12-04,WHR9+R6|XJGF+6J,weekday_afternoon,15.86,6,13,13,-6.5,Central Diagonal 2
2025-12-05,XJG4+7J|5PX4+HQ,weekday_afternoon,35.44,6,1,13,6.5,Airport Expy
2025-12-05,VJRQ+2M|RMJJ+F4,weekday_afternoon,27.12,6,2,13,5.42,Hosur Road
2025-12-05,WH5F+26|WJ8X+F5W,weekday_afternoon,24.51,6,3,13,4.33,Double Decker Flyover
2025-12-05,XMW9+G8|WMJR+V4,weekday_afternoon,24.35,6,4,13,3.25,East Outer Ring
2025-12-05,2HM2+P8|XJV5+RG,weekday_afternoon,19.69,6,5,13,2.17,North Inner Ring
2025-12-05,WGG8+G5|XH7P+G6,weekday_afternoon,18.74,6,6,13,1.08,Mysore Road
2025-12-05,XPC7+72|XM33+J3,weekday_afternoon,18.11,6,7,13,0.0,Old Airport Road
2025-12-05,2HVW+G8|XJXR+WG,weekday_afternoon,18.05,6,8,13,-1.08,North Outer Ring
2025-12-05,WP44+W8|WJFH+XQ,weekday_afternoon,17.04,6,9,13,-2.17,Sarjapur Road
2025-12-05,XG48+2W|VHWC+C3,weekday_afternoon,16.59,6,10,13,-3.25,South Outer Ring
2025-12-05,XHJ7+MG|WJM6+VC,weekday_afternoon,16.47,6,11,13,-4.33,Central Diagonal 1
2025-12-05,XJPW+92|WJP4+FF,weekday_afternoon,16.08,6,12,13,-5.42,East Inner Ring
2025-12-05,WHR9+R6|XJGF+6J,weekday_afternoon,15.01,6,13,13,-6.5,Central Diagonal 2
2025-12-08,XJG4+7J|5PX4+HQ,weekday_afternoon,37.18,6,1,13,6.5,Airport Expy
2025-12-08,VJRQ+2M|RMJJ+F4,weekday_afternoon,26.85,6,2,13,5.42,Hosur Road
2025-12-08,WH5F+26|WJ8X+F5W,weekday_afternoon,24.29,6,3,13,4.33,Double Decker Flyover
2025-12-08,XMW9+G8|WMJR+V4,weekday_afternoon,20.15,6,4,13,3.25,East Outer Ring
2025-12-08,2HM2+P8|XJV5+RG,weekday_afternoon,19.54,6,5,13,2.17,North Inner Ring
2025-12-08,WGG8+G5|XH7P+G6,weekday_afternoon,19.04,6,6,13,1.08,Mysore Road
2025-12-08,WP44+W8|WJFH+XQ,weekday_afternoon,18.24,6,7,13,0.0,Sarjapur Road
2025-12-08,XHJ7+MG|WJM6+VC,weekday_afternoon,17.67,6,8,13,-1.08,Central Diagonal 1
2025-12-08,XPC7+72|XM33+J3,weekday_afternoon,17.38,6,9,13,-2.17,Old Airport Road
2025-12-08,XJPW+92|WJP4+FF,weekday_afternoon,16.72,6,10,13,-3.25,East Inner Ring
2025-12-08,2HVW+G8|XJXR+WG,weekday_afternoon,16.69,6,11,13,-4.33,North Outer Ring
2025-12-08,XG48+2W|VHWC+C3,weekday_afternoon,16.68,6,12,13,-5.42,South Outer Ring
2025-12-08,WHR9+R6|XJGF+6J,weekday_afternoon,16.39,6,13,13,-6.5,Central Diagonal 2
2025-12-09,XJG4+7J|5PX4+HQ,weekday_afternoon,35.49,6,1,13,6.5,Airport Expy
2025-12-09,VJRQ+2M|RMJJ+F4,weekday_afternoon,27.13,6,2,13,5.42,Hosur Road
2025-12-09,WH5F+26|WJ8X+F5W,weekday_afternoon,24.1,6,3,13,4.33,Double Decker Flyover
2025-12-09,2HM2+P8|XJV5+RG,weekday_afternoon,20.33,6,4,13,3.25,North Inner Ring
2025-12-09,WGG8+G5|XH7P+G6,weekday_afternoon,20.26,6,5,13,2.17,Mysore Road
2025-12-09,WP44+W8|WJFH+XQ,weekday_afternoon,18.66,6,6,13,1.08,Sarjapur Road
2025-12-09,XHJ7+MG|WJM6+VC,weekday_afternoon,18.17,6,7,13,0.0,Central Diagonal 1
2025-12-09,XPC7+72|XM33+J3,weekday_afternoon,17.06,6,8,13,-1.08,Old Airport Road
2025-12-09,XG48+2W|VHWC+C3,weekday_afternoon,17.04,6,9,13,-2.17,South Outer Ring
2025-12-09,XMW9+G8|WMJR+V4,weekday_afternoon,16.93,6,10,13,-3.25,East Outer Ring
2025-12-09,WHR9+R6|XJGF+6J,weekday_afternoon,16.67,6,11,13,-4.33,Central Diagonal 2
2025-12-09,2HVW+G8|XJXR+WG,weekday_afternoon,16.57,6,12,13,-5.42,North Outer Ring
2025-12-09,XJPW+92|WJP4+FF,weekday_afternoon,16.05,6,13,13,-6.5,East Inner Ring
2025-12-10,XJG4+7J|5PX4+HQ,weekday_afternoon,34.5,6,1,13,6.5,Airport Expy
2025-12-10,VJRQ+2M|RMJJ+F4,weekday_afternoon,26.77,6,2,13,5.42,Hosur Road
2025-12-10,WH5F+26|WJ8X+F5W,weekday_afternoon,23.95,6,3,13,4.33,Double Decker Flyover
2025-12-10,2HM2+P8|XJV5+RG,weekday_afternoon,19.83,6,4,13,3.25,North Inner Ring
2025-12-10,WGG8+G5|XH7P+G6,weekday_afternoon,18.97,6,5,13,2.17,Mysore Road
2025-12-10,XMW9+G8|WMJR+V4,weekday_afternoon,18.24,6,6,13,1.08,East Outer Ring
2025-12-10,XHJ7+MG|WJM6+VC,weekday_afternoon,17.52,6,7,13,0.0,Central Diagonal 1
2025-12-10,WP44+W8|WJFH+XQ,weekday_afternoon,17.45,6,8,13,-1.08,Sarjapur Road
2025-12-10,XG48+2W|VHWC+C3,weekday_afternoon,16.64,6,9,13,-2.17,South Outer Ring
2025-12-10,XPC7+72|XM33+J3,weekday_afternoon,16.63,6,10,13,-3.25,Old Airport Road
2025-12-10,WHR9+R6|XJGF+6J,weekday_afternoon,16.18,6,11,13,-4.33,Central Diagonal 2
2025-12-10,XJPW+92|WJP4+FF,weekday_afternoon,15.6,6,12,13,-5.42,East Inner Ring
2025-12-10,2HVW+G8|XJXR+WG,weekday_afternoon,15.15,6,13,13,-6.5,North Outer Ring
2025-12-11,XJG4+7J|5PX4+HQ,weekday_afternoon,32.98,6,1,13,6.5,Airport Expy
2025-12-11,VJRQ+2M|RMJJ+F4,weekday_afternoon,26.02,6,2,13,5.42,Hosur Road
2025-12-11,WH5F+26|WJ8X+F5W,weekday_afternoon,24.29,6,3,13,4.33,Double Decker Flyover
2025-12-11,WGG8+G5|XH7P+G6,weekday_afternoon,19.34,6,4,13,3.25,Mysore Road
2025-12-11,2HM2+P8|XJV5+RG,weekday_afternoon,19.2,6,5,13,2.17,North Inner Ring
2025-12-11,XMW9+G8|WMJR+V4,weekday_afternoon,18.15,6,6,13,1.08,East Outer Ring
2025-12-11,WP44+W8|WJFH+XQ,weekday_afternoon,16.99,6,7,13,0.0,Sarjapur Road
2025-12-11,XHJ7+MG|WJM6+VC,weekday_afternoon,16.79,6,8,13,-1.08,Central Diagonal 1
2025-12-11,2HVW+G8|XJXR+WG,weekday_afternoon,16.45,6,9,13,-2.17,North Outer Ring
2025-12-11,XPC7+72|XM33+J3,weekday_afternoon,16.39,6,10,13,-3.25,Old Airport Road
2025-12-11,XG48+2W|VHWC+C3,weekday_afternoon,16.3,6,11,13,-4.33,South Outer Ring
2025-12-11,XJPW+92|WJP4+FF,weekday_afternoon,16.02,6,12,13,-5.42,East Inner Ring
2025-12-11,WHR9+R6|XJGF+6J,weekday_afternoon,15.59,6,13,13,-6.5,Central Diagonal 2
2025-12-12,XJG4+7J|5PX4+HQ,weekday_afternoon,32.45,6,1,13,6.5,Airport Expy
2025-12-12,VJRQ+2M|RMJJ+F4,weekday_afternoon,24.55,6,2,13,5.42,Hosur Road
2025-12-12,WH5F+26|WJ8X+F5W,weekday_afternoon,24.44,6,3,13,4.33,Double Decker Flyover
2025-12-12,XMW9+G8|WMJR+V4,weekday_afternoon,20.56,6,4,13,3.25,East Outer Ring
2025-12-12,2HM2+P8|XJV5+RG,weekday_afternoon,19.38,6,5,13,2.17,North Inner Ring
2025-12-12,WGG8+G5|XH7P+G6,weekday_afternoon,18.03,6,6,13,1.08,Mysore Road
2025-12-12,2HVW+G8|XJXR+WG,weekday_afternoon,17.96,6,7,13,0.0,North Outer Ring
2025-12-12,XPC7+72|XM33+J3,weekday_afternoon,17.23,6,8,13,-1.08,Old Airport Road
2025-12-12,XHJ7+MG|WJM6+VC,weekday_afternoon,16.97,6,9,13,-2.17,Central Diagonal 1
2025-12-12,WP44+W8|WJFH+XQ,weekday_afternoon,16.65,6,10,13,-3.25,Sarjapur Road
2025-12-12,XG48+2W|VHWC+C3,weekday_afternoon,15.99,6,11,13,-4.33,South Outer Ring
2025-12-12,XJPW+92|WJP4+FF,weekday_afternoon,15.7,6,12,13,-5.42,East Inner Ring
2025-12-12,WHR9+R6|XJGF+6J,weekday_afternoon,15.26,6,13,13,-6.5,Central Diagonal 2
2025-12-15,XJG4+7J|5PX4+HQ,weekday_afternoon,34.86,6,1,13,6.5,Airport Expy
2025-12-15,VJRQ+2M|RMJJ+F4,weekday_afternoon,26.12,6,2,13,5.42,Hosur Road
2025-12-15,WH5F+26|WJ8X+F5W,weekday_afternoon,23.87,6,3,13,4.33,Double Decker Flyover
2025-12-15,XMW9+G8|WMJR+V4,weekday_afternoon,21.39,6,4,13,3.25,East Outer Ring
2025-12-15,2HM2+P8|XJV5+RG,weekday_afternoon,19.46,6,5,13,2.17,North Inner Ring
2025-12-15,WGG8+G5|XH7P+G6,weekday_afternoon,19.38,6,6,13,1.08,Mysore Road
2025-12-15,WP44+W8|WJFH+XQ,weekday_afternoon,18.13,6,7,13,0.0,Sarjapur Road
2025-12-15,XPC7+72|XM33+J3,weekday_afternoon,17.74,6,8,13,-1.08,Old Airport Road
2025-12-15,XHJ7+MG|WJM6+VC,weekday_afternoon,17.58,6,9,13,-2.17,Central Diagonal 1
2025-12-15,XJPW+92|WJP4+FF,weekday_afternoon,17.25,6,10,13,-3.25,East Inner Ring
2025-12-15,XG48+2W|VHWC+C3,weekday_afternoon,16.63,6,11,13,-4.33,South Outer Ring
2025-12-15,2HVW+G8|XJXR+WG,weekday_afternoon,16.27,6,12,13,-5.42,North Outer Ring
2025-12-15,WHR9+R6|XJGF+6J,weekday_afternoon,15.84,6,13,13,-6.5,Central Diagonal 2
2025-12-16,XJG4+7J|5PX4+HQ,weekday_afternoon,35.32,6,1,13,6.5,Airport Expy
2025-12-16,VJRQ+2M|RMJJ+F4,weekday_afternoon,26.04,6,2,13,5.42,Hosur Road
2025-12-16,WH5F+26|WJ8X+F5W,weekday_afternoon,23.84,6,3,13,4.33,Double Decker Flyover
2025-12-16,XMW9+G8|WMJR+V4,weekday_afternoon,21.01,6,4,13,3.25,East Outer Ring
2025-12-16,2HM2+P8|XJV5+RG,weekday_afternoon,20.1,6,5,13,2.17,North Inner Ring
2025-12-16,XPC7+72|XM33+J3,weekday_afternoon,18.28,6,6,13,1.08,Old Airport Road
2025-12-16,WGG8+G5|XH7P+G6,weekday_afternoon,17.59,6,7,13,0.0,Mysore Road
2025-12-16,XHJ7+MG|WJM6+VC,weekday_afternoon,17.13,6,8,13,-1.08,Central Diagonal 1
2025-12-16,WP44+W8|WJFH+XQ,weekday_afternoon,17.12,6,9,13,-2.17,Sarjapur Road
2025-12-16,XJPW+92|WJP4+FF,weekday_afternoon,16.86,6,10,13,-3.25,East Inner Ring
2025-12-16,XG48+2W|VHWC+C3,weekday_afternoon,16.84,6,11,13,-4.33,South Outer Ring
2025-12-16,2HVW+G8|XJXR+WG,weekday_afternoon,16.75,6,12,13,-5.42,North Outer Ring
2025-12-16,WHR9+R6|XJGF+6J,weekday_afternoon,15.7,6,13,13,-6.5,Central Diagonal 2
2025-12-17,XJG4+7J|5PX4+HQ,weekday_afternoon,32.51,5,1,13,6.5,Airport Expy
2025-12-17,VJRQ+2M|RMJJ+F4,weekday_afternoon,26.34,5,2,13,5.42,Hosur Road
2025-12-17,WH5F+26|WJ8X+F5W,weekday_afternoon,23.62,5,3,13,4.33,Double Decker Flyover
2025-12-17,2HM2+P8|XJV5+RG,weekday_afternoon,20.03,5,4,13,3.25,North Inner Ring
2025-12-17,WGG8+G5|XH7P+G6,weekday_afternoon,19.13,5,5,13,2.17,Mysore Road
2025-12-17,XMW9+G8|WMJR+V4,weekday_afternoon,17.81,5,6,13,1.08,East Outer Ring
2025-12-17,WP44+W8|WJFH+XQ,weekday_afternoon,17.31,5,7,13,0.0,Sarjapur Road
2025-12-17,XHJ7+MG|WJM6+VC,weekday_afternoon,17.13,5,8,13,-1.08,Central Diagonal 1
2025-12-17,XG48+2W|VHWC+C3,weekday_afternoon,16.77,5,9,13,-2.17,South Outer Ring
2025-12-17,2HVW+G8|XJXR+WG,weekday_afternoon,16.39,5,10,13,-3.25,North Outer Ring
2025-12-17,XPC7+72|XM33+J3,weekday_afternoon,16.23,5,11,13,-4.33,Old Airport Road
2025-12-17,XJPW+92|WJP4+FF,weekday_afternoon,15.49,5,12,13,-5.42,East Inner Ring
2025-12-17,WHR9+R6|XJGF+6J,weekday_afternoon,14.52,5,13,13,-6.5,Central Diagonal 2
2025-12-18,XJG4+7J|5PX4+HQ,weekday_afternoon,32.74,6,1,13,6.5,Airport Expy
2025-12-18,VJRQ+2M|RMJJ+F4,weekday_afternoon,25.96,6,2,13,5.42,Hosur Road
2025-12-18,WH5F+26|WJ8X+F5W,weekday_afternoon,22.57,6,3,13,4.33,Double Decker Flyover
2025-12-18,WGG8+G5|XH7P+G6,weekday_afternoon,19.24,6,4,13,3.25,Mysore Road
2025-12-18,2HM2+P8|XJV5+RG,weekday_afternoon,18.6,6,5,13,2.17,North Inner Ring
2025-12-18,XMW9+G8|WMJR+V4,weekday_afternoon,18.59,6,6,13,1.08,East Outer Ring
2025-12-18,WP44+W8|WJFH+XQ,weekday_afternoon,17.51,6,7,13,0.0,Sarjapur Road
2025-12-18,XG48+2W|VHWC+C3,weekday_afternoon,16.43,6,8,13,-1.08,South Outer Ring
2025-12-18,XPC7+72|XM33+J3,weekday_afternoon,16.35,6,9,13,-2.17,Old Airport Road
2025-12-18,XHJ7+MG|WJM6+VC,weekday_afternoon,16.31,6,10,13,-3.25,Central Diagonal 1
2025-12-18,XJPW+92|WJP4+FF,weekday_afternoon,16.17,6,11,13,-4.33,East Inner Ring
2025-12-18,WHR9+R6|XJGF+6J,weekday_afternoon,14.86,6,12,13,-5.42,Central Diagonal 2
2025-12-18,2HVW+G8|XJXR+WG,weekday_afternoon,14.05,6,13,13,-6.5,North Outer Ring
2025-12-19,XJG4+7J|5PX4+HQ,weekday_afternoon,32.07,6,1,13,6.5,Airport Expy
2025-12-19,VJRQ+2M|RMJJ+F4,weekday_afternoon,25.65,6,2,13,5.42,Hosur Road
2025-12-19,XMW9+G8|WMJR+V4,weekday_afternoon,24.28,6,3,13,4.33,East Outer Ring
2025-12-19,WH5F+26|WJ8X+F5W,weekday_afternoon,23.56,6,4,13,3.25,Double Decker Flyover
2025-12-19,2HM2+P8|XJV5+RG,weekday_afternoon,18.87,6,5,13,2.17,North Inner Ring
2025-12-19,WP44+W8|WJFH+XQ,weekday_afternoon,18.79,6,6,13,1.08,Sarjapur Road
2025-12-19,WGG8+G5|XH7P+G6,weekday_afternoon,18.61,6,7,13,0.0,Mysore Road
2025-12-19,XPC7+72|XM33+J3,weekday_afternoon,17.99,6,8,13,-1.08,Old Airport Road
2025-12-19,2HVW+G8|XJXR+WG,weekday_afternoon,17.43,6,9,13,-2.17,North Outer Ring
2025-12-19,XHJ7+MG|WJM6+VC,weekday_afternoon,16.28,6,10,13,-3.25,Central Diagonal 1
2025-12-19,XJPW+92|WJP4+FF,weekday_afternoon,16.11,6,11,13,-4.33,East Inner Ring
2025-12-19,XG48+2W|VHWC+C3,weekday_afternoon,15.99,6,12,13,-5.42,South Outer Ring
2025-12-19,WHR9+R6|XJGF+6J,weekday_afternoon,15.14,6,13,13,-6.5,Central Diagonal 2
2025-12-22,XJG4+7J|5PX4+HQ,weekday_afternoon,34.71,6,1,13,6.5,Airport Expy
2025-12-22,VJRQ+2M|RMJJ+F4,weekday_afternoon,26.72,6,2,13,5.42,Hosur Road
2025-12-22,WH5F+26|WJ8X+F5W,weekday_afternoon,24.43,6,3,13,4.33,Double Decker Flyover
2025-12-22,XMW9+G8|WMJR+V4,weekday_afternoon,23.64,6,4,13,3.25,East Outer Ring
2025-12-22,WP44+W8|WJFH+XQ,weekday_afternoon,20.57,6,5,13,2.17,Sarjapur Road
2025-12-22,2HM2+P8|XJV5+RG,weekday_afternoon,19.44,6,6,13,1.08,North Inner Ring
2025-12-22,XPC7+72|XM33+J3,weekday_afternoon,19.44,6,7,13,0.0,Old Airport Road
2025-12-22,WGG8+G5|XH7P+G6,weekday_afternoon,18.64,6,8,13,-1.08,Mysore Road
2025-12-22,2HVW+G8|XJXR+WG,weekday_afternoon,17.61,6,9,13,-2.17,North Outer Ring
2025-12-22,XJPW+92|WJP4+FF,weekday_afternoon,17.39,6,10,13,-3.25,East Inner Ring
2025-12-22,XHJ7+MG|WJM6+VC,weekday_afternoon,16.55,6,11,13,-4.33,Central Diagonal 1
2025-12-22,XG48+2W|VHWC+C3,weekday_afternoon,16.21,6,12,13,-5.42,South Outer Ring
2025-12-22,WHR9+R6|XJGF+6J,weekday_afternoon,16.13,6,13,13,-6.5,Central Diagonal 2
2025-12-23,XJG4+7J|5PX4+HQ,weekday_afternoon,34.66,6,1,13,6.5,Airport Expy
2025-12-23,VJRQ+2M|RMJJ+F4,weekday_afternoon,27.59,6,2,13,5.42,Hosur Road
2025-12-23,WH5F+26|WJ8X+F5W,weekday_afternoon,23.3,6,3,13,4.33,Double Decker Flyover
2025-12-23,XMW9+G8|WMJR+V4,weekday_afternoon,23.3,6,4,13,3.25,East Outer Ring
2025-12-23,WP44+W8|WJFH+XQ,weekday_afternoon,20.72,6,5,13,2.17,Sarjapur Road
2025-12-23,2HM2+P8|XJV5+RG,weekday_afternoon,20.39,6,6,13,1.08,North Inner Ring
2025-12-23,XPC7+72|XM33+J3,weekday_afternoon,20.08,6,7,13,0.0,Old Airport Road
2025-12-23,WGG8+G5|XH7P+G6,weekday_afternoon,19.2,6,8,13,-1.08,Mysore Road
2025-12-23,XHJ7+MG|WJM6+VC,weekday_afternoon,17.14,6,9,13,-2.17,Central Diagonal 1
2025-12-23,XJPW+92|WJP4+FF,weekday_afternoon,17.11,6,10,13,-3.25,East Inner Ring
2025-12-23,2HVW+G8|XJXR+WG,weekday_afternoon,16.66,6,11,13,-4.33,North Outer Ring
2025-12-23,XG48+2W|VHWC+C3,weekday_afternoon,16.54,6,12,13,-5.42,South Outer Ring
2025-12-23,WHR9+R6|XJGF+6J,weekday_afternoon,15.72,6,13,13,-6.5,Central Diagonal 2
2025-12-24,XJG4+7J|5PX4+HQ,weekday_afternoon,31.49,6,1,13,6.5,Airport Expy
2025-12-24,VJRQ+2M|RMJJ+F4,weekday_afternoon,26.22,6,2,13,5.42,Hosur Road
2025-12-24,WH5F+26|WJ8X+F5W,weekday_afternoon,23.96,6,3,13,4.33,Double Decker Flyover
2025-12-24,XMW9+G8|WMJR+V4,weekday_afternoon,23.78,6,4,13,3.25,East Outer Ring
2025-12-24,WP44+W8|WJFH+XQ,weekday_afternoon,20.49,6,5,13,2.17,Sarjapur Road
2025-12-24,2HM2+P8|XJV5+RG,weekday_afternoon,19.09,6,6,13,1.08,North Inner Ring
2025-12-24,XPC7+72|XM33+J3,weekday_afternoon,18.08,6,7,13,0.0,Old Airport Road
2025-12-24,WGG8+G5|XH7P+G6,weekday_afternoon,17.65,6,8,13,-1.08,Mysore Road
2025-12-24,2HVW+G8|XJXR+WG,weekday_afternoon,17.34,6,9,13,-2.17,North Outer Ring
2025-12-24,XHJ7+MG|WJM6+VC,weekday_afternoon,16.93,6,10,13,-3.25,Central Diagonal 1
2025-12-24,XJPW+92|WJP4+FF,weekday_afternoon,16.87,6,11,13,-4.33,East Inner Ring
2025-12-24,XG48+2W|VHWC+C3,weekday_afternoon,16.2,6,12,13,-5.42,South Outer Ring
2025-12-24,WHR9+R6|XJGF+6J,weekday_afternoon,15.44,6,13,13,-6.5,Central Diagonal 2
2025-12-25,XJG4+7J|5PX4+HQ,weekday_afternoon,33.41,6,1,13,6.5,Airport Expy
2025-12-25,XMW9+G8|WMJR+V4,weekday_afternoon,31.96,6,2,13,5.42,East Outer Ring
2025-12-25,VJRQ+2M|RMJJ+F4,weekday_afternoon,31.41,6,3,13,4.33,Hosur Road
2025-12-25,WH5F+26|WJ8X+F5W,weekday_afternoon,24.74,6,4,13,3.25,Double Decker Flyover
2025-12-25,WP44+W8|WJFH+XQ,weekday_afternoon,23.18,6,5,13,2.17,Sarjapur Road
2025-12-25,XPC7+72|XM33+J3,weekday_afternoon,20.0,6,6,13,1.08,Old Airport Road
2025-12-25,WGG8+G5|XH7P+G6,weekday_afternoon,19.86,6,7,13,0.0,Mysore Road
2025-12-25,2HM2+P8|XJV5+RG,weekday_afternoon,19.44,6,8,13,-1.08,North Inner Ring
2025-12-25,2HVW+G8|XJXR+WG,weekday_afternoon,19.31,6,9,13,-2.17,North Outer Ring
2025-12-25,XHJ7+MG|WJM6+VC,weekday_afternoon,19.31,6,10,13,-3.25,Central Diagonal 1
2025-12-25,XJPW+92|WJP4+FF,weekday_afternoon,18.69,6,11,13,-4.33,East Inner Ring
2025-12-25,XG48+2W|VHWC+C3,weekday_afternoon,17.03,6,12,13,-5.42,South Outer Ring
2025-12-25,WHR9+R6|XJGF+6J,weekday_afternoon,16.26,6,13,13,-6.5,Central Diagonal 2
2025-12-26,XJG4+7J|5PX4+HQ,weekday_afternoon,33.61,6,1,13,6.5,Airport Expy
2025-12-26,VJRQ+2M|RMJJ+F4,weekday_afternoon,29.61,6,2,13,5.42,Hosur Road
2025-12-26,XMW9+G8|WMJR+V4,weekday_afternoon,28.7,6,3,13,4.33,East Outer Ring
2025-12-26,WH5F+26|WJ8X+F5W,weekday_afternoon,23.35,6,4,13,3.25,Double Decker Flyover
2025-12-26,WP44+W8|WJFH+XQ,weekday_afternoon,22.51,6,5,13,2.17,Sarjapur Road
2025-12-26,2HVW+G8|XJXR+WG,weekday_afternoon,20.94,6,6,13,1.08,North Outer Ring
2025-12-26,XPC7+72|XM33+J3,weekday_afternoon,20.54,6,7,13,0.0,Old Airport Road
2025-12-26,WGG8+G5|XH7P+G6,weekday_afternoon,20.05,6,8,13,-1.08,Mysore Road
2025-12-26,2HM2+P8|XJV5+RG,weekday_afternoon,19.44,6,9,13,-2.17,North Inner Ring
2025-12-26,XJPW+92|WJP4+FF,weekday_afternoon,18.24,6,10,13,-3.25,East Inner Ring
2025-12-26,XHJ7+MG|WJM6+VC,weekday_afternoon,17.66,6,11,13,-4.33,Central Diagonal 1
2025-12-26,XG48+2W|VHWC+C3,weekday_afternoon,16.34,6,12,13,-5.42,South Outer Ring
2025-12-26,WHR9+R6|XJGF+6J,weekday_afternoon,16.14,6,13,13,-6.5,Central Diagonal 2
2025-12-29,XJG4+7J|5PX4+HQ,weekday_afternoon,34.56,6,1,13,6.5,Airport Expy
2025-12-29,VJRQ+2M|RMJJ+F4,weekday_afternoon,27.62,6,2,13,5.42,Hosur Road
2025-12-29,XMW9+G8|WMJR+V4,weekday_afternoon,26.37,6,3,13,4.33,East Outer Ring
2025-12-29,WH5F+26|WJ8X+F5W,weekday_afternoon,25.06,6,4,13,3.25,Double Decker Flyover
2025-12-29,WP44+W8|WJFH+XQ,weekday_afternoon,22.27,6,5,13,2.17,Sarjapur Road
2025-12-29,XPC7+72|XM33+J3,weekday_afternoon,22.13,6,6,13,1.08,Old Airport Road
2025-12-29,2HVW+G8|XJXR+WG,weekday_afternoon,19.45,6,7,13,0.0,North Outer Ring
2025-12-29,2HM2+P8|XJV5+RG,weekday_afternoon,19.21,6,8,13,-1.08,North Inner Ring
2025-12-29,XJPW+92|WJP4+FF,weekday_afternoon,18.53,6,9,13,-2.17,East Inner Ring
2025-12-29,WGG8+G5|XH7P+G6,weekday_afternoon,18.35,6,10,13,-3.25,Mysore Road
2025-12-29,XHJ7+MG|WJM6+VC,weekday_afternoon,17.43,6,11,13,-4.33,Central Diagonal 1
2025-12-29,WHR9+R6|XJGF+6J,weekday_afternoon,16.01,6,12,13,-5.42,Central Diagonal 2
2025-12-29,XG48+2W|VHWC+C3,weekday_afternoon,15.97,6,13,13,-6.5,South Outer Ring
2025-12-30,XJG4+7J|5PX4+HQ,weekday_afternoon,34.3,6,1,13,6.5,Airport Expy
2025-12-30,VJRQ+2M|RMJJ+F4,weekday_afternoon,27.87,6,2,13,5.42,Hosur Road
2025-12-30,XMW9+G8|WMJR+V4,weekday_afternoon,26.29,6,3,13,4.33,East Outer Ring
2025-12-30,WH5F+26|WJ8X+F5W,weekday_afternoon,23.85,6,4,13,3.25,Double Decker Flyover
2025-12-30,XPC7+72|XM33+J3,weekday_afternoon,21.74,6,5,13,2.17,Old Airport Road
2025-12-30,WP44+W8|WJFH+XQ,weekday_afternoon,21.59,6,6,13,1.08,Sarjapur Road
2025-12-30,2HM2+P8|XJV5+RG,weekday_afternoon,19.63,6,7,13,0.0,North Inner Ring
2025-12-30,WGG8+G5|XH7P+G6,weekday_afternoon,19.52,6,8,13,-1.08,Mysore Road
2025-12-30,2HVW+G8|XJXR+WG,weekday_afternoon,19.05,6,9,13,-2.17,North Outer Ring
2025-12-30,XHJ7+MG|WJM6+VC,weekday_afternoon,18.73,6,10,13,-3.25,Central Diagonal 1
2025-12-30,XJPW+92|WJP4+FF,weekday_afternoon,17.47,6,11,13,-4.33,East Inner Ring
2025-12-30,WHR9+R6|XJGF+6J,weekday_afternoon,15.93,6,12,13,-5.42,Central Diagonal 2
2025-12-30,XG48+2W|VHWC+C3,weekday_afternoon,15.82,6,13,13,-6.5,South Outer Ring
2025-12-31,XJG4+7J|5PX4+HQ,weekday_afternoon,34.67,6,1,13,6.5,Airport Expy
2025-12-31,XMW9+G8|WMJR+V4,weekday_afternoon,27.57,6,2,13,5.42,East Outer Ring
2025-12-31,VJRQ+2M|RMJJ+F4,weekday_afternoon,26.14,6,3,13,4.33,Hosur Road
2025-12-31,WH5F+26|WJ8X+F5W,weekday_afternoon,24.37,6,4,13,3.25,Double Decker Flyover
2025-12-31,XPC7+72|XM33+J3,weekday_afternoon,21.43,6,5,13,2.17,Old Airport Road
2025-12-31,WP44+W8|WJFH+XQ,weekday_afternoon,21.24,6,6,13,1.08,Sarjapur Road
2025-12-31,2HM2+P8|XJV5+RG,weekday_afternoon,19.89,6,7,13,0.0,North Inner Ring
2025-12-31,2HVW+G8|XJXR+WG,weekday_afternoon,19.49,6,8,13,-1.08,North Outer Ring
2025-12-31,WGG8+G5|XH7P+G6,weekday_afternoon,19.31,6,9,13,-2.17,Mysore Road
2025-12-31,XHJ7+MG|WJM6+VC,weekday_afternoon,18.58,6,10,13,-3.25,Central Diagonal 1
2025-12-31,XJPW+92|WJP4+FF,weekday_afternoon,16.74,6,11,13,-4.33,East Inner Ring
2025-12-31,XG48+2W|VHWC+C3,weekday_afternoon,16.24,6,12,13,-5.42,South Outer Ring
2025-12-31,WHR9+R6|XJGF+6J,weekday_afternoon,15.68,6,13,13,-6.5,Central Diagonal 2
2026-01-01,XJG4+7J|5PX4+HQ,weekday_afternoon,33.75,6,1,13,6.5,Airport Expy
2026-01-01,XMW9+G8|WMJR+V4,weekday_afternoon,31.43,6,2,13,5.42,East Outer Ring
2026-01-01,VJRQ+2M|RMJJ+F4,weekday_afternoon,28.63,6,3,13,4.33,Hosur Road
2026-01-01,WP44+W8|WJFH+XQ,weekday_afternoon,22.39,6,4,13,3.25,Sarjapur Road
2026-01-01,WH5F+26|WJ8X+F5W,weekday_afternoon,21.79,6,5,13,2.17,Double Decker Flyover
2026-01-01,XPC7+72|XM33+J3,weekday_afternoon,21.19,6,6,13,1.08,Old Airport Road
2026-01-01,WGG8+G5|XH7P+G6,weekday_afternoon,19.88,6,7,13,0.0,Mysore Road
2026-01-01,2HVW+G8|XJXR+WG,weekday_afternoon,19.41,6,8,13,-1.08,North Outer Ring
2026-01-01,2HM2+P8|XJV5+RG,weekday_afternoon,19.02,6,9,13,-2.17,North Inner Ring
2026-01-01,XHJ7+MG|WJM6+VC,weekday_afternoon,18.68,6,10,13,-3.25,Central Diagonal 1
2026-01-01,XJPW+92|WJP4+FF,weekday_afternoon,17.11,6,11,13,-4.33,East Inner Ring
2026-01-01,XG48+2W|VHWC+C3,weekday_afternoon,16.59,6,12,13,-5.42,South Outer Ring
2026-01-01,WHR9+R6|XJGF+6J,weekday_afternoon,15.56,6,13,13,-6.5,Central Diagonal 2
2026-01-02,XJG4+7J|5PX4+HQ,weekday_afternoon,35.47,6,1,13,6.5,Airport Expy
2026-01-02,XMW9+G8|WMJR+V4,weekday_afternoon,29.69,6,2,13,5.42,East Outer Ring
2026-01-02,VJRQ+2M|RMJJ+F4,weekday_afternoon,27.39,6,3,13,4.33,Hosur Road
2026-01-02,WH5F+26|WJ8X+F5W,weekday_afternoon,24.59,6,4,13,3.25,Double Decker Flyover
2026-01-02,WP44+W8|WJFH+XQ,weekday_afternoon,21.59,6,5,13,2.17,Sarjapur Road
2026-01-02,2HVW+G8|XJXR+WG,weekday_afternoon,21.08,6,6,13,1.08,North Outer Ring
2026-01-02,XPC7+72|XM33+J3,weekday_afternoon,20.8,6,7,13,0.0,Old Airport Road
2026-01-02,WGG8+G5|XH7P+G6,weekday_afternoon,20.44,6,8,13,-1.08,Mysore Road
2026-01-02,2HM2+P8|XJV5+RG,weekday_afternoon,19.65,6,9,13,-2.17,North Inner Ring
2026-01-02,XJPW+92|WJP4+FF,weekday_afternoon,18.31,6,10,13,-3.25,East Inner Ring
2026-01-02,XHJ7+MG|WJM6+VC,weekday_afternoon,18.08,6,11,13,-4.33,Central Diagonal 1
2026-01-02,WHR9+R6|XJGF+6J,weekday_afternoon,16.2,6,12,13,-5.42,Central Diagonal 2
2026-01-02,XG48+2W|VHWC+C3,weekday_afternoon,15.8,6,13,13,-6.5,South Outer Ring
2026-01-05,XJG4+7J|5PX4+HQ,weekday_afternoon,34.06,6,1,13,6.5,Airport Expy
2026-01-05,VJRQ+2M|RMJJ+F4,weekday_afternoon,26.84,6,2,13,5.42,Hosur Road
2026-01-05,WH5F+26|WJ8X+F5W,weekday_afternoon,23.6,6,3,13,4.33,Double Decker Flyover
2026-01-05,WGG8+G5|XH7P+G6,weekday_afternoon,20.14,6,4,13,3.25,Mysore Road
2026-01-05,2HM2+P8|XJV5+RG,weekday_afternoon,18.98,6,5,13,2.17,North Inner Ring
2026-01-05,WP44+W8|WJFH+XQ,weekday_afternoon,18.22,6,6,13,1.08,Sarjapur Road
2026-01-05,XMW9+G8|WMJR+V4,weekday_afternoon,17.03,6,7,13,0.0,East Outer Ring
2026-01-05,XHJ7+MG|WJM6+VC,weekday_afternoon,16.97,6,8,13,-1.08,Central Diagonal 1
2026-01-05,2HVW+G8|XJXR+WG,weekday_afternoon,16.78,6,9,13,-2.17,North Outer Ring
2026-01-05,XPC7+72|XM33+J3,weekday_afternoon,16.12,6,10,13,-3.25,Old Airport Road
2026-01-05,XG48+2W|VHWC+C3,weekday_afternoon,15.94,6,11,13,-4.33,South Outer Ring
2026-01-05,XJPW+92|WJP4+FF,weekday_afternoon,15.76,6,12,13,-5.42,East Inner Ring
2026-01-05,WHR9+R6|XJGF+6J,weekday_afternoon,15.14,6,13,13,-6.5,Central Diagonal 2
2026-01-06,XJG4+7J|5PX4+HQ,weekday_afternoon,33.56,6,1,13,6.5,Airport Expy
2026-01-06,VJRQ+2M|RMJJ+F4,weekday_afternoon,26.4,6,2,13,5.42,Hosur Road
2026-01-06,WH5F+26|WJ8X+F5W,weekday_afternoon,23.52,6,3,13,4.33,Double Decker Flyover
2026-01-06,2HM2+P8|XJV5+RG,weekday_afternoon,19.62,6,4,13,3.25,North Inner Ring
2026-01-06,WGG8+G5|XH7P+G6,weekday_afternoon,19.45,6,5,13,2.17,Mysore Road
2026-01-06,WP44+W8|WJFH+XQ,weekday_afternoon,17.22,6,6,13,1.08,Sarjapur Road
2026-01-06,XPC7+72|XM33+J3,weekday_afternoon,17.21,6,7,13,0.0,Old Airport Road
2026-01-06,XHJ7+MG|WJM6+VC,weekday_afternoon,17.15,6,8,13,-1.08,Central Diagonal 1
2026-01-06,XMW9+G8|WMJR+V4,weekday_afternoon,16.76,6,9,13,-2.17,East Outer Ring
2026-01-06,XG48+2W|VHWC+C3,weekday_afternoon,16.56,6,10,13,-3.25,South Outer Ring
2026-01-06,2HVW+G8|XJXR+WG,weekday_afternoon,16.34,6,11,13,-4.33,North Outer Ring
2026-01-06,XJPW+92|WJP4+FF,weekday_afternoon,15.66,6,12,13,-5.42,East Inner Ring
2026-01-06,WHR9+R6|XJGF+6J,weekday_afternoon,15.06,6,13,13,-6.5,Central Diagonal 2
2026-01-07,XJG4+7J|5PX4+HQ,weekday_afternoon,32.27,6,1,13,6.5,Airport Expy
2026-01-07,VJRQ+2M|RMJJ+F4,weekday_afternoon,26.9,6,2,13,5.42,Hosur Road
2026-01-07,WH5F+26|WJ8X+F5W,weekday_afternoon,23.54,6,3,13,4.33,Double Decker Flyover
2026-01-07,WGG8+G5|XH7P+G6,weekday_afternoon,19.68,6,4,13,3.25,Mysore Road
2026-01-07,2HM2+P8|XJV5+RG,weekday_afternoon,19.05,6,5,13,2.17,North Inner Ring
2026-01-07,XPC7+72|XM33+J3,weekday_afternoon,17.4,6,6,13,1.08,Old Airport Road
2026-01-07,WP44+W8|WJFH+XQ,weekday_afternoon,17.35,6,7,13,0.0,Sarjapur Road
2026-01-07,XHJ7+MG|WJM6+VC,weekday_afternoon,16.27,6,8,13,-1.08,Central Diagonal 1
2026-01-07,XG48+2W|VHWC+C3,weekday_afternoon,15.82,6,9,13,-2.17,South Outer Ring
2026-01-07,XMW9+G8|WMJR+V4,weekday_afternoon,15.6,6,10,13,-3.25,East Outer Ring
2026-01-07,2HVW+G8|XJXR+WG,weekday_afternoon,15.02,6,11,13,-4.33,North Outer Ring
2026-01-07,XJPW+92|WJP4+FF,weekday_afternoon,15.01,6,12,13,-5.42,East Inner Ring
2026-01-07,WHR9+R6|XJGF+6J,weekday_afternoon,14.98,6,13,13,-6.5,Central Diagonal 2
2026-01-08,XJG4+7J|5PX4+HQ,weekday_afternoon,32.25,6,1,13,6.5,Airport Expy
2026-01-08,VJRQ+2M|RMJJ+F4,weekday_afternoon,27.63,6,2,13,5.42,Hosur Road
2026-01-08,WH5F+26|WJ8X+F5W,weekday_afternoon,23.33,6,3,13,4.33,Double Decker Flyover
2026-01-08,WGG8+G5|XH7P+G6,weekday_afternoon,19.97,6,4,13,3.25,Mysore Road
2026-01-08,2HM2+P8|XJV5+RG,weekday_afternoon,19.33,6,5,13,2.17,North Inner Ring
2026-01-08,WP44+W8|WJFH+XQ,weekday_afternoon,18.51,6,6,13,1.08,Sarjapur Road
2026-01-08,XPC7+72|XM33+J3,weekday_afternoon,17.14,6,7,13,0.0,Old Airport Road
2026-01-08,XHJ7+MG|WJM6+VC,weekday_afternoon,16.46,6,8,13,-1.08,Central Diagonal 1
2026-01-08,XG48+2W|VHWC+C3,weekday_afternoon,16.03,6,9,13,-2.17,South Outer Ring
2026-01-08,XMW9+G8|WMJR+V4,weekday_afternoon,15.19,6,10,13,-3.25,East Outer Ring
2026-01-08,XJPW+92|WJP4+FF,weekday_afternoon,15.17,6,11,13,-4.33,East Inner Ring
2026-01-08,WHR9+R6|XJGF+6J,weekday_afternoon,14.71,6,12,13,-5.42,Central Diagonal 2
2026-01-08,2HVW+G8|XJXR+WG,weekday_afternoon,14.53,6,13,13,-6.5,North Outer Ring
2026-01-09,XJG4+7J|5PX4+HQ,weekday_afternoon,31.88,6,1,13,6.5,Airport Expy
2026-01-09,VJRQ+2M|RMJJ+F4,weekday_afternoon,26.12,6,2,13,5.42,Hosur Road
2026-01-09,WH5F+26|WJ8X+F5W,weekday_afternoon,23.71,6,3,13,4.33,Double Decker Flyover
2026-01-09,XMW9+G8|WMJR+V4,weekday_afternoon,22.73,6,4,13,3.25,East Outer Ring
2026-01-09,2HM2+P8|XJV5+RG,weekday_afternoon,19.52,6,5,13,2.17,North Inner Ring
2026-01-09,WGG8+G5|XH7P+G6,weekday_afternoon,19.12,6,6,13,1.08,Mysore Road
2026-01-09,XPC7+72|XM33+J3,weekday_afternoon,18.47,6,7,13,0.0,Old Airport Road
2026-01-09,XHJ7+MG|WJM6+VC,weekday_afternoon,16.62,6,8,13,-1.08,Central Diagonal 1
2026-01-09,WP44+W8|WJFH+XQ,weekday_afternoon,16.52,6,9,13,-2.17,Sarjapur Road
2026-01-09,XJPW+92|WJP4+FF,weekday_afternoon,16.39,6,10,13,-3.25,East Inner Ring
2026-01-09,2HVW+G8|XJXR+WG,weekday_afternoon,16.1,6,11,13,-4.33,North Outer Ring
2026-01-09,XG48+2W|VHWC+C3,weekday_afternoon,16.01,6,12,13,-5.42,South Outer Ring
2026-01-09,WHR9+R6|XJGF+6J,weekday_afternoon,14.63,6,13,13,-6.5,Central Diagonal 2
2026-01-12,XJG4+7J|5PX4+HQ,weekday_afternoon,33.29,6,1,13,6.5,Airport Expy
2026-01-12,VJRQ+2M|RMJJ+F4,weekday_afternoon,26.79,6,2,13,5.42,Hosur Road
2026-01-12,WH5F+26|WJ8X+F5W,weekday_afternoon,23.54,6,3,13,4.33,Double Decker Flyover
2026-01-12,WGG8+G5|XH7P+G6,weekday_afternoon,19.45,6,4,13,3.25,Mysore Road
2026-01-12,2HM2+P8|XJV5+RG,weekday_afternoon,19.16,6,5,13,2.17,North Inner Ring
2026-01-12,XMW9+G8|WMJR+V4,weekday_afternoon,18.46,6,6,13,1.08,East Outer Ring
2026-01-12,WP44+W8|WJFH+XQ,weekday_afternoon,18.42,6,7,13,0.0,Sarjapur Road
2026-01-12,XPC7+72|XM33+J3,weekday_afternoon,17.28,6,8,13,-1.08,Old Airport Road
2026-01-12,XHJ7+MG|WJM6+VC,weekday_afternoon,16.67,6,9,13,-2.17,Central Diagonal 1
2026-01-12,XJPW+92|WJP4+FF,weekday_afternoon,16.34,6,10,13,-3.25,East Inner Ring
2026-01-12,XG48+2W|VHWC+C3,weekday_afternoon,16.29,6,11,13,-4.33,South Outer Ring
2026-01-12,WHR9+R6|XJGF+6J,weekday_afternoon,15.28,6,12,13,-5.42,Central Diagonal 2
2026-01-12,2HVW+G8|XJXR+WG,weekday_afternoon,15.21,6,13,13,-6.5,North Outer Ring
2026-01-13,XJG4+7J|5PX4+HQ,weekday_afternoon,31.16,6,1,13,6.5,Airport Expy
2026-01-13,VJRQ+2M|RMJJ+F4,weekday_afternoon,26.27,6,2,13,5.42,Hosur Road
2026-01-13,WH5F+26|WJ8X+F5W,weekday_afternoon,23.26,6,3,13,4.33,Double Decker Flyover
2026-01-13,WGG8+G5|XH7P+G6,weekday_afternoon,19.78,6,4,13,3.25,Mysore Road
2026-01-13,2HM2+P8|XJV5+RG,weekday_afternoon,19.39,6,5,13,2.17,North Inner Ring
2026-01-13,WP44+W8|WJFH+XQ,weekday_afternoon,17.3,6,6,13,1.08,Sarjapur Road
2026-01-13,XHJ7+MG|WJM6+VC,weekday_afternoon,16.84,6,7,13,0.0,Central Diagonal 1
2026-01-13,XPC7+72|XM33+J3,weekday_afternoon,16.42,6,8,13,-1.08,Old Airport Road
2026-01-13,XG48+2W|VHWC+C3,weekday_afternoon,16.29,6,9,13,-2.17,South Outer Ring
2026-01-13,WHR9+R6|XJGF+6J,weekday_afternoon,15.06,6,10,13,-3.25,Central Diagonal 2
2026-01-13,2HVW+G8|XJXR+WG,weekday_afternoon,14.8,6,11,13,-4.33,North Outer Ring
2026-01-13,XJPW+92|WJP4+FF,weekday_afternoon,14.72,6,12,13,-5.42,East Inner Ring
2026-01-13,XMW9+G8|WMJR+V4,weekday_afternoon,14.62,6,13,13,-6.5,East Outer Ring
2026-01-14,XJG4+7J|5PX4+HQ,weekday_afternoon,33.49,6,1,13,6.5,Airport Expy
2026-01-14,VJRQ+2M|RMJJ+F4,weekday_afternoon,27.31,6,2,13,5.42,Hosur Road
2026-01-14,XMW9+G8|WMJR+V4,weekday_afternoon,22.35,6,3,13,4.33,East Outer Ring
2026-01-14,WH5F+26|WJ8X+F5W,weekday_afternoon,21.64,6,4,13,3.25,Double Decker Flyover
2026-01-14,WGG8+G5|XH7P+G6,weekday_afternoon,19.61,6,5,13,2.17,Mysore Road
2026-01-14,2HM2+P8|XJV5+RG,weekday_afternoon,19.22,6,6,13,1.08,North Inner Ring
2026-01-14,XPC7+72|XM33+J3,weekday_afternoon,18.75,6,7,13,0.0,Old Airport Road
2026-01-14,WP44+W8|WJFH+XQ,weekday_afternoon,18.33,6,8,13,-1.08,Sarjapur Road
2026-01-14,XHJ7+MG|WJM6+VC,weekday_afternoon,17.73,6,9,13,-2.17,Central Diagonal 1
2026-01-14,XJPW+92|WJP4+FF,weekday_afternoon,17.22,6,10,13,-3.25,East Inner Ring
2026-01-14,2HVW+G8|XJXR+WG,weekday_afternoon,16.21,6,11,13,-4.33,North Outer Ring
2026-01-14,XG48+2W|VHWC+C3,weekday_afternoon,16.0,6,12,13,-5.42,South Outer Ring
2026-01-14,WHR9+R6|XJGF+6J,weekday_afternoon,15.36,6,13,13,-6.5,Central Diagonal 2
2026-01-15,XJG4+7J|5PX4+HQ,weekday_afternoon,38.26,6,1,13,6.5,Airport Expy
2026-01-15,XMW9+G8|WMJR+V4,weekday_afternoon,34.06,6,2,13,5.42,East Outer Ring
2026-01-15,VJRQ+2M|RMJJ+F4,weekday_afternoon,30.46,6,3,13,4.33,Hosur Road
2026-01-15,WH5F+26|WJ8X+F5W,weekday_afternoon,26.27,6,4,13,3.25,Double Decker Flyover
2026-01-15,WGG8+G5|XH7P+G6,weekday_afternoon,24.64,6,5,13,2.17,Mysore Road
2026-01-15,2HVW+G8|XJXR+WG,weekday_afternoon,23.9,6,6,13,1.08,North Outer Ring
2026-01-15,WP44+W8|WJFH+XQ,weekday_afternoon,23.68,6,7,13,0.0,Sarjapur Road
2026-01-15,XPC7+72|XM33+J3,weekday_afternoon,23.43,6,8,13,-1.08,Old Airport Road
2026-01-15,XHJ7+MG|WJM6+VC,weekday_afternoon,21.82,6,9,13,-2.17,Central Diagonal 1
2026-01-15,2HM2+P8|XJV5+RG,weekday_afternoon,21.25,6,10,13,-3.25,North Inner Ring
2026-01-15,XJPW+92|WJP4+FF,weekday_afternoon,19.89,6,11,13,-4.33,East Inner Ring
2026-01-15,XG48+2W|VHWC+C3,weekday_afternoon,18.14,6,12,13,-5.42,South Outer Ring
2026-01-15,WHR9+R6|XJGF+6J,weekday_afternoon,17.86,6,13,13,-6.5,Central Diagonal 2
2026-01-16,XJG4+7J|5PX4+HQ,weekday_afternoon,34.48,6,1,13,6.5,Airport Expy
2026-01-16,VJRQ+2M|RMJJ+F4,weekday_afternoon,29.31,6,2,13,5.42,Hosur Road
2026-01-16,XMW9+G8|WMJR+V4,weekday_afternoon,27.24,6,3,13,4.33,East Outer Ring
2026-01-16,WH5F+26|WJ8X+F5W,weekday_afternoon,24.8,6,4,13,3.25,Double Decker Flyover
2026-01-16,WGG8+G5|XH7P+G6,weekday_afternoon,20.67,6,5,13,2.17,Mysore Road
2026-01-16,2HVW+G8|XJXR+WG,weekday_afternoon,20.62,6,6,13,1.08,North Outer Ring
2026-01-16,XPC7+72|XM33+J3,weekday_afternoon,20.52,6,7,13,0.0,Old Airport Road
2026-01-16,WP44+W8|WJFH+XQ,weekday_afternoon,19.9,6,8,13,-1.08,Sarjapur Road
2026-01-16,2HM2+P8|XJV5+RG,weekday_afternoon,19.42,6,9,13,-2.17,North Inner Ring
2026-01-16,XHJ7+MG|WJM6+VC,weekday_afternoon,19.4,6,10,13,-3.25,Central Diagonal 1
2026-01-16,XJPW+92|WJP4+FF,weekday_afternoon,17.88,6,11,13,-4.33,East Inner Ring
2026-01-16,XG48+2W|VHWC+C3,weekday_afternoon,16.39,6,12,13,-5.42,South Outer Ring
2026-01-16,WHR9+R6|XJGF+6J,weekday_afternoon,15.36,6,13,13,-6.5,Central Diagonal 2
2026-01-19,XJG4+7J|5PX4+HQ,weekday_afternoon,33.96,6,1,13,6.5,Airport Expy
2026-01-19,VJRQ+2M|RMJJ+F4,weekday_afternoon,28.83,6,2,13,5.42,Hosur Road
2026-01-19,WH5F+26|WJ8X+F5W,weekday_afternoon,24.41,6,3,13,4.33,Double Decker Flyover
2026-01-19,WP44+W8|WJFH+XQ,weekday_afternoon,20.25,6,4,13,3.25,Sarjapur Road
2026-01-19,WGG8+G5|XH7P+G6,weekday_afternoon,20.01,6,5,13,2.17,Mysore Road
2026-01-19,XMW9+G8|WMJR+V4,weekday_afternoon,19.58,6,6,13,1.08,East Outer Ring
2026-01-19,2HM2+P8|XJV5+RG,weekday_afternoon,19.42,6,7,13,0.0,North Inner Ring
2026-01-19,2HVW+G8|XJXR+WG,weekday_afternoon,17.17,6,8,13,-1.08,North Outer Ring
2026-01-19,XPC7+72|XM33+J3,weekday_afternoon,16.82,6,9,13,-2.17,Old Airport Road
2026-01-19,XHJ7+MG|WJM6+VC,weekday_afternoon,16.61,6,10,13,-3.25,Central Diagonal 1
2026-01-19,XJPW+92|WJP4+FF,weekday_afternoon,16.49,6,11,13,-4.33,East Inner Ring
2026-01-19,XG48+2W|VHWC+C3,weekday_afternoon,16.07,6,12,13,-5.42,South Outer Ring
2026-01-19,WHR9+R6|XJGF+6J,weekday_afternoon,15.8,6,13,13,-6.5,Central Diagonal 2
2026-01-20,XJG4+7J|5PX4+HQ,weekday_afternoon,32.88,6,1,13,6.5,Airport Expy
2026-01-20,VJRQ+2M|RMJJ+F4,weekday_afternoon,27.42,6,2,13,5.42,Hosur Road
2026-01-20,WH5F+26|WJ8X+F5W,weekday_afternoon,22.64,6,3,13,4.33,Double Decker Flyover
2026-01-20,WGG8+G5|XH7P+G6,weekday_afternoon,19.93,6,4,13,3.25,Mysore Road
2026-01-20,2HM2+P8|XJV5+RG,weekday_afternoon,19.04,6,5,13,2.17,North Inner Ring
2026-01-20,WP44+W8|WJFH+XQ,weekday_afternoon,18.92,6,6,13,1.08,Sarjapur Road
2026-01-20,XHJ7+MG|WJM6+VC,weekday_afternoon,17.44,6,7,13,0.0,Central Diagonal 1
2026-01-20,XG48+2W|VHWC+C3,weekday_afternoon,16.1,6,8,13,-1.08,South Outer Ring
2026-01-20,XJPW+92|WJP4+FF,weekday_afternoon,15.94,6,9,13,-2.17,East Inner Ring
2026-01-20,WHR9+R6|XJGF+6J,weekday_afternoon,15.67,6,10,13,-3.25,Central Diagonal 2
2026-01-20,2HVW+G8|XJXR+WG,weekday_afternoon,15.43,6,11,13,-4.33,North Outer Ring
2026-01-20,XPC7+72|XM33+J3,weekday_afternoon,15.29,6,12,13,-5.42,Old Airport Road
2026-01-20,XMW9+G8|WMJR+V4,weekday_afternoon,14.24,6,13,13,-6.5,East Outer Ring
2026-01-21,XJG4+7J|5PX4+HQ,weekday_afternoon,31.14,6,1,13,6.5,Airport Expy
2026-01-21,VJRQ+2M|RMJJ+F4,weekday_afternoon,25.73,6,2,13,5.42,Hosur Road
2026-01-21,WH5F+26|WJ8X+F5W,weekday_afternoon,22.8,6,3,13,4.33,Double Decker Flyover
2026-01-21,2HM2+P8|XJV5+RG,weekday_afternoon,19.34,6,4,13,3.25,North Inner Ring
2026-01-21,WGG8+G5|XH7P+G6,weekday_afternoon,19.2,6,5,13,2.17,Mysore Road
2026-01-21,WP44+W8|WJFH+XQ,weekday_afternoon,17.14,6,6,13,1.08,Sarjapur Road
2026-01-21,XHJ7+MG|WJM6+VC,weekday_afternoon,16.97,6,7,13,0.0,Central Diagonal 1
2026-01-21,XG48+2W|VHWC+C3,weekday_afternoon,15.94,6,8,13,-1.08,South Outer Ring
2026-01-21,XJPW+92|WJP4+FF,weekday_afternoon,15.64,6,9,13,-2.17,East Inner Ring
2026-01-21,2HVW+G8|XJXR+WG,weekday_afternoon,15.2,6,10,13,-3.25,North Outer Ring
2026-01-21,XPC7+72|XM33+J3,weekday_afternoon,14.54,6,11,13,-4.33,Old Airport Road
2026-01-21,XMW9+G8|WMJR+V4,weekday_afternoon,14.52,6,12,13,-5.42,East Outer Ring
2026-01-21,WHR9+R6|XJGF+6J,weekday_afternoon,14.18,6,13,13,-6.5,Central Diagonal 2
2026-01-22,XJG4+7J|5PX4+HQ,weekday_afternoon,32.18,6,1,13,6.5,Airport Expy
2026-01-22,VJRQ+2M|RMJJ+F4,weekday_afternoon,26.85,6,2,13,5.42,Hosur Road
2026-01-22,WH5F+26|WJ8X+F5W,weekday_afternoon,22.31,6,3,13,4.33,Double Decker Flyover
2026-01-22,2HM2+P8|XJV5+RG,weekday_afternoon,19.77,6,4,13,3.25,North Inner Ring
2026-01-22,WGG8+G5|XH7P+G6,weekday_afternoon,19.16,6,5,13,2.17,Mysore Road
2026-01-22,XMW9+G8|WMJR+V4,weekday_afternoon,18.45,6,6,13,1.08,East Outer Ring
2026-01-22,WP44+W8|WJFH+XQ,weekday_afternoon,18.22,6,7,13,0.0,Sarjapur Road
2026-01-22,XG48+2W|VHWC+C3,weekday_afternoon,16.99,6,8,13,-1.08,South Outer Ring
2026-01-22,XPC7+72|XM33+J3,weekday_afternoon,16.35,6,9,13,-2.17,Old Airport Road
2026-01-22,XJPW+92|WJP4+FF,weekday_afternoon,16.34,6,10,13,-3.25,East Inner Ring
2026-01-22,XHJ7+MG|WJM6+VC,weekday_afternoon,16.32,6,11,13,-4.33,Central Diagonal 1
2026-01-22,2HVW+G8|XJXR+WG,weekday_afternoon,15.32,6,12,13,-5.42,North Outer Ring
2026-01-22,WHR9+R6|XJGF+6J,weekday_afternoon,14.6,6,13,13,-6.5,Central Diagonal 2
2026-01-23,XJG4+7J|5PX4+HQ,weekday_afternoon,29.96,6,1,13,6.5,Airport Expy
2026-01-23,VJRQ+2M|RMJJ+F4,weekday_afternoon,25.05,6,2,13,5.42,Hosur Road
2026-01-23,XMW9+G8|WMJR+V4,weekday_afternoon,25.0,6,3,13,4.33,East Outer Ring
2026-01-23,WH5F+26|WJ8X+F5W,weekday_afternoon,22.14,6,4,13,3.25,Double Decker Flyover
2026-01-23,WGG8+G5|XH7P+G6,weekday_afternoon,18.37,6,5,13,2.17,Mysore Road
2026-01-23,WP44+W8|WJFH+XQ,weekday_afternoon,18.18,6,6,13,1.08,Sarjapur Road
2026-01-23,2HVW+G8|XJXR+WG,weekday_afternoon,18.03,6,7,13,0.0,North Outer Ring
2026-01-23,2HM2+P8|XJV5+RG,weekday_afternoon,17.79,6,8,13,-1.08,North Inner Ring
2026-01-23,XPC7+72|XM33+J3,weekday_afternoon,17.54,6,9,13,-2.17,Old Airport Road
2026-01-23,XJPW+92|WJP4+FF,weekday_afternoon,16.85,6,10,13,-3.25,East Inner Ring
2026-01-23,XHJ7+MG|WJM6+VC,weekday_afternoon,16.37,6,11,13,-4.33,Central Diagonal 1
2026-01-23,XG48+2W|VHWC+C3,weekday_afternoon,16.2,6,12,13,-5.42,South Outer Ring
2026-01-23,WHR9+R6|XJGF+6J,weekday_afternoon,15.12,6,13,13,-6.5,Central Diagonal 2
2026-01-26,XJG4+7J|5PX4+HQ,weekday_afternoon,35.02,6,1,13,6.5,Airport Expy
2026-01-26,XMW9+G8|WMJR+V4,weekday_afternoon,32.55,6,2,13,5.42,East Outer Ring
2026-01-26,VJRQ+2M|RMJJ+F4,weekday_afternoon,30.46,6,3,13,4.33,Hosur Road
2026-01-26,WH5F+26|WJ8X+F5W,weekday_afternoon,25.7,6,4,13,3.25,Double Decker Flyover
2026-01-26,WP44+W8|WJFH+XQ,weekday_afternoon,24.19,6,5,13,2.17,Sarjapur Road
2026-01-26,XPC7+72|XM33+J3,weekday_afternoon,22.53,6,6,13,1.08,Old Airport Road
2026-01-26,WGG8+G5|XH7P+G6,weekday_afternoon,21.55,6,7,13,0.0,Mysore Road
2026-01-26,2HVW+G8|XJXR+WG,weekday_afternoon,20.69,6,8,13,-1.08,North Outer Ring
2026-01-26,XJPW+92|WJP4+FF,weekday_afternoon,20.15,6,9,13,-2.17,East Inner Ring
2026-01-26,XHJ7+MG|WJM6+VC,weekday_afternoon,19.96,6,10,13,-3.25,Central Diagonal 1
2026-01-26,2HM2+P8|XJV5+RG,weekday_afternoon,19.91,6,11,13,-4.33,North Inner Ring
2026-01-26,XG48+2W|VHWC+C3,weekday_afternoon,16.88,6,12,13,-5.42,South Outer Ring
2026-01-26,WHR9+R6|XJGF+6J,weekday_afternoon,16.58,6,13,13,-6.5,Central Diagonal 2
2026-01-27,XJG4+7J|5PX4+HQ,weekday_afternoon,32.79,6,1,13,6.5,Airport Expy
2026-01-27,VJRQ+2M|RMJJ+F4,weekday_afternoon,26.3,6,2,13,5.42,Hosur Road
2026-01-27,WH5F+26|WJ8X+F5W,weekday_afternoon,23.84,6,3,13,4.33,Double Decker Flyover
2026-01-27,XMW9+G8|WMJR+V4,weekday_afternoon,21.14,6,4,13,3.25,East Outer Ring
2026-01-27,2HM2+P8|XJV5+RG,weekday_afternoon,20.05,6,5,13,2.17,North Inner Ring
2026-01-27,WGG8+G5|XH7P+G6,weekday_afternoon,19.7,6,6,13,1.08,Mysore Road
2026-01-27,WP44+W8|WJFH+XQ,weekday_afternoon,19.31,6,7,13,0.0,Sarjapur Road
2026-01-27,2HVW+G8|XJXR+WG,weekday_afternoon,17.96,6,8,13,-1.08,North Outer Ring
2026-01-27,XPC7+72|XM33+J3,weekday_afternoon,17.78,6,9,13,-2.17,Old Airport Road
2026-01-27,XHJ7+MG|WJM6+VC,weekday_afternoon,17.34,6,10,13,-3.25,Central Diagonal 1
2026-01-27,XG48+2W|VHWC+C3,weekday_afternoon,17.29,6,11,13,-4.33,South Outer Ring
2026-01-27,XJPW+92|WJP4+FF,weekday_afternoon,16.95,6,12,13,-5.42,East Inner Ring
2026-01-27,WHR9+R6|XJGF+6J,weekday_afternoon,16.33,6,13,13,-6.5,Central Diagonal 2
2026-01-28,XJG4+7J|5PX4+HQ,weekday_afternoon,32.96,6,1,13,6.5,Airport Expy
2026-01-28,VJRQ+2M|RMJJ+F4,weekday_afternoon,25.9,6,2,13,5.42,Hosur Road
2026-01-28,WH5F+26|WJ8X+F5W,weekday_afternoon,22.86,6,3,13,4.33,Double Decker Flyover
2026-01-28,WGG8+G5|XH7P+G6,weekday_afternoon,20.04,6,4,13,3.25,Mysore Road
2026-01-28,2HM2+P8|XJV5+RG,weekday_afternoon,18.91,6,5,13,2.17,North Inner Ring
2026-01-28,WP44+W8|WJFH+XQ,weekday_afternoon,18.17,6,6,13,1.08,Sarjapur Road
2026-01-28,XHJ7+MG|WJM6+VC,weekday_afternoon,16.83,6,7,13,0.0,Central Diagonal 1
2026-01-28,XMW9+G8|WMJR+V4,weekday_afternoon,16.58,6,8,13,-1.08,East Outer Ring
2026-01-28,XPC7+72|XM33+J3,weekday_afternoon,16.26,6,9,13,-2.17,Old Airport Road
2026-01-28,XG48+2W|VHWC+C3,weekday_afternoon,16.2,6,10,13,-3.25,South Outer Ring
2026-01-28,XJPW+92|WJP4+FF,weekday_afternoon,15.88,6,11,13,-4.33,East Inner Ring
2026-01-28,2HVW+G8|XJXR+WG,weekday_afternoon,15.77,6,12,13,-5.42,North Outer Ring
2026-01-28,WHR9+R6|XJGF+6J,weekday_afternoon,15.11,6,13,13,-6.5,Central Diagonal 2
2026-01-29,XJG4+7J|5PX4+HQ,weekday_afternoon,32.5,6,1,13,6.5,Airport Expy
2026-01-29,VJRQ+2M|RMJJ+F4,weekday_afternoon,25.06,6,2,13,5.42,Hosur Road
2026-01-29,WH5F+26|WJ8X+F5W,weekday_afternoon,23.7,6,3,13,4.33,Double Decker Flyover
2026-01-29,WGG8+G5|XH7P+G6,weekday_afternoon,20.14,6,4,13,3.25,Mysore Road
2026-01-29,WP44+W8|WJFH+XQ,weekday_afternoon,19.46,6,5,13,2.17,Sarjapur Road
2026-01-29,2HM2+P8|XJV5+RG,weekday_afternoon,18.92,6,6,13,1.08,North Inner Ring
2026-01-29,XMW9+G8|WMJR+V4,weekday_afternoon,18.68,6,7,13,0.0,East Outer Ring
2026-01-29,XPC7+72|XM33+J3,weekday_afternoon,17.29,6,8,13,-1.08,Old Airport Road
2026-01-29,XHJ7+MG|WJM6+VC,weekday_afternoon,16.64,6,9,13,-2.17,Central Diagonal 1
2026-01-29,XG48+2W|VHWC+C3,weekday_afternoon,16.31,6,10,13,-3.25,South Outer Ring
2026-01-29,XJPW+92|WJP4+FF,weekday_afternoon,15.59,6,11,13,-4.33,East Inner Ring
2026-01-29,2HVW+G8|XJXR+WG,weekday_afternoon,15.32,6,12,13,-5.42,North Outer Ring
2026-01-29,WHR9+R6|XJGF+6J,weekday_afternoon,14.93,6,13,13,-6.5,Central Diagonal 2
2026-01-30,XJG4+7J|5PX4+HQ,weekday_afternoon,32.6,6,1,13,6.5,Airport Expy
2026-01-30,VJRQ+2M|RMJJ+F4,weekday_afternoon,26.95,6,2,13,5.42,Hosur Road
2026-01-30,WH5F+26|WJ8X+F5W,weekday_afternoon,23.59,6,3,13,4.33,Double Decker Flyover
2026-01-30,XMW9+G8|WMJR+V4,weekday_afternoon,23.53,6,4,13,3.25,East Outer Ring
2026-01-30,2HM2+P8|XJV5+RG,weekday_afternoon,19.49,6,5,13,2.17,North Inner Ring
2026-01-30,WP44+W8|WJFH+XQ,weekday_afternoon,19.17,6,6,13,1.08,Sarjapur Road
2026-01-30,WGG8+G5|XH7P+G6,weekday_afternoon,19.16,6,7,13,0.0,Mysore Road
2026-01-30,2HVW+G8|XJXR+WG,weekday_afternoon,18.8,6,8,13,-1.08,North Outer Ring
2026-01-30,XPC7+72|XM33+J3,weekday_afternoon,18.66,6,9,13,-2.17,Old Airport Road
2026-01-30,XHJ7+MG|WJM6+VC,weekday_afternoon,17.7,6,10,13,-3.25,Central Diagonal 1
2026-01-30,XJPW+92|WJP4+FF,weekday_afternoon,16.58,6,11,13,-4.33,East Inner Ring
2026-01-30,XG48+2W|VHWC+C3,weekday_afternoon,16.04,6,12,13,-5.42,South Outer Ring
2026-01-30,WHR9+R6|XJGF+6J,weekday_afternoon,15.17,6,13,13,-6.5,Central Diagonal 2
2026-02-02,XJG4+7J|5PX4+HQ,weekday_afternoon,34.68,6,1,13,6.5,Airport Expy
2026-02-02,VJRQ+2M|RMJJ+F4,weekday_afternoon,27.23,6,2,13,5.42,Hosur Road
2026-02-02,WH5F+26|WJ8X+F5W,weekday_afternoon,23.46,6,3,13,4.33,Double Decker Flyover
2026-02-02,XMW9+G8|WMJR+V4,weekday_afternoon,22.09,6,4,13,3.25,East Outer Ring
2026-02-02,WGG8+G5|XH7P+G6,weekday_afternoon,20.27,6,5,13,2.17,Mysore Road
2026-02-02,2HVW+G8|XJXR+WG,weekday_afternoon,18.96,6,6,13,1.08,North Outer Ring
2026-02-02,2HM2+P8|XJV5+RG,weekday_afternoon,18.54,6,7,13,0.0,North Inner Ring
2026-02-02,XHJ7+MG|WJM6+VC,weekday_afternoon,18.54,6,8,13,-1.08,Central Diagonal 1
2026-02-02,WP44+W8|WJFH+XQ,weekday_afternoon,18.37,6,9,13,-2.17,Sarjapur Road
2026-02-02,XPC7+72|XM33+J3,weekday_afternoon,18.22,6,10,13,-3.25,Old Airport Road
2026-02-02,XJPW+92|WJP4+FF,weekday_afternoon,17.11,6,11,13,-4.33,East Inner Ring
2026-02-02,XG48+2W|VHWC+C3,weekday_afternoon,15.6,6,12,13,-5.42,South Outer Ring
2026-02-02,WHR9+R6|XJGF+6J,weekday_afternoon,15.56,6,13,13,-6.5,Central Diagonal 2
2026-02-03,XJG4+7J|5PX4+HQ,weekday_afternoon,34.29,6,1,13,6.5,Airport Expy
2026-02-03,VJRQ+2M|RMJJ+F4,weekday_afternoon,27.06,6,2,13,5.42,Hosur Road
2026-02-03,WH5F+26|WJ8X+F5W,weekday_afternoon,23.89,6,3,13,4.33,Double Decker Flyover
2026-02-03,WGG8+G5|XH7P+G6,weekday_afternoon,21.0,6,4,13,3.25,Mysore Road
2026-02-03,XMW9+G8|WMJR+V4,weekday_afternoon,20.77,6,5,13,2.17,East Outer Ring
2026-02-03,2HM2+P8|XJV5+RG,weekday_afternoon,19.63,6,6,13,1.08,North Inner Ring
2026-02-03,XHJ7+MG|WJM6+VC,weekday_afternoon,18.16,6,7,13,0.0,Central Diagonal 1
2026-02-03,WP44+W8|WJFH+XQ,weekday_afternoon,17.84,6,8,13,-1.08,Sarjapur Road
2026-02-03,2HVW+G8|XJXR+WG,weekday_afternoon,17.79,6,9,13,-2.17,North Outer Ring
2026-02-03,XPC7+72|XM33+J3,weekday_afternoon,17.61,6,10,13,-3.25,Old Airport Road
2026-02-03,XJPW+92|WJP4+FF,weekday_afternoon,16.18,6,11,13,-4.33,East Inner Ring
2026-02-03,XG48+2W|VHWC+C3,weekday_afternoon,16.08,6,12,13,-5.42,South Outer Ring
2026-02-03,WHR9+R6|XJGF+6J,weekday_afternoon,15.52,6,13,13,-6.5,Central Diagonal 2
2026-02-04,XJG4+7J|5PX4+HQ,weekday_afternoon,33.17,6,1,13,6.5,Airport Expy
2026-02-04,VJRQ+2M|RMJJ+F4,weekday_afternoon,27.03,6,2,13,5.42,Hosur Road
2026-02-04,WH5F+26|WJ8X+F5W,weekday_afternoon,23.62,6,3,13,4.33,Double Decker Flyover
2026-02-04,WGG8+G5|XH7P+G6,weekday_afternoon,20.75,6,4,13,3.25,Mysore Road
2026-02-04,2HM2+P8|XJV5+RG,weekday_afternoon,19.37,6,5,13,2.17,North Inner Ring
2026-02-04,WP44+W8|WJFH+XQ,weekday_afternoon,17.88,6,6,13,1.08,Sarjapur Road
2026-02-04,XHJ7+MG|WJM6+VC,weekday_afternoon,17.37,6,7,13,0.0,Central Diagonal 1
2026-02-04,XMW9+G8|WMJR+V4,weekday_afternoon,16.68,6,8,13,-1.08,East Outer Ring
2026-02-04,XJPW+92|WJP4+FF,weekday_afternoon,16.36,6,9,13,-2.17,East Inner Ring
2026-02-04,XPC7+72|XM33+J3,weekday_afternoon,16.34,6,10,13,-3.25,Old Airport Road
2026-02-04,2HVW+G8|XJXR+WG,weekday_afternoon,16.08,6,11,13,-4.33,North Outer Ring
2026-02-04,XG48+2W|VHWC+C3,weekday_afternoon,15.85,6,12,13,-5.42,South Outer Ring
2026-02-04,WHR9+R6|XJGF+6J,weekday_afternoon,15.74,6,13,13,-6.5,Central Diagonal 2
2026-02-05,XJG4+7J|5PX4+HQ,weekday_afternoon,30.24,6,1,13,6.5,Airport Expy
2026-02-05,VJRQ+2M|RMJJ+F4,weekday_afternoon,26.34,6,2,13,5.42,Hosur Road
2026-02-05,WH5F+26|WJ8X+F5W,weekday_afternoon,21.38,6,3,13,4.33,Double Decker Flyover
2026-02-05,WGG8+G5|XH7P+G6,weekday_afternoon,19.59,6,4,13,3.25,Mysore Road
2026-02-05,XMW9+G8|WMJR+V4,weekday_afternoon,19.24,6,5,13,2.17,East Outer Ring
2026-02-05,2HM2+P8|XJV5+RG,weekday_afternoon,17.54,6,6,13,1.08,North Inner Ring
2026-02-05,WP44+W8|WJFH+XQ,weekday_afternoon,17.13,6,7,13,0.0,Sarjapur Road
2026-02-05,XPC7+72|XM33+J3,weekday_afternoon,15.99,6,8,13,-1.08,Old Airport Road
2026-02-05,XHJ7+MG|WJM6+VC,weekday_afternoon,15.86,6,9,13,-2.17,Central Diagonal 1
2026-02-05,XG48+2W|VHWC+C3,weekday_afternoon,15.44,6,10,13,-3.25,South Outer Ring
2026-02-05,2HVW+G8|XJXR+WG,weekday_afternoon,15.22,6,11,13,-4.33,North Outer Ring
2026-02-05,XJPW+92|WJP4+FF,weekday_afternoon,14.76,6,12,13,-5.42,East Inner Ring
2026-02-05,WHR9+R6|XJGF+6J,weekday_afternoon,13.86,6,13,13,-6.5,Central Diagonal 2
2026-02-09,XJG4+7J|5PX4+HQ,weekday_afternoon,33.72,4,1,13,6.5,Airport Expy
2026-02-09,VJRQ+2M|RMJJ+F4,weekday_afternoon,26.82,4,2,13,5.42,Hosur Road
2026-02-09,XMW9+G8|WMJR+V4,weekday_afternoon,23.62,4,3,13,4.33,East Outer Ring
2026-02-09,WH5F+26|WJ8X+F5W,weekday_afternoon,23.0,4,4,13,3.25,Double Decker Flyover
2026-02-09,WGG8+G5|XH7P+G6,weekday_afternoon,21.23,4,5,13,2.17,Mysore Road
2026-02-09,2HM2+P8|XJV5+RG,weekday_afternoon,20.1,4,6,13,1.08,North Inner Ring
2026-02-09,WP44+W8|WJFH+XQ,weekday_afternoon,19.58,4,7,13,0.0,Sarjapur Road
2026-02-09,2HVW+G8|XJXR+WG,weekday_afternoon,18.71,4,8,13,-1.08,North Outer Ring
2026-02-09,XPC7+72|XM33+J3,weekday_afternoon,17.91,4,9,13,-2.17,Old Airport Road
2026-02-09,XHJ7+MG|WJM6+VC,weekday_afternoon,17.18,4,10,13,-3.25,Central Diagonal 1
2026-02-09,XJPW+92|WJP4+FF,weekday_afternoon,17.05,4,11,13,-4.33,East Inner Ring
2026-02-09,WHR9+R6|XJGF+6J,weekday_afternoon,16.14,4,12,13,-5.42,Central Diagonal 2
2026-02-09,XG48+2W|VHWC+C3,weekday_afternoon,16.08,4,13,13,-6.5,South Outer Ring
2026-02-10,XJG4+7J|5PX4+HQ,weekday_afternoon,34.7,3,1,13,6.5,Airport Expy
2026-02-10,VJRQ+2M|RMJJ+F4,weekday_afternoon,28.03,3,2,13,5.42,Hosur Road
2026-02-10,WH5F+26|WJ8X+F5W,weekday_afternoon,24.27,3,3,13,4.33,Double Decker Flyover
2026-02-10,WGG8+G5|XH7P+G6,weekday_afternoon,21.21,3,4,13,3.25,Mysore Road
2026-02-10,2HM2+P8|XJV5+RG,weekday_afternoon,20.18,3,5,13,2.17,North Inner Ring
2026-02-10,XHJ7+MG|WJM6+VC,weekday_afternoon,18.6,3,6,13,1.08,Central Diagonal 1
2026-02-10,WP44+W8|WJFH+XQ,weekday_afternoon,17.34,3,7,13,0.0,Sarjapur Road
2026-02-10,XMW9+G8|WMJR+V4,weekday_afternoon,16.98,3,8,13,-1.08,East Outer Ring
2026-02-10,XPC7+72|XM33+J3,weekday_afternoon,16.59,3,9,13,-2.17,Old Airport Road
2026-02-10,XJPW+92|WJP4+FF,weekday_afternoon,16.48,3,10,13,-3.25,East Inner Ring
2026-02-10,XG48+2W|VHWC+C3,weekday_afternoon,16.46,3,11,13,-4.33,South Outer Ring
2026-02-10,2HVW+G8|XJXR+WG,weekday_afternoon,15.77,3,12,13,-5.42,North Outer Ring
2026-02-10,WHR9+R6|XJGF+6J,weekday_afternoon,15.46,3,13,13,-6.5,Central Diagonal 2
2026-02-11,XJG4+7J|5PX4+HQ,weekday_afternoon,33.31,6,1,13,6.5,Airport Expy
2026-02-11,VJRQ+2M|RMJJ+F4,weekday_afternoon,26.13,6,2,13,5.42,Hosur Road
2026-02-11,WH5F+26|WJ8X+F5W,weekday_afternoon,24.04,6,3,13,4.33,Double Decker Flyover
2026-02-11,WGG8+G5|XH7P+G6,weekday_afternoon,19.66,6,4,13,3.25,Mysore Road
2026-02-11,2HM2+P8|XJV5+RG,weekday_afternoon,18.71,6,5,13,2.17,North Inner Ring
2026-02-11,XHJ7+MG|WJM6+VC,weekday_afternoon,17.14,6,6,13,1.08,Central Diagonal 1
2026-02-11,XMW9+G8|WMJR+V4,weekday_afternoon,17.12,6,7,13,0.0,East Outer Ring
2026-02-11,XPC7+72|XM33+J3,weekday_afternoon,16.89,6,8,13,-1.08,Old Airport Road
2026-02-11,WP44+W8|WJFH+XQ,weekday_afternoon,16.62,6,9,13,-2.17,Sarjapur Road
2026-02-11,XG48+2W|VHWC+C3,weekday_afternoon,15.63,6,10,13,-3.25,South Outer Ring
2026-02-11,WHR9+R6|XJGF+6J,weekday_afternoon,15.48,6,11,13,-4.33,Central Diagonal 2
2026-02-11,2HVW+G8|XJXR+WG,weekday_afternoon,15.09,6,12,13,-5.42,North Outer Ring
2026-02-11,XJPW+92|WJP4+FF,weekday_afternoon,14.96,6,13,13,-6.5,East Inner Ring
2026-02-12,XJG4+7J|5PX4+HQ,weekday_afternoon,33.32,6,1,13,6.5,Airport Expy
2026-02-12,VJRQ+2M|RMJJ+F4,weekday_afternoon,27.41,6,2,13,5.42,Hosur Road
2026-02-12,WH5F+26|WJ8X+F5W,weekday_afternoon,24.01,6,3,13,4.33,Double Decker Flyover
2026-02-12,WGG8+G5|XH7P+G6,weekday_afternoon,20.23,6,4,13,3.25,Mysore Road
2026-02-12,XMW9+G8|WMJR+V4,weekday_afternoon,19.8,6,5,13,2.17,East Outer Ring
2026-02-12,2HM2+P8|XJV5+RG,weekday_afternoon,19.79,6,6,13,1.08,North Inner Ring
2026-02-12,WP44+W8|WJFH+XQ,weekday_afternoon,17.85,6,7,13,0.0,Sarjapur Road
2026-02-12,XPC7+72|XM33+J3,weekday_afternoon,17.47,6,8,13,-1.08,Old Airport Road
2026-02-12,XG48+2W|VHWC+C3,weekday_afternoon,16.84,6,9,13,-2.17,South Outer Ring
2026-02-12,XHJ7+MG|WJM6+VC,weekday_afternoon,16.66,6,10,13,-3.25,Central Diagonal 1
2026-02-12,2HVW+G8|XJXR+WG,weekday_afternoon,16.65,6,11,13,-4.33,North Outer Ring
2026-02-12,XJPW+92|WJP4+FF,weekday_afternoon,16.3,6,12,13,-5.42,East Inner Ring
2026-02-12,WHR9+R6|XJGF+6J,weekday_afternoon,15.06,6,13,13,-6.5,Central Diagonal 2
2026-02-13,XJG4+7J|5PX4+HQ,weekday_afternoon,31.8,6,1,13,6.5,Airport Expy
2026-02-13,VJRQ+2M|RMJJ+F4,weekday_afternoon,27.01,6,2,13,5.42,Hosur Road
2026-02-13,XMW9+G8|WMJR+V4,weekday_afternoon,23.17,6,3,13,4.33,East Outer Ring
2026-02-13,WH5F+26|WJ8X+F5W,weekday_afternoon,23.08,6,4,13,3.25,Double Decker Flyover
2026-02-13,WGG8+G5|XH7P+G6,weekday_afternoon,20.12,6,5,13,2.17,Mysore Road
2026-02-13,2HM2+P8|XJV5+RG,weekday_afternoon,18.98,6,6,13,1.08,North Inner Ring
2026-02-13,2HVW+G8|XJXR+WG,weekday_afternoon,18.63,6,7,13,0.0,North Outer Ring
2026-02-13,XHJ7+MG|WJM6+VC,weekday_afternoon,18.02,6,8,13,-1.08,Central Diagonal 1
2026-02-13,WP44+W8|WJFH+XQ,weekday_afternoon,17.95,6,9,13,-2.17,Sarjapur Road
2026-02-13,XPC7+72|XM33+J3,weekday_afternoon,17.92,6,10,13,-3.25,Old Airport Road
2026-02-13,XJPW+92|WJP4+FF,weekday_afternoon,16.89,6,11,13,-4.33,East Inner Ring
2026-02-13,XG48+2W|VHWC+C3,weekday_afternoon,15.9,6,12,13,-5.42,South Outer Ring
2026-02-13,WHR9+R6|XJGF+6J,weekday_afternoon,15.46,6,13,13,-6.5,Central Diagonal 2
2026-02-16,XJG4+7J|5PX4+HQ,weekday_afternoon,34.25,5,1,13,6.5,Airport Expy
2026-02-16,VJRQ+2M|RMJJ+F4,weekday_afternoon,28.79,5,2,13,5.42,Hosur Road
2026-02-16,XMW9+G8|WMJR+V4,weekday_afternoon,25.7,5,3,13,4.33,East Outer Ring
2026-02-16,WH5F+26|WJ8X+F5W,weekday_afternoon,24.46,5,4,13,3.25,Double Decker Flyover
2026-02-16,WGG8+G5|XH7P+G6,weekday_afternoon,21.41,5,5,13,2.17,Mysore Road
2026-02-16,WP44+W8|WJFH+XQ,weekday_afternoon,19.73,5,6,13,1.08,Sarjapur Road
2026-02-16,2HM2+P8|XJV5+RG,weekday_afternoon,19.26,5,7,13,0.0,North Inner Ring
2026-02-16,XPC7+72|XM33+J3,weekday_afternoon,18.77,5,8,13,-1.08,Old Airport Road
2026-02-16,XHJ7+MG|WJM6+VC,weekday_afternoon,18.61,5,9,13,-2.17,Central Diagonal 1
2026-02-16,2HVW+G8|XJXR+WG,weekday_afternoon,17.89,5,10,13,-3.25,North Outer Ring
2026-02-16,XJPW+92|WJP4+FF,weekday_afternoon,17.13,5,11,13,-4.33,East Inner Ring
2026-02-16,XG48+2W|VHWC+C3,weekday_afternoon,15.74,5,12,13,-5.42,South Outer Ring
2026-02-16,WHR9+R6|XJGF+6J,weekday_afternoon,15.44,5,13,13,-6.5,Central Diagonal 2
2026-02-17,XJG4+7J|5PX4+HQ,weekday_afternoon,34.18,6,1,13,6.5,Airport Expy
2026-02-17,VJRQ+2M|RMJJ+F4,weekday_afternoon,28.3,6,2,13,5.42,Hosur Road
2026-02-17,WH5F+26|WJ8X+F5W,weekday_afternoon,24.09,6,3,13,4.33,Double Decker Flyover
2026-02-17,XMW9+G8|WMJR+V4,weekday_afternoon,21.57,6,4,13,3.25,East Outer Ring
2026-02-17,WGG8+G5|XH7P+G6,weekday_afternoon,21.34,6,5,13,2.17,Mysore Road
2026-02-17,2HM2+P8|XJV5+RG,weekday_afternoon,19.83,6,6,13,1.08,North Inner Ring
2026-02-17,XHJ7+MG|WJM6+VC,weekday_afternoon,18.24,6,7,13,0.0,Central Diagonal 1
2026-02-17,WP44+W8|WJFH+XQ,weekday_afternoon,18.05,6,8,13,-1.08,Sarjapur Road
2026-02-17,XPC7+72|XM33+J3,weekday_afternoon,17.94,6,9,13,-2.17,Old Airport Road
2026-02-17,2HVW+G8|XJXR+WG,weekday_afternoon,16.94,6,10,13,-3.25,North Outer Ring
2026-02-17,XJPW+92|WJP4+FF,weekday_afternoon,16.72,6,11,13,-4.33,East Inner Ring
2026-02-17,XG48+2W|VHWC+C3,weekday_afternoon,16.47,6,12,13,-5.42,South Outer Ring
2026-02-17,WHR9+R6|XJGF+6J,weekday_afternoon,15.87,6,13,13,-6.5,Central Diagonal 2
2026-02-18,XJG4+7J|5PX4+HQ,weekday_afternoon,33.1,6,1,13,6.5,Airport Expy
2026-02-18,VJRQ+2M|RMJJ+F4,weekday_afternoon,26.28,6,2,13,5.42,Hosur Road
2026-02-18,WH5F+26|WJ8X+F5W,weekday_afternoon,23.53,6,3,13,4.33,Double Decker Flyover
2026-02-18,WGG8+G5|XH7P+G6,weekday_afternoon,20.09,6,4,13,3.25,Mysore Road
2026-02-18,XMW9+G8|WMJR+V4,weekday_afternoon,19.27,6,5,13,2.17,East Outer Ring
2026-02-18,2HM2+P8|XJV5+RG,weekday_afternoon,19.18,6,6,13,1.08,North Inner Ring
2026-02-18,WP44+W8|WJFH+XQ,weekday_afternoon,18.78,6,7,13,0.0,Sarjapur Road
2026-02-18,XPC7+72|XM33+J3,weekday_afternoon,17.56,6,8,13,-1.08,Old Airport Road
2026-02-18,XHJ7+MG|WJM6+VC,weekday_afternoon,17.31,6,9,13,-2.17,Central Diagonal 1
2026-02-18,XJPW+92|WJP4+FF,weekday_afternoon,15.54,6,10,13,-3.25,East Inner Ring
2026-02-18,XG48+2W|VHWC+C3,weekday_afternoon,15.31,6,11,13,-4.33,South Outer Ring
2026-02-18,2HVW+G8|XJXR+WG,weekday_afternoon,15.12,6,12,13,-5.42,North Outer Ring
2026-02-18,WHR9+R6|XJGF+6J,weekday_afternoon,14.98,6,13,13,-6.5,Central Diagonal 2
2026-02-19,XJG4+7J|5PX4+HQ,weekday_afternoon,33.06,6,1,13,6.5,Airport Expy
2026-02-19,VJRQ+2M|RMJJ+F4,weekday_afternoon,26.88,6,2,13,5.42,Hosur Road
2026-02-19,WH5F+26|WJ8X+F5W,weekday_afternoon,22.83,6,3,13,4.33,Double Decker Flyover
2026-02-19,XMW9+G8|WMJR+V4,weekday_afternoon,21.46,6,4,13,3.25,East Outer Ring
2026-02-19,WGG8+G5|XH7P+G6,weekday_afternoon,20.15,6,5,13,2.17,Mysore Road
2026-02-19,2HM2+P8|XJV5+RG,weekday_afternoon,19.79,6,6,13,1.08,North Inner Ring
2026-02-19,WP44+W8|WJFH+XQ,weekday_afternoon,19.08,6,7,13,0.0,Sarjapur Road
2026-02-19,XPC7+72|XM33+J3,weekday_afternoon,18.93,6,8,13,-1.08,Old Airport Road
2026-02-19,XHJ7+MG|WJM6+VC,weekday_afternoon,17.1,6,9,13,-2.17,Central Diagonal 1
2026-02-19,XJPW+92|WJP4+FF,weekday_afternoon,16.77,6,10,13,-3.25,East Inner Ring
2026-02-19,XG48+2W|VHWC+C3,weekday_afternoon,16.44,6,11,13,-4.33,South Outer Ring
2026-02-19,2HVW+G8|XJXR+WG,weekday_afternoon,16.09,6,12,13,-5.42,North Outer Ring
2026-02-19,WHR9+R6|XJGF+6J,weekday_afternoon,15.17,6,13,13,-6.5,Central Diagonal 2
2026-02-20,XJG4+7J|5PX4+HQ,weekday_afternoon,31.98,6,1,13,6.5,Airport Expy
2026-02-20,VJRQ+2M|RMJJ+F4,weekday_afternoon,25.87,6,2,13,5.42,Hosur Road
2026-02-20,WH5F+26|WJ8X+F5W,weekday_afternoon,23.57,6,3,13,4.33,Double Decker Flyover
2026-02-20,XMW9+G8|WMJR+V4,weekday_afternoon,22.86,6,4,13,3.25,East Outer Ring
2026-02-20,WGG8+G5|XH7P+G6,weekday_afternoon,19.92,6,5,13,2.17,Mysore Road
2026-02-20,2HM2+P8|XJV5+RG,weekday_afternoon,18.75,6,6,13,1.08,North Inner Ring
2026-02-20,XPC7+72|XM33+J3,weekday_afternoon,17.79,6,7,13,0.0,Old Airport Road
2026-02-20,WP44+W8|WJFH+XQ,weekday_afternoon,17.77,6,8,13,-1.08,Sarjapur Road
2026-02-20,XHJ7+MG|WJM6+VC,weekday_afternoon,17.59,6,9,13,-2.17,Central Diagonal 1
2026-02-20,2HVW+G8|XJXR+WG,weekday_afternoon,17.53,6,10,13,-3.25,North Outer Ring
2026-02-20,XJPW+92|WJP4+FF,weekday_afternoon,16.47,6,11,13,-4.33,East Inner Ring
2026-02-20,XG48+2W|VHWC+C3,weekday_afternoon,15.38,6,12,13,-5.42,South Outer Ring
2026-02-20,WHR9+R6|XJGF+6J,weekday_afternoon,15.23,6,13,13,-6.5,Central Diagonal 2
2026-02-23,XJG4+7J|5PX4+HQ,weekday_afternoon,34.84,6,1,13,6.5,Airport Expy
2026-02-23,VJRQ+2M|RMJJ+F4,weekday_afternoon,27.55,6,2,13,5.42,Hosur Road
2026-02-23,WH5F+26|WJ8X+F5W,weekday_afternoon,23.87,6,3,13,4.33,Double Decker Flyover
2026-02-23,XMW9+G8|WMJR+V4,weekday_afternoon,23.16,6,4,13,3.25,East Outer Ring
2026-02-23,WGG8+G5|XH7P+G6,weekday_afternoon,21.0,6,5,13,2.17,Mysore Road
2026-02-23,WP44+W8|WJFH+XQ,weekday_afternoon,20.34,6,6,13,1.08,Sarjapur Road
2026-02-23,2HM2+P8|XJV5+RG,weekday_afternoon,19.41,6,7,13,0.0,North Inner Ring
2026-02-23,XPC7+72|XM33+J3,weekday_afternoon,18.83,6,8,13,-1.08,Old Airport Road
2026-02-23,XHJ7+MG|WJM6+VC,weekday_afternoon,18.11,6,9,13,-2.17,Central Diagonal 1
2026-02-23,2HVW+G8|XJXR+WG,weekday_afternoon,17.6,6,10,13,-3.25,North Outer Ring
2026-02-23,XJPW+92|WJP4+FF,weekday_afternoon,17.33,6,11,13,-4.33,East Inner Ring
2026-02-23,XG48+2W|VHWC+C3,weekday_afternoon,16.26,6,12,13,-5.42,South Outer Ring
2026-02-23,WHR9+R6|XJGF+6J,weekday_afternoon,15.7,6,13,13,-6.5,Central Diagonal 2
2026-02-24,XJG4+7J|5PX4+HQ,weekday_afternoon,33.97,6,1,13,6.5,Airport Expy
2026-02-24,VJRQ+2M|RMJJ+F4,weekday_afternoon,27.9,6,2,13,5.42,Hosur Road
2026-02-24,WH5F+26|WJ8X+F5W,weekday_afternoon,22.77,6,3,13,4.33,Double Decker Flyover
2026-02-24,XMW9+G8|WMJR+V4,weekday_afternoon,21.2,6,4,13,3.25,East Outer Ring
2026-02-24,WGG8+G5|XH7P+G6,weekday_afternoon,20.96,6,5,13,2.17,Mysore Road
2026-02-24,2HM2+P8|XJV5+RG,weekday_afternoon,19.43,6,6,13,1.08,North Inner Ring
2026-02-24,WP44+W8|WJFH+XQ,weekday_afternoon,19.18,6,7,13,0.0,Sarjapur Road
2026-02-24,XHJ7+MG|WJM6+VC,weekday_afternoon,17.76,6,8,13,-1.08,Central Diagonal 1
2026-02-24,2HVW+G8|XJXR+WG,weekday_afternoon,16.94,6,9,13,-2.17,North Outer Ring
2026-02-24,XPC7+72|XM33+J3,weekday_afternoon,16.76,6,10,13,-3.25,Old Airport Road
2026-02-24,XJPW+92|WJP4+FF,weekday_afternoon,16.39,6,11,13,-4.33,East Inner Ring
2026-02-24,XG48+2W|VHWC+C3,weekday_afternoon,15.99,6,12,13,-5.42,South Outer Ring
2026-02-24,WHR9+R6|XJGF+6J,weekday_afternoon,15.84,6,13,13,-6.5,Central Diagonal 2
2026-02-25,XJG4+7J|5PX4+HQ,weekday_afternoon,33.52,6,1,13,6.5,Airport Expy
2026-02-25,VJRQ+2M|RMJJ+F4,weekday_afternoon,26.64,6,2,13,5.42,Hosur Road
2026-02-25,WH5F+26|WJ8X+F5W,weekday_afternoon,22.79,6,3,13,4.33,Double Decker Flyover
2026-02-25,WGG8+G5|XH7P+G6,weekday_afternoon,20.91,6,4,13,3.25,Mysore Road
2026-02-25,2HM2+P8|XJV5+RG,weekday_afternoon,19.05,6,5,13,2.17,North Inner Ring
2026-02-25,XHJ7+MG|WJM6+VC,weekday_afternoon,18.59,6,6,13,1.08,Central Diagonal 1
2026-02-25,WP44+W8|WJFH+XQ,weekday_afternoon,17.97,6,7,13,0.0,Sarjapur Road
2026-02-25,XPC7+72|XM33+J3,weekday_afternoon,17.41,6,8,13,-1.08,Old Airport Road
2026-02-25,XMW9+G8|WMJR+V4,weekday_afternoon,17.29,6,9,13,-2.17,East Outer Ring
2026-02-25,XJPW+92|WJP4+FF,weekday_afternoon,16.31,6,10,13,-3.25,East Inner Ring
2026-02-25,2HVW+G8|XJXR+WG,weekday_afternoon,16.03,6,11,13,-4.33,North Outer Ring
2026-02-25,XG48+2W|VHWC+C3,weekday_afternoon,15.37,6,12,13,-5.42,South Outer Ring
2026-02-25,WHR9+R6|XJGF+6J,weekday_afternoon,15.14,6,13,13,-6.5,Central Diagonal 2
2026-02-26,XJG4+7J|5PX4+HQ,weekday_afternoon,32.91,6,1,13,6.5,Airport Expy
2026-02-26,VJRQ+2M|RMJJ+F4,weekday_afternoon,25.78,6,2,13,5.42,Hosur Road
2026-02-26,WH5F+26|WJ8X+F5W,weekday_afternoon,22.93,6,3,13,4.33,Double Decker Flyover
2026-02-26,XMW9+G8|WMJR+V4,weekday_afternoon,21.76,6,4,13,3.25,East Outer Ring
2026-02-26,WP44+W8|WJFH+XQ,weekday_afternoon,20.0,6,5,13,2.17,Sarjapur Road
2026-02-26,WGG8+G5|XH7P+G6,weekday_afternoon,19.12,6,6,13,1.08,Mysore Road
2026-02-26,2HM2+P8|XJV5+RG,weekday_afternoon,18.85,6,7,13,0.0,North Inner Ring
2026-02-26,XHJ7+MG|WJM6+VC,weekday_afternoon,17.72,6,8,13,-1.08,Central Diagonal 1
2026-02-26,XPC7+72|XM33+J3,weekday_afternoon,16.73,6,9,13,-2.17,Old Airport Road
2026-02-26,2HVW+G8|XJXR+WG,weekday_afternoon,16.66,6,10,13,-3.25,North Outer Ring
2026-02-26,XJPW+92|WJP4+FF,weekday_afternoon,16.29,6,11,13,-4.33,East Inner Ring
2026-02-26,WHR9+R6|XJGF+6J,weekday_afternoon,15.53,6,12,13,-5.42,Central Diagonal 2
2026-02-26,XG48+2W|VHWC+C3,weekday_afternoon,15.01,6,13,13,-6.5,South Outer Ring
2026-02-27,XJG4+7J|5PX4+HQ,weekday_afternoon,32.72,6,1,13,6.5,Airport Expy
2026-02-27,VJRQ+2M|RMJJ+F4,weekday_afternoon,26.66,6,2,13,5.42,Hosur Road
2026-02-27,XMW9+G8|WMJR+V4,weekday_afternoon,24.75,6,3,13,4.33,East Outer Ring
2026-02-27,WH5F+26|WJ8X+F5W,weekday_afternoon,23.24,6,4,13,3.25,Double Decker Flyover
2026-02-27,WGG8+G5|XH7P+G6,weekday_afternoon,21.17,6,5,13,2.17,Mysore Road
2026-02-27,XPC7+72|XM33+J3,weekday_afternoon,19.73,6,6,13,1.08,Old Airport Road
2026-02-27,2HM2+P8|XJV5+RG,weekday_afternoon,19.39,6,7,13,0.0,North Inner Ring
2026-02-27,WP44+W8|WJFH+XQ,weekday_afternoon,19.17,6,8,13,-1.08,Sarjapur Road
2026-02-27,2HVW+G8|XJXR+WG,weekday_afternoon,18.83,6,9,13,-2.17,North Outer Ring
2026-02-27,XHJ7+MG|WJM6+VC,weekday_afternoon,17.77,6,10,13,-3.25,Central Diagonal 1
2026-02-27,XJPW+92|WJP4+FF,weekday_afternoon,17.13,6,11,13,-4.33,East Inner Ring
2026-02-27,XG48+2W|VHWC+C3,weekday_afternoon,15.95,6,12,13,-5.42,South Outer Ring
2026-02-27,WHR9+R6|XJGF+6J,weekday_afternoon,15.83,6,13,13,-6.5,Central Diagonal 2
2026-03-02,XJG4+7J|5PX4+HQ,weekday_afternoon,35.82,6,1,13,6.5,Airport Expy
2026-03-02,VJRQ+2M|RMJJ+F4,weekday_afternoon,27.12,6,2,13,5.42,Hosur Road
2026-03-02,WH5F+26|WJ8X+F5W,weekday_afternoon,24.18,6,3,13,4.33,Double Decker Flyover
2026-03-02,XMW9+G8|WMJR+V4,weekday_afternoon,23.18,6,4,13,3.25,East Outer Ring
2026-03-02,WP44+W8|WJFH+XQ,weekday_afternoon,21.33,6,5,13,2.17,Sarjapur Road
2026-03-02,WGG8+G5|XH7P+G6,weekday_afternoon,20.75,6,6,13,1.08,Mysore Road
2026-03-02,2HM2+P8|XJV5+RG,weekday_afternoon,20.22,6,7,13,0.0,North Inner Ring
2026-03-02,2HVW+G8|XJXR+WG,weekday_afternoon,19.54,6,8,13,-1.08,North Outer Ring
2026-03-02,XPC7+72|XM33+J3,weekday_afternoon,19.14,6,9,13,-2.17,Old Airport Road
2026-03-02,XHJ7+MG|WJM6+VC,weekday_afternoon,18.74,6,10,13,-3.25,Central Diagonal 1
2026-03-02,XJPW+92|WJP4+FF,weekday_afternoon,17.7,6,11,13,-4.33,East Inner Ring
2026-03-02,XG48+2W|VHWC+C3,weekday_afternoon,16.57,6,12,13,-5.42,South Outer Ring
2026-03-02,WHR9+R6|XJGF+6J,weekday_afternoon,16.0,6,13,13,-6.5,Central Diagonal 2
2026-03-03,XJG4+7J|5PX4+HQ,weekday_afternoon,37.15,6,1,13,6.5,Airport Expy
2026-03-03,VJRQ+2M|RMJJ+F4,weekday_afternoon,28.18,6,2,13,5.42,Hosur Road
2026-03-03,XMW9+G8|WMJR+V4,weekday_afternoon,24.75,6,3,13,4.33,East Outer Ring
2026-03-03,WH5F+26|WJ8X+F5W,weekday_afternoon,24.31,6,4,13,3.25,Double Decker Flyover
2026-03-03,WGG8+G5|XH7P+G6,weekday_afternoon,22.16,6,5,13,2.17,Mysore Road
2026-03-03,WP44+W8|WJFH+XQ,weekday_afternoon,21.98,6,6,13,1.08,Sarjapur Road
2026-03-03,2HVW+G8|XJXR+WG,weekday_afternoon,21.63,6,7,13,0.0,North Outer Ring
2026-03-03,2HM2+P8|XJV5+RG,weekday_afternoon,20.51,6,8,13,-1.08,North Inner Ring
2026-03-03,XPC7+72|XM33+J3,weekday_afternoon,20.1,6,9,13,-2.17,Old Airport Road
2026-03-03,XHJ7+MG|WJM6+VC,weekday_afternoon,19.72,6,10,13,-3.25,Central Diagonal 1
2026-03-03,XJPW+92|WJP4+FF,weekday_afternoon,17.88,6,11,13,-4.33,East Inner Ring
2026-03-03,WHR9+R6|XJGF+6J,weekday_afternoon,16.75,6,12,13,-5.42,Central Diagonal 2
2026-03-03,XG48+2W|VHWC+C3,weekday_afternoon,16.42,6,13,13,-6.5,South Outer Ring
2026-03-04,XJG4+7J|5PX4+HQ,weekday_afternoon,35.57,6,1,13,6.5,Airport Expy
2026-03-04,VJRQ+2M|RMJJ+F4,weekday_afternoon,26.85,6,2,13,5.42,Hosur Road
2026-03-04,XMW9+G8|WMJR+V4,weekday_afternoon,26.21,6,3,13,4.33,East Outer Ring
2026-03-04,WH5F+26|WJ8X+F5W,weekday_afternoon,23.72,6,4,13,3.25,Double Decker Flyover
2026-03-04,WGG8+G5|XH7P+G6,weekday_afternoon,21.95,6,5,13,2.17,Mysore Road
2026-03-04,WP44+W8|WJFH+XQ,weekday_afternoon,19.64,6,6,13,1.08,Sarjapur Road
2026-03-04,2HVW+G8|XJXR+WG,weekday_afternoon,19.48,6,7,13,0.0,North Outer Ring
2026-03-04,2HM2+P8|XJV5+RG,weekday_afternoon,19.32,6,8,13,-1.08,North Inner Ring
2026-03-04,XHJ7+MG|WJM6+VC,weekday_afternoon,18.84,6,9,13,-2.17,Central Diagonal 1
2026-03-04,XPC7+72|XM33+J3,weekday_afternoon,18.62,6,10,13,-3.25,Old Airport Road
2026-03-04,XJPW+92|WJP4+FF,weekday_afternoon,17.31,6,11,13,-4.33,East Inner Ring
2026-03-04,XG48+2W|VHWC+C3,weekday_afternoon,15.87,6,12,13,-5.42,South Outer Ring
2026-03-04,WHR9+R6|XJGF+6J,weekday_afternoon,15.63,6,13,13,-6.5,Central Diagonal 2
2026-03-05,XJG4+7J|5PX4+HQ,weekday_afternoon,32.45,6,1,13,6.5,Airport Expy
2026-03-05,VJRQ+2M|RMJJ+F4,weekday_afternoon,28.63,6,2,13,5.42,Hosur Road
2026-03-05,WH5F+26|WJ8X+F5W,weekday_afternoon,23.01,6,3,13,4.33,Double Decker Flyover
2026-03-05,XMW9+G8|WMJR+V4,weekday_afternoon,22.24,6,4,13,3.25,East Outer Ring
2026-03-05,WP44+W8|WJFH+XQ,weekday_afternoon,20.76,6,5,13,2.17,Sarjapur Road
2026-03-05,WGG8+G5|XH7P+G6,weekday_afternoon,19.99,6,6,13,1.08,Mysore Road
2026-03-05,2HM2+P8|XJV5+RG,weekday_afternoon,19.43,6,7,13,0.0,North Inner Ring
2026-03-05,XPC7+72|XM33+J3,weekday_afternoon,18.07,6,8,13,-1.08,Old Airport Road
2026-03-05,XHJ7+MG|WJM6+VC,weekday_afternoon,17.23,6,9,13,-2.17,Central Diagonal 1
2026-03-05,XJPW+92|WJP4+FF,weekday_afternoon,17.05,6,10,13,-3.25,East Inner Ring
2026-03-05,2HVW+G8|XJXR+WG,weekday_afternoon,15.76,6,11,13,-4.33,North Outer Ring
2026-03-05,XG48+2W|VHWC+C3,weekday_afternoon,15.47,6,12,13,-5.42,South Outer Ring
2026-03-05,WHR9+R6|XJGF+6J,weekday_afternoon,15.39,6,13,13,-6.5,Central Diagonal 2
2026-03-06,XJG4+7J|5PX4+HQ,weekday_afternoon,33.8,6,1,13,6.5,Airport Expy
2026-03-06,VJRQ+2M|RMJJ+F4,weekday_afternoon,27.06,6,2,13,5.42,Hosur Road
2026-03-06,WH5F+26|WJ8X+F5W,weekday_afternoon,23.74,6,3,13,4.33,Double Decker Flyover
2026-03-06,XMW9+G8|WMJR+V4,weekday_afternoon,21.83,6,4,13,3.25,East Outer Ring
2026-03-06,WGG8+G5|XH7P+G6,weekday_afternoon,20.88,6,5,13,2.17,Mysore Road
2026-03-06,2HVW+G8|XJXR+WG,weekday_afternoon,19.94,6,6,13,1.08,North Outer Ring
2026-03-06,2HM2+P8|XJV5+RG,weekday_afternoon,19.92,6,7,13,0.0,North Inner Ring
2026-03-06,WP44+W8|WJFH+XQ,weekday_afternoon,19.78,6,8,13,-1.08,Sarjapur Road
2026-03-06,XPC7+72|XM33+J3,weekday_afternoon,19.18,6,9,13,-2.17,Old Airport Road
2026-03-06,XHJ7+MG|WJM6+VC,weekday_afternoon,18.11,6,10,13,-3.25,Central Diagonal 1
2026-03-06,XJPW+92|WJP4+FF,weekday_afternoon,17.15,6,11,13,-4.33,East Inner Ring
2026-03-06,XG48+2W|VHWC+C3,weekday_afternoon,15.77,6,12,13,-5.42,South Outer Ring
2026-03-06,WHR9+R6|XJGF+6J,weekday_afternoon,15.4,6,13,13,-6.5,Central Diagonal 2
2026-03-09,XJG4+7J|5PX4+HQ,weekday_afternoon,34.72,6,1,13,6.5,Airport Expy
2026-03-09,VJRQ+2M|RMJJ+F4,weekday_afternoon,27.8,6,2,13,5.42,Hosur Road
2026-03-09,WH5F+26|WJ8X+F5W,weekday_afternoon,23.77,6,3,13,4.33,Double Decker Flyover
2026-03-09,XMW9+G8|WMJR+V4,weekday_afternoon,21.1,6,4,13,3.25,East Outer Ring
2026-03-09,WGG8+G5|XH7P+G6,weekday_afternoon,20.78,6,5,13,2.17,Mysore Road
2026-03-09,WP44+W8|WJFH+XQ,weekday_afternoon,20.27,6,6,13,1.08,Sarjapur Road
2026-03-09,2HM2+P8|XJV5+RG,weekday_afternoon,20.03,6,7,13,0.0,North Inner Ring
2026-03-09,XPC7+72|XM33+J3,weekday_afternoon,18.22,6,8,13,-1.08,Old Airport Road
2026-03-09,XHJ7+MG|WJM6+VC,weekday_afternoon,17.94,6,9,13,-2.17,Central Diagonal 1
2026-03-09,XJPW+92|WJP4+FF,weekday_afternoon,17.34,6,10,13,-3.25,East Inner Ring
2026-03-09,2HVW+G8|XJXR+WG,weekday_afternoon,16.68,6,11,13,-4.33,North Outer Ring
2026-03-09,XG48+2W|VHWC+C3,weekday_afternoon,16.29,6,12,13,-5.42,South Outer Ring
2026-03-09,WHR9+R6|XJGF+6J,weekday_afternoon,15.9,6,13,13,-6.5,Central Diagonal 2
2026-03-10,XJG4+7J|5PX4+HQ,weekday_afternoon,34.43,6,1,13,6.5,Airport Expy
2026-03-10,VJRQ+2M|RMJJ+F4,weekday_afternoon,26.68,6,2,13,5.42,Hosur Road
2026-03-10,WH5F+26|WJ8X+F5W,weekday_afternoon,24.31,6,3,13,4.33,Double Decker Flyover
2026-03-10,WGG8+G5|XH7P+G6,weekday_afternoon,21.26,6,4,13,3.25,Mysore Road
2026-03-10,2HM2+P8|XJV5+RG,weekday_afternoon,19.79,6,5,13,2.17,North Inner Ring
2026-03-10,WP44+W8|WJFH+XQ,weekday_afternoon,18.84,6,6,13,1.08,Sarjapur Road
2026-03-10,XHJ7+MG|WJM6+VC,weekday_afternoon,17.67,6,7,13,0.0,Central Diagonal 1
2026-03-10,XMW9+G8|WMJR+V4,weekday_afternoon,17.42,6,8,13,-1.08,East Outer Ring
2026-03-10,2HVW+G8|XJXR+WG,weekday_afternoon,16.86,6,9,13,-2.17,North Outer Ring
2026-03-10,XPC7+72|XM33+J3,weekday_afternoon,16.61,6,10,13,-3.25,Old Airport Road
2026-03-10,XJPW+92|WJP4+FF,weekday_afternoon,16.32,6,11,13,-4.33,East Inner Ring
2026-03-10,XG48+2W|VHWC+C3,weekday_afternoon,15.97,6,12,13,-5.42,South Outer Ring
2026-03-10,WHR9+R6|XJGF+6J,weekday_afternoon,15.47,6,13,13,-6.5,Central Diagonal 2
2026-03-11,XJG4+7J|5PX4+HQ,weekday_afternoon,32.54,6,1,13,6.5,Airport Expy
2026-03-11,VJRQ+2M|RMJJ+F4,weekday_afternoon,27.01,6,2,13,5.42,Hosur Road
2026-03-11,WH5F+26|WJ8X+F5W,weekday_afternoon,22.64,6,3,13,4.33,Double Decker Flyover
2026-03-11,WGG8+G5|XH7P+G6,weekday_afternoon,21.51,6,4,13,3.25,Mysore Road
2026-03-11,2HM2+P8|XJV5+RG,weekday_afternoon,19.12,6,5,13,2.17,North Inner Ring
2026-03-11,WP44+W8|WJFH+XQ,weekday_afternoon,18.27,6,6,13,1.08,Sarjapur Road
2026-03-11,XHJ7+MG|WJM6+VC,weekday_afternoon,17.75,6,7,13,0.0,Central Diagonal 1
2026-03-11,XPC7+72|XM33+J3,weekday_afternoon,16.99,6,8,13,-1.08,Old Airport Road
2026-03-11,XJPW+92|WJP4+FF,weekday_afternoon,16.59,6,9,13,-2.17,East Inner Ring
2026-03-11,2HVW+G8|XJXR+WG,weekday_afternoon,16.34,6,10,13,-3.25,North Outer Ring
2026-03-11,XG48+2W|VHWC+C3,weekday_afternoon,15.56,6,11,13,-4.33,South Outer Ring
2026-03-11,WHR9+R6|XJGF+6J,weekday_afternoon,15.45,6,12,13,-5.42,Central Diagonal 2
2026-03-11,XMW9+G8|WMJR+V4,weekday_afternoon,15.35,6,13,13,-6.5,East Outer Ring
2026-03-12,XJG4+7J|5PX4+HQ,weekday_afternoon,32.14,6,1,13,6.5,Airport Expy
2026-03-12,VJRQ+2M|RMJJ+F4,weekday_afternoon,26.19,6,2,13,5.42,Hosur Road
2026-03-12,WH5F+26|WJ8X+F5W,weekday_afternoon,23.33,6,3,13,4.33,Double Decker Flyover
2026-03-12,WGG8+G5|XH7P+G6,weekday_afternoon,21.04,6,4,13,3.25,Mysore Road
2026-03-12,WP44+W8|WJFH+XQ,weekday_afternoon,19.26,6,5,13,2.17,Sarjapur Road
2026-03-12,2HM2+P8|XJV5+RG,weekday_afternoon,18.8,6,6,13,1.08,North Inner Ring
2026-03-12,2HVW+G8|XJXR+WG,weekday_afternoon,18.21,6,7,13,0.0,North Outer Ring
2026-03-12,XMW9+G8|WMJR+V4,weekday_afternoon,18.16,6,8,13,-1.08,East Outer Ring
2026-03-12,XPC7+72|XM33+J3,weekday_afternoon,17.76,6,9,13,-2.17,Old Airport Road
2026-03-12,XHJ7+MG|WJM6+VC,weekday_afternoon,17.11,6,10,13,-3.25,Central Diagonal 1
2026-03-12,XJPW+92|WJP4+FF,weekday_afternoon,16.82,6,11,13,-4.33,East Inner Ring
2026-03-12,WHR9+R6|XJGF+6J,weekday_afternoon,15.73,6,12,13,-5.42,Central Diagonal 2
2026-03-12,XG48+2W|VHWC+C3,weekday_afternoon,15.44,6,13,13,-6.5,South Outer Ring
2026-03-13,XJG4+7J|5PX4+HQ,weekday_afternoon,33.03,6,1,13,6.5,Airport Expy
2026-03-13,VJRQ+2M|RMJJ+F4,weekday_afternoon,24.67,6,2,13,5.42,Hosur Road
2026-03-13,WH5F+26|WJ8X+F5W,weekday_afternoon,23.94,6,3,13,4.33,Double Decker Flyover
2026-03-13,XMW9+G8|WMJR+V4,weekday_afternoon,23.01,6,4,13,3.25,East Outer Ring
2026-03-13,WGG8+G5|XH7P+G6,weekday_afternoon,20.88,6,5,13,2.17,Mysore Road
2026-03-13,2HM2+P8|XJV5+RG,weekday_afternoon,20.17,6,6,13,1.08,North Inner Ring
2026-03-13,2HVW+G8|XJXR+WG,weekday_afternoon,19.56,6,7,13,0.0,North Outer Ring
2026-03-13,XHJ7+MG|WJM6+VC,weekday_afternoon,18.33,6,8,13,-1.08,Central Diagonal 1
2026-03-13,WP44+W8|WJFH+XQ,weekday_afternoon,18.14,6,9,13,-2.17,Sarjapur Road
2026-03-13,XPC7+72|XM33+J3,weekday_afternoon,17.83,6,10,13,-3.25,Old Airport Road
2026-03-13,XJPW+92|WJP4+FF,weekday_afternoon,17.59,6,11,13,-4.33,East Inner Ring
2026-03-13,XG48+2W|VHWC+C3,weekday_afternoon,15.97,6,12,13,-5.42,South Outer Ring
2026-03-13,WHR9+R6|XJGF+6J,weekday_afternoon,15.76,6,13,13,-6.5,Central Diagonal 2
2026-03-16,XJG4+7J|5PX4+HQ,weekday_afternoon,35.42,5,1,13,6.5,Airport Expy
2026-03-16,VJRQ+2M|RMJJ+F4,weekday_afternoon,26.57,5,2,13,5.42,Hosur Road
2026-03-16,WH5F+26|WJ8X+F5W,weekday_afternoon,25.3,5,3,13,4.33,Double Decker Flyover
2026-03-16,WGG8+G5|XH7P+G6,weekday_afternoon,20.93,5,4,13,3.25,Mysore Road
2026-03-16,XMW9+G8|WMJR+V4,weekday_afternoon,20.92,5,5,13,2.17,East Outer Ring
2026-03-16,WP44+W8|WJFH+XQ,weekday_afternoon,19.34,5,6,13,1.08,Sarjapur Road
2026-03-16,2HM2+P8|XJV5+RG,weekday_afternoon,19.17,5,7,13,0.0,North Inner Ring
2026-03-16,2HVW+G8|XJXR+WG,weekday_afternoon,18.15,5,8,13,-1.08,North Outer Ring
2026-03-16,XHJ7+MG|WJM6+VC,weekday_afternoon,17.89,5,9,13,-2.17,Central Diagonal 1
2026-03-16,XJPW+92|WJP4+FF,weekday_afternoon,17.42,5,10,13,-3.25,East Inner Ring
2026-03-16,XPC7+72|XM33+J3,weekday_afternoon,16.89,5,11,13,-4.33,Old Airport Road
2026-03-16,WHR9+R6|XJGF+6J,weekday_afternoon,16.35,5,12,13,-5.42,Central Diagonal 2
2026-03-16,XG48+2W|VHWC+C3,weekday_afternoon,16.0,5,13,13,-6.5,South Outer Ring
2026-03-17,XJG4+7J|5PX4+HQ,weekday_afternoon,34.07,6,1,13,6.5,Airport Expy
2026-03-17,VJRQ+2M|RMJJ+F4,weekday_afternoon,26.52,6,2,13,5.42,Hosur Road
2026-03-17,WH5F+26|WJ8X+F5W,weekday_afternoon,25.09,6,3,13,4.33,Double Decker Flyover
2026-03-17,WGG8+G5|XH7P+G6,weekday_afternoon,21.25,6,4,13,3.25,Mysore Road
2026-03-17,2HM2+P8|XJV5+RG,weekday_afternoon,19.42,6,5,13,2.17,North Inner Ring
2026-03-17,WP44+W8|WJFH+XQ,weekday_afternoon,18.55,6,6,13,1.08,Sarjapur Road
2026-03-17,XHJ7+MG|WJM6+VC,weekday_afternoon,17.51,6,7,13,0.0,Central Diagonal 1
2026-03-17,2HVW+G8|XJXR+WG,weekday_afternoon,17.41,6,8,13,-1.08,North Outer Ring
2026-03-17,XMW9+G8|WMJR+V4,weekday_afternoon,17.28,6,9,13,-2.17,East Outer Ring
2026-03-17,XJPW+92|WJP4+FF,weekday_afternoon,16.85,6,10,13,-3.25,East Inner Ring
2026-03-17,XPC7+72|XM33+J3,weekday_afternoon,16.65,6,11,13,-4.33,Old Airport Road
2026-03-17,WHR9+R6|XJGF+6J,weekday_afternoon,16.04,6,12,13,-5.42,Central Diagonal 2
2026-03-17,XG48+2W|VHWC+C3,weekday_afternoon,15.9,6,13,13,-6.5,South Outer Ring
2026-03-18,XJG4+7J|5PX4+HQ,weekday_afternoon,33.41,6,1,13,6.5,Airport Expy
2026-03-18,VJRQ+2M|RMJJ+F4,weekday_afternoon,24.85,6,2,13,5.42,Hosur Road
2026-03-18,WH5F+26|WJ8X+F5W,weekday_afternoon,23.78,6,3,13,4.33,Double Decker Flyover
2026-03-18,WGG8+G5|XH7P+G6,weekday_afternoon,20.13,6,4,13,3.25,Mysore Road
2026-03-18,2HM2+P8|XJV5+RG,weekday_afternoon,19.91,6,5,13,2.17,North Inner Ring
2026-03-18,WP44+W8|WJFH+XQ,weekday_afternoon,19.2,6,6,13,1.08,Sarjapur Road
2026-03-18,XMW9+G8|WMJR+V4,weekday_afternoon,18.41,6,7,13,0.0,East Outer Ring
2026-03-18,XHJ7+MG|WJM6+VC,weekday_afternoon,17.86,6,8,13,-1.08,Central Diagonal 1
2026-03-18,XPC7+72|XM33+J3,weekday_afternoon,17.48,6,9,13,-2.17,Old Airport Road
2026-03-18,2HVW+G8|XJXR+WG,weekday_afternoon,17.34,6,10,13,-3.25,North Outer Ring
2026-03-18,XJPW+92|WJP4+FF,weekday_afternoon,16.64,6,11,13,-4.33,East Inner Ring
2026-03-18,WHR9+R6|XJGF+6J,weekday_afternoon,15.43,6,12,13,-5.42,Central Diagonal 2
2026-03-18,XG48+2W|VHWC+C3,weekday_afternoon,15.38,6,13,13,-6.5,South Outer Ring
2026-03-19,XJG4+7J|5PX4+HQ,weekday_afternoon,40.14,6,1,13,6.5,Airport Expy
2026-03-19,VJRQ+2M|RMJJ+F4,weekday_afternoon,31.75,6,2,13,5.42,Hosur Road
2026-03-19,XMW9+G8|WMJR+V4,weekday_afternoon,29.62,6,3,13,4.33,East Outer Ring
2026-03-19,WH5F+26|WJ8X+F5W,weekday_afternoon,27.47,6,4,13,3.25,Double Decker Flyover
2026-03-19,WP44+W8|WJFH+XQ,weekday_afternoon,26.54,6,5,13,2.17,Sarjapur Road
2026-03-19,2HVW+G8|XJXR+WG,weekday_afternoon,26.14,6,6,13,1.08,North Outer Ring
2026-03-19,WGG8+G5|XH7P+G6,weekday_afternoon,25.11,6,7,13,0.0,Mysore Road
2026-03-19,XPC7+72|XM33+J3,weekday_afternoon,25.05,6,8,13,-1.08,Old Airport Road
2026-03-19,XHJ7+MG|WJM6+VC,weekday_afternoon,23.07,6,9,13,-2.17,Central Diagonal 1
2026-03-19,2HM2+P8|XJV5+RG,weekday_afternoon,22.34,6,10,13,-3.25,North Inner Ring
2026-03-19,XJPW+92|WJP4+FF,weekday_afternoon,21.19,6,11,13,-4.33,East Inner Ring
2026-03-19,XG48+2W|VHWC+C3,weekday_afternoon,19.79,6,12,13,-5.42,South Outer Ring
2026-03-19,WHR9+R6|XJGF+6J,weekday_afternoon,18.28,6,13,13,-6.5,Central Diagonal 2
2026-03-20,XJG4+7J|5PX4+HQ,weekday_afternoon,37.92,6,1,13,6.5,Airport Expy
2026-03-20,VJRQ+2M|RMJJ+F4,weekday_afternoon,29.12,6,2,13,5.42,Hosur Road
2026-03-20,XMW9+G8|WMJR+V4,weekday_afternoon,28.12,6,3,13,4.33,East Outer Ring
2026-03-20,WH5F+26|WJ8X+F5W,weekday_afternoon,26.47,6,4,13,3.25,Double Decker Flyover
2026-03-20,2HVW+G8|XJXR+WG,weekday_afternoon,24.9,6,5,13,2.17,North Outer Ring
2026-03-20,XPC7+72|XM33+J3,weekday_afternoon,23.87,6,6,13,1.08,Old Airport Road
2026-03-20,WP44+W8|WJFH+XQ,weekday_afternoon,23.73,6,7,13,0.0,Sarjapur Road
2026-03-20,WGG8+G5|XH7P+G6,weekday_afternoon,23.62,6,8,13,-1.08,Mysore Road
2026-03-20,XHJ7+MG|WJM6+VC,weekday_afternoon,21.78,6,9,13,-2.17,Central Diagonal 1
2026-03-20,2HM2+P8|XJV5+RG,weekday_afternoon,21.02,6,10,13,-3.25,North Inner Ring
2026-03-20,XJPW+92|WJP4+FF,weekday_afternoon,19.81,6,11,13,-4.33,East Inner Ring
2026-03-20,WHR9+R6|XJGF+6J,weekday_afternoon,17.68,6,12,13,-5.42,Central Diagonal 2
2026-03-20,XG48+2W|VHWC+C3,weekday_afternoon,17.59,6,13,13,-6.5,South Outer Ring
2026-03-23,XJG4+7J|5PX4+HQ,weekday_afternoon,34.54,5,1,13,6.5,Airport Expy
2026-03-23,VJRQ+2M|RMJJ+F4,weekday_afternoon,27.71,5,2,13,5.42,Hosur Road
2026-03-23,WH5F+26|WJ8X+F5W,weekday_afternoon,23.69,5,3,13,4.33,Double Decker Flyover
2026-03-23,WGG8+G5|XH7P+G6,weekday_afternoon,20.93,5,4,13,3.25,Mysore Road
2026-03-23,XMW9+G8|WMJR+V4,weekday_afternoon,20.74,5,5,13,2.17,East Outer Ring
2026-03-23,2HM2+P8|XJV5+RG,weekday_afternoon,20.14,5,6,13,1.08,North Inner Ring
2026-03-23,WP44+W8|WJFH+XQ,weekday_afternoon,18.55,5,7,13,0.0,Sarjapur Road
2026-03-23,2HVW+G8|XJXR+WG,weekday_afternoon,18.51,5,8,13,-1.08,North Outer Ring
2026-03-23,XHJ7+MG|WJM6+VC,weekday_afternoon,18.21,5,9,13,-2.17,Central Diagonal 1
2026-03-23,XPC7+72|XM33+J3,weekday_afternoon,17.88,5,10,13,-3.25,Old Airport Road
2026-03-23,XJPW+92|WJP4+FF,weekday_afternoon,17.46,5,11,13,-4.33,East Inner Ring
2026-03-23,XG48+2W|VHWC+C3,weekday_afternoon,16.41,5,12,13,-5.42,South Outer Ring
2026-03-23,WHR9+R6|XJGF+6J,weekday_afternoon,15.93,5,13,13,-6.5,Central Diagonal 2
2026-03-24,XJG4+7J|5PX4+HQ,weekday_afternoon,34.61,6,1,13,6.5,Airport Expy
2026-03-24,VJRQ+2M|RMJJ+F4,weekday_afternoon,27.63,6,2,13,5.42,Hosur Road
2026-03-24,WH5F+26|WJ8X+F5W,weekday_afternoon,23.87,6,3,13,4.33,Double Decker Flyover
2026-03-24,WGG8+G5|XH7P+G6,weekday_afternoon,20.77,6,4,13,3.25,Mysore Road
2026-03-24,WP44+W8|WJFH+XQ,weekday_afternoon,20.07,6,5,13,2.17,Sarjapur Road
2026-03-24,2HM2+P8|XJV5+RG,weekday_afternoon,19.27,6,6,13,1.08,North Inner Ring
2026-03-24,2HVW+G8|XJXR+WG,weekday_afternoon,17.93,6,7,13,0.0,North Outer Ring
2026-03-24,XPC7+72|XM33+J3,weekday_afternoon,17.68,6,8,13,-1.08,Old Airport Road
2026-03-24,XMW9+G8|WMJR+V4,weekday_afternoon,17.3,6,9,13,-2.17,East Outer Ring
2026-03-24,XHJ7+MG|WJM6+VC,weekday_afternoon,17.09,6,10,13,-3.25,Central Diagonal 1
2026-03-24,XJPW+92|WJP4+FF,weekday_afternoon,16.97,6,11,13,-4.33,East Inner Ring
2026-03-24,XG48+2W|VHWC+C3,weekday_afternoon,16.14,6,12,13,-5.42,South Outer Ring
2026-03-24,WHR9+R6|XJGF+6J,weekday_afternoon,15.89,6,13,13,-6.5,Central Diagonal 2
2026-03-25,XJG4+7J|5PX4+HQ,weekday_afternoon,32.7,6,1,13,6.5,Airport Expy
2026-03-25,VJRQ+2M|RMJJ+F4,weekday_afternoon,24.94,6,2,13,5.42,Hosur Road
2026-03-25,WH5F+26|WJ8X+F5W,weekday_afternoon,22.77,6,3,13,4.33,Double Decker Flyover
2026-03-25,WP44+W8|WJFH+XQ,weekday_afternoon,18.92,6,4,13,3.25,Sarjapur Road
2026-03-25,WGG8+G5|XH7P+G6,weekday_afternoon,18.81,6,5,13,2.17,Mysore Road
2026-03-25,XMW9+G8|WMJR+V4,weekday_afternoon,18.37,6,6,13,1.08,East Outer Ring
2026-03-25,2HM2+P8|XJV5+RG,weekday_afternoon,17.46,6,7,13,0.0,North Inner Ring
2026-03-25,XHJ7+MG|WJM6+VC,weekday_afternoon,16.84,6,8,13,-1.08,Central Diagonal 1
2026-03-25,XJPW+92|WJP4+FF,weekday_afternoon,16.48,6,9,13,-2.17,East Inner Ring
2026-03-25,XPC7+72|XM33+J3,weekday_afternoon,16.47,6,10,13,-3.25,Old Airport Road
2026-03-25,XG48+2W|VHWC+C3,weekday_afternoon,15.92,6,11,13,-4.33,South Outer Ring
2026-03-25,WHR9+R6|XJGF+6J,weekday_afternoon,15.55,6,12,13,-5.42,Central Diagonal 2
2026-03-25,2HVW+G8|XJXR+WG,weekday_afternoon,15.29,6,13,13,-6.5,North Outer Ring
2026-03-26,XJG4+7J|5PX4+HQ,weekday_afternoon,33.82,5,1,13,6.5,Airport Expy
2026-03-26,VJRQ+2M|RMJJ+F4,weekday_afternoon,26.04,5,2,13,5.42,Hosur Road
2026-03-26,WH5F+26|WJ8X+F5W,weekday_afternoon,22.52,5,3,13,4.33,Double Decker Flyover
2026-03-26,XMW9+G8|WMJR+V4,weekday_afternoon,20.74,5,4,13,3.25,East Outer Ring
2026-03-26,WGG8+G5|XH7P+G6,weekday_afternoon,20.58,5,5,13,2.17,Mysore Road
2026-03-26,WP44+W8|WJFH+XQ,weekday_afternoon,19.09,5,6,13,1.08,Sarjapur Road
2026-03-26,2HM2+P8|XJV5+RG,weekday_afternoon,18.86,5,7,13,0.0,North Inner Ring
2026-03-26,XHJ7+MG|WJM6+VC,weekday_afternoon,17.2,5,8,13,-1.08,Central Diagonal 1
2026-03-26,XPC7+72|XM33+J3,weekday_afternoon,17.07,5,9,13,-2.17,Old Airport Road
2026-03-26,XJPW+92|WJP4+FF,weekday_afternoon,16.77,5,10,13,-3.25,East Inner Ring
2026-03-26,XG48+2W|VHWC+C3,weekday_afternoon,16.11,5,11,13,-4.33,South Outer Ring
2026-03-26,2HVW+G8|XJXR+WG,weekday_afternoon,15.75,5,12,13,-5.42,North Outer Ring
2026-03-26,WHR9+R6|XJGF+6J,weekday_afternoon,15.75,5,13,13,-6.5,Central Diagonal 2
2026-03-27,XJG4+7J|5PX4+HQ,weekday_afternoon,33.74,6,1,13,6.5,Airport Expy
2026-03-27,VJRQ+2M|RMJJ+F4,weekday_afternoon,26.39,6,2,13,5.42,Hosur Road
2026-03-27,WH5F+26|WJ8X+F5W,weekday_afternoon,23.63,6,3,13,4.33,Double Decker Flyover
2026-03-27,XMW9+G8|WMJR+V4,weekday_afternoon,23.12,6,4,13,3.25,East Outer Ring
2026-03-27,WGG8+G5|XH7P+G6,weekday_afternoon,19.38,6,5,13,2.17,Mysore Road
2026-03-27,XPC7+72|XM33+J3,weekday_afternoon,19.35,6,6,13,1.08,Old Airport Road
2026-03-27,XHJ7+MG|WJM6+VC,weekday_afternoon,18.87,6,7,13,0.0,Central Diagonal 1
2026-03-27,2HM2+P8|XJV5+RG,weekday_afternoon,18.85,6,8,13,-1.08,North Inner Ring
2026-03-27,2HVW+G8|XJXR+WG,weekday_afternoon,17.21,6,9,13,-2.17,North Outer Ring
2026-03-27,WP44+W8|WJFH+XQ,weekday_afternoon,16.95,6,10,13,-3.25,Sarjapur Road
2026-03-27,XJPW+92|WJP4+FF,weekday_afternoon,16.27,6,11,13,-4.33,East Inner Ring
2026-03-27,WHR9+R6|XJGF+6J,weekday_afternoon,15.84,6,12,13,-5.42,Central Diagonal 2
2026-03-27,XG48+2W|VHWC+C3,weekday_afternoon,15.8,6,13,13,-6.5,South Outer Ring
2026-03-30,XJG4+7J|5PX4+HQ,weekday_afternoon,37.36,3,1,13,6.5,Airport Expy
2026-03-30,VJRQ+2M|RMJJ+F4,weekday_afternoon,27.78,3,2,13,5.42,Hosur Road
2026-03-30,WH5F+26|WJ8X+F5W,weekday_afternoon,24.41,3,3,13,4.33,Double Decker Flyover
2026-03-30,WP44+W8|WJFH+XQ,weekday_afternoon,21.69,3,4,13,3.25,Sarjapur Road
2026-03-30,XMW9+G8|WMJR+V4,weekday_afternoon,21.51,3,5,13,2.17,East Outer Ring
2026-03-30,XHJ7+MG|WJM6+VC,weekday_afternoon,20.32,3,6,13,1.08,Central Diagonal 1
2026-03-30,WGG8+G5|XH7P+G6,weekday_afternoon,19.81,3,7,13,0.0,Mysore Road
2026-03-30,2HM2+P8|XJV5+RG,weekday_afternoon,19.43,3,8,13,-1.08,North Inner Ring
2026-03-30,XPC7+72|XM33+J3,weekday_afternoon,18.34,3,9,13,-2.17,Old Airport Road
2026-03-30,XJPW+92|WJP4+FF,weekday_afternoon,17.68,3,10,13,-3.25,East Inner Ring
2026-03-30,2HVW+G8|XJXR+WG,weekday_afternoon,16.84,3,11,13,-4.33,North Outer Ring
2026-03-30,XG48+2W|VHWC+C3,weekday_afternoon,16.18,3,12,13,-5.42,South Outer Ring
2026-03-30,WHR9+R6|XJGF+6J,weekday_afternoon,16.0,3,13,13,-6.5,Central Diagonal 2
2026-03-31,XJG4+7J|5PX4+HQ,weekday_afternoon,35.2,5,1,13,6.5,Airport Expy
2026-03-31,VJRQ+2M|RMJJ+F4,weekday_afternoon,25.26,5,2,13,5.42,Hosur Road
2026-03-31,WH5F+26|WJ8X+F5W,weekday_afternoon,23.43,5,3,13,4.33,Double Decker Flyover
2026-03-31,WGG8+G5|XH7P+G6,weekday_afternoon,22.04,5,4,13,3.25,Mysore Road
2026-03-31,XMW9+G8|WMJR+V4,weekday_afternoon,20.8,5,5,13,2.17,East Outer Ring
2026-03-31,2HM2+P8|XJV5+RG,weekday_afternoon,19.93,5,6,13,1.08,North Inner Ring
2026-03-31,XHJ7+MG|WJM6+VC,weekday_afternoon,19.69,5,7,13,0.0,Central Diagonal 1
2026-03-31,XPC7+72|XM33+J3,weekday_afternoon,18.66,5,8,13,-1.08,Old Airport Road
2026-03-31,WP44+W8|WJFH+XQ,weekday_afternoon,18.59,5,9,13,-2.17,Sarjapur Road
2026-03-31,2HVW+G8|XJXR+WG,weekday_afternoon,17.15,5,10,13,-3.25,North Outer Ring
2026-03-31,XJPW+92|WJP4+FF,weekday_afternoon,17.08,5,11,13,-4.33,East Inner Ring
2026-03-31,XG48+2W|VHWC+C3,weekday_afternoon,16.34,5,12,13,-5.42,South Outer Ring
2026-03-31,WHR9+R6|XJGF+6J,weekday_afternoon,16.28,5,13,13,-6.5,Central Diagonal 2
2026-04-01,XJG4+7J|5PX4+HQ,weekday_afternoon,34.92,4,1,13,6.5,Airport Expy
2026-04-01,VJRQ+2M|RMJJ+F4,weekday_afternoon,26.92,4,2,13,5.42,Hosur Road
2026-04-01,WH5F+26|WJ8X+F5W,weekday_afternoon,23.77,4,3,13,4.33,Double Decker Flyover
2026-04-01,XMW9+G8|WMJR+V4,weekday_afternoon,21.24,4,4,13,3.25,East Outer Ring
2026-04-01,WP44+W8|WJFH+XQ,weekday_afternoon,19.67,4,5,13,2.17,Sarjapur Road
2026-04-01,XHJ7+MG|WJM6+VC,weekday_afternoon,19.53,4,6,13,1.08,Central Diagonal 1
2026-04-01,2HM2+P8|XJV5+RG,weekday_afternoon,19.34,4,7,13,0.0,North Inner Ring
2026-04-01,WGG8+G5|XH7P+G6,weekday_afternoon,19.0,4,8,13,-1.08,Mysore Road
2026-04-01,XPC7+72|XM33+J3,weekday_afternoon,18.43,4,9,13,-2.17,Old Airport Road
2026-04-01,XJPW+92|WJP4+FF,weekday_afternoon,17.69,4,10,13,-3.25,East Inner Ring
2026-04-01,XG48+2W|VHWC+C3,weekday_afternoon,16.81,4,11,13,-4.33,South Outer Ring
2026-04-01,WHR9+R6|XJGF+6J,weekday_afternoon,15.96,4,12,13,-5.42,Central Diagonal 2
2026-04-01,2HVW+G8|XJXR+WG,weekday_afternoon,15.45,4,13,13,-6.5,North Outer Ring
2026-04-02,XJG4+7J|5PX4+HQ,weekday_afternoon,34.24,6,1,13,6.5,Airport Expy
2026-04-02,VJRQ+2M|RMJJ+F4,weekday_afternoon,26.69,6,2,13,5.42,Hosur Road
2026-04-02,WH5F+26|WJ8X+F5W,weekday_afternoon,21.97,6,3,13,4.33,Double Decker Flyover
2026-04-02,XMW9+G8|WMJR+V4,weekday_afternoon,21.42,6,4,13,3.25,East Outer Ring
2026-04-02,WGG8+G5|XH7P+G6,weekday_afternoon,20.35,6,5,13,2.17,Mysore Road
2026-04-02,WP44+W8|WJFH+XQ,weekday_afternoon,20.17,6,6,13,1.08,Sarjapur Road
2026-04-02,2HM2+P8|XJV5+RG,weekday_afternoon,18.71,6,7,13,0.0,North Inner Ring
2026-04-02,XHJ7+MG|WJM6+VC,weekday_afternoon,18.43,6,8,13,-1.08,Central Diagonal 1
2026-04-02,XPC7+72|XM33+J3,weekday_afternoon,18.24,6,9,13,-2.17,Old Airport Road
2026-04-02,2HVW+G8|XJXR+WG,weekday_afternoon,16.78,6,10,13,-3.25,North Outer Ring
2026-04-02,XJPW+92|WJP4+FF,weekday_afternoon,16.49,6,11,13,-4.33,East Inner Ring
2026-04-02,XG48+2W|VHWC+C3,weekday_afternoon,16.27,6,12,13,-5.42,South Outer Ring
2026-04-02,WHR9+R6|XJGF+6J,weekday_afternoon,15.58,6,13,13,-6.5,Central Diagonal 2
2026-04-03,XJG4+7J|5PX4+HQ,weekday_afternoon,37.95,5,1,13,6.5,Airport Expy
2026-04-03,VJRQ+2M|RMJJ+F4,weekday_afternoon,27.87,5,2,13,5.42,Hosur Road
2026-04-03,XMW9+G8|WMJR+V4,weekday_afternoon,27.31,5,3,13,4.33,East Outer Ring
2026-04-03,WH5F+26|WJ8X+F5W,weekday_afternoon,24.5,5,4,13,3.25,Double Decker Flyover
2026-04-03,WP44+W8|WJFH+XQ,weekday_afternoon,23.45,5,5,13,2.17,Sarjapur Road
2026-04-03,XPC7+72|XM33+J3,weekday_afternoon,21.89,5,6,13,1.08,Old Airport Road
2026-04-03,WGG8+G5|XH7P+G6,weekday_afternoon,21.09,5,7,13,0.0,Mysore Road
2026-04-03,2HVW+G8|XJXR+WG,weekday_afternoon,21.0,5,8,13,-1.08,North Outer Ring
2026-04-03,XHJ7+MG|WJM6+VC,weekday_afternoon,20.29,5,9,13,-2.17,Central Diagonal 1
2026-04-03,2HM2+P8|XJV5+RG,weekday_afternoon,20.04,5,10,13,-3.25,North Inner Ring
2026-04-03,XJPW+92|WJP4+FF,weekday_afternoon,19.41,5,11,13,-4.33,East Inner Ring
2026-04-03,XG48+2W|VHWC+C3,weekday_afternoon,17.18,5,12,13,-5.42,South Outer Ring
2026-04-03,WHR9+R6|XJGF+6J,weekday_afternoon,17.17,5,13,13,-6.5,Central Diagonal 2
2026-04-06,XJG4+7J|5PX4+HQ,weekday_afternoon,35.87,4,1,13,6.5,Airport Expy
2026-04-06,VJRQ+2M|RMJJ+F4,weekday_afternoon,28.45,4,2,13,5.42,Hosur Road
2026-04-06,WH5F+26|WJ8X+F5W,weekday_afternoon,23.32,4,3,13,4.33,Double Decker Flyover
2026-04-06,WGG8+G5|XH7P+G6,weekday_afternoon,21.83,4,4,13,3.25,Mysore Road
2026-04-06,XMW9+G8|WMJR+V4,weekday_afternoon,21.76,4,5,13,2.17,East Outer Ring
2026-04-06,WP44+W8|WJFH+XQ,weekday_afternoon,20.52,4,6,13,1.08,Sarjapur Road
2026-04-06,2HM2+P8|XJV5+RG,weekday_afternoon,19.9,4,7,13,0.0,North Inner Ring
2026-04-06,XHJ7+MG|WJM6+VC,weekday_afternoon,19.32,4,8,13,-1.08,Central Diagonal 1
2026-04-06,XPC7+72|XM33+J3,weekday_afternoon,19.15,4,9,13,-2.17,Old Airport Road
2026-04-06,XJPW+92|WJP4+FF,weekday_afternoon,18.95,4,10,13,-3.25,East Inner Ring
2026-04-06,XG48+2W|VHWC+C3,weekday_afternoon,16.81,4,11,13,-4.33,South Outer Ring
2026-04-06,2HVW+G8|XJXR+WG,weekday_afternoon,16.46,4,12,13,-5.42,North Outer Ring
2026-04-06,WHR9+R6|XJGF+6J,weekday_afternoon,15.81,4,13,13,-6.5,Central Diagonal 2
2026-04-07,XJG4+7J|5PX4+HQ,weekday_afternoon,35.14,4,1,13,6.5,Airport Expy
2026-04-07,VJRQ+2M|RMJJ+F4,weekday_afternoon,27.21,4,2,13,5.42,Hosur Road
2026-04-07,WH5F+26|WJ8X+F5W,weekday_afternoon,22.87,4,3,13,4.33,Double Decker Flyover
2026-04-07,WP44+W8|WJFH+XQ,weekday_afternoon,21.21,4,4,13,3.25,Sarjapur Road
2026-04-07,WGG8+G5|XH7P+G6,weekday_afternoon,21.1,4,5,13,2.17,Mysore Road
2026-04-07,2HM2+P8|XJV5+RG,weekday_afternoon,20.22,4,6,13,1.08,North Inner Ring
2026-04-07,XHJ7+MG|WJM6+VC,weekday_afternoon,18.63,4,7,13,0.0,Central Diagonal 1
2026-04-07,XPC7+72|XM33+J3,weekday_afternoon,18.58,4,8,13,-1.08,Old Airport Road
2026-04-07,XJPW+92|WJP4+FF,weekday_afternoon,17.8,4,9,13,-2.17,East Inner Ring
2026-04-07,2HVW+G8|XJXR+WG,weekday_afternoon,17.22,4,10,13,-3.25,North Outer Ring
2026-04-07,XG48+2W|VHWC+C3,weekday_afternoon,16.95,4,11,13,-4.33,South Outer Ring
2026-04-07,WHR9+R6|XJGF+6J,weekday_afternoon,16.13,4,12,13,-5.42,Central Diagonal 2
2026-04-07,XMW9+G8|WMJR+V4,weekday_afternoon,15.11,4,13,13,-6.5,East Outer Ring
2026-04-08,XJG4+7J|5PX4+HQ,weekday_afternoon,34.75,4,1,13,6.5,Airport Expy
2026-04-08,VJRQ+2M|RMJJ+F4,weekday_afternoon,28.13,4,2,13,5.42,Hosur Road
2026-04-08,WH5F+26|WJ8X+F5W,weekday_afternoon,24.26,4,3,13,4.33,Double Decker Flyover
2026-04-08,WGG8+G5|XH7P+G6,weekday_afternoon,22.85,4,4,13,3.25,Mysore Road
2026-04-08,2HM2+P8|XJV5+RG,weekday_afternoon,19.41,4,5,13,2.17,North Inner Ring
2026-04-08,XHJ7+MG|WJM6+VC,weekday_afternoon,19.3,4,6,13,1.08,Central Diagonal 1
2026-04-08,WP44+W8|WJFH+XQ,weekday_afternoon,18.69,4,7,13,0.0,Sarjapur Road
2026-04-08,XMW9+G8|WMJR+V4,weekday_afternoon,17.21,4,8,13,-1.08,East Outer Ring
2026-04-08,2HVW+G8|XJXR+WG,weekday_afternoon,16.98,4,9,13,-2.17,North Outer Ring
2026-04-08,XJPW+92|WJP4+FF,weekday_afternoon,16.92,4,10,13,-3.25,East Inner Ring
2026-04-08,XG48+2W|VHWC+C3,weekday_afternoon,16.39,4,11,13,-4.33,South Outer Ring
2026-04-08,XPC7+72|XM33+J3,weekday_afternoon,16.13,4,12,13,-5.42,Old Airport Road
2026-04-08,WHR9+R6|XJGF+6J,weekday_afternoon,15.73,4,13,13,-6.5,Central Diagonal 2
2026-04-09,XJG4+7J|5PX4+HQ,weekday_afternoon,33.46,4,1,13,6.5,Airport Expy
2026-04-09,VJRQ+2M|RMJJ+F4,weekday_afternoon,28.08,4,2,13,5.42,Hosur Road
2026-04-09,WH5F+26|WJ8X+F5W,weekday_afternoon,22.76,4,3,13,4.33,Double Decker Flyover
2026-04-09,WP44+W8|WJFH+XQ,weekday_afternoon,20.15,4,4,13,3.25,Sarjapur Road
2026-04-09,WGG8+G5|XH7P+G6,weekday_afternoon,19.0,4,5,13,2.17,Mysore Road
2026-04-09,XMW9+G8|WMJR+V4,weekday_afternoon,18.82,4,6,13,1.08,East Outer Ring
2026-04-09,XPC7+72|XM33+J3,weekday_afternoon,18.75,4,7,13,0.0,Old Airport Road
2026-04-09,2HM2+P8|XJV5+RG,weekday_afternoon,18.49,4,8,13,-1.08,North Inner Ring
2026-04-09,XJPW+92|WJP4+FF,weekday_afternoon,17.84,4,9,13,-2.17,East Inner Ring
2026-04-09,XHJ7+MG|WJM6+VC,weekday_afternoon,17.29,4,10,13,-3.25,Central Diagonal 1
2026-04-09,2HVW+G8|XJXR+WG,weekday_afternoon,16.35,4,11,13,-4.33,North Outer Ring
2026-04-09,XG48+2W|VHWC+C3,weekday_afternoon,16.15,4,12,13,-5.42,South Outer Ring
2026-04-09,WHR9+R6|XJGF+6J,weekday_afternoon,15.96,4,13,13,-6.5,Central Diagonal 2
2026-04-10,XJG4+7J|5PX4+HQ,weekday_afternoon,33.86,4,1,13,6.5,Airport Expy
2026-04-10,VJRQ+2M|RMJJ+F4,weekday_afternoon,26.74,4,2,13,5.42,Hosur Road
2026-04-10,WH5F+26|WJ8X+F5W,weekday_afternoon,24.24,4,3,13,4.33,Double Decker Flyover
2026-04-10,XMW9+G8|WMJR+V4,weekday_afternoon,23.02,4,4,13,3.25,East Outer Ring
2026-04-10,WP44+W8|WJFH+XQ,weekday_afternoon,20.7,4,5,13,2.17,Sarjapur Road
2026-04-10,WGG8+G5|XH7P+G6,weekday_afternoon,19.91,4,6,13,1.08,Mysore Road
2026-04-10,2HM2+P8|XJV5+RG,weekday_afternoon,19.61,4,7,13,0.0,North Inner Ring
2026-04-10,XPC7+72|XM33+J3,weekday_afternoon,19.46,4,8,13,-1.08,Old Airport Road
2026-04-10,2HVW+G8|XJXR+WG,weekday_afternoon,18.7,4,9,13,-2.17,North Outer Ring
2026-04-10,XJPW+92|WJP4+FF,weekday_afternoon,18.05,4,10,13,-3.25,East Inner Ring
2026-04-10,XHJ7+MG|WJM6+VC,weekday_afternoon,17.93,4,11,13,-4.33,Central Diagonal 1
2026-04-10,XG48+2W|VHWC+C3,weekday_afternoon,16.29,4,12,13,-5.42,South Outer Ring
2026-04-10,WHR9+R6|XJGF+6J,weekday_afternoon,15.74,4,13,13,-6.5,Central Diagonal 2
2026-04-13,XJG4+7J|5PX4+HQ,weekday_afternoon,34.21,4,1,13,6.5,Airport Expy
2026-04-13,VJRQ+2M|RMJJ+F4,weekday_afternoon,26.99,4,2,13,5.42,Hosur Road
2026-04-13,WH5F+26|WJ8X+F5W,weekday_afternoon,24.3,4,3,13,4.33,Double Decker Flyover
2026-04-13,WP44+W8|WJFH+XQ,weekday_afternoon,22.24,4,4,13,3.25,Sarjapur Road
2026-04-13,XMW9+G8|WMJR+V4,weekday_afternoon,22.0,4,5,13,2.17,East Outer Ring
2026-04-13,WGG8+G5|XH7P+G6,weekday_afternoon,21.61,4,6,13,1.08,Mysore Road
2026-04-13,2HM2+P8|XJV5+RG,weekday_afternoon,19.13,4,7,13,0.0,North Inner Ring
2026-04-13,XPC7+72|XM33+J3,weekday_afternoon,18.41,4,8,13,-1.08,Old Airport Road
2026-04-13,XJPW+92|WJP4+FF,weekday_afternoon,17.99,4,9,13,-2.17,East Inner Ring
2026-04-13,XHJ7+MG|WJM6+VC,weekday_afternoon,17.91,4,10,13,-3.25,Central Diagonal 1
2026-04-13,2HVW+G8|XJXR+WG,weekday_afternoon,16.72,4,11,13,-4.33,North Outer Ring
2026-04-13,WHR9+R6|XJGF+6J,weekday_afternoon,16.47,4,12,13,-5.42,Central Diagonal 2
2026-04-13,XG48+2W|VHWC+C3,weekday_afternoon,15.89,4,13,13,-6.5,South Outer Ring
2026-04-14,XJG4+7J|5PX4+HQ,weekday_afternoon,35.7,4,1,13,6.5,Airport Expy
2026-04-14,VJRQ+2M|RMJJ+F4,weekday_afternoon,27.88,4,2,13,5.42,Hosur Road
2026-04-14,WH5F+26|WJ8X+F5W,weekday_afternoon,24.26,4,3,13,4.33,Double Decker Flyover
2026-04-14,WGG8+G5|XH7P+G6,weekday_afternoon,23.55,4,4,13,3.25,Mysore Road
2026-04-14,XMW9+G8|WMJR+V4,weekday_afternoon,21.76,4,5,13,2.17,East Outer Ring
2026-04-14,2HM2+P8|XJV5+RG,weekday_afternoon,20.75,4,6,13,1.08,North Inner Ring
2026-04-14,WP44+W8|WJFH+XQ,weekday_afternoon,20.58,4,7,13,0.0,Sarjapur Road
2026-04-14,XHJ7+MG|WJM6+VC,weekday_afternoon,19.39,4,8,13,-1.08,Central Diagonal 1
2026-04-14,2HVW+G8|XJXR+WG,weekday_afternoon,18.47,4,9,13,-2.17,North Outer Ring
2026-04-14,XJPW+92|WJP4+FF,weekday_afternoon,18.4,4,10,13,-3.25,East Inner Ring
2026-04-14,XPC7+72|XM33+J3,weekday_afternoon,18.1,4,11,13,-4.33,Old Airport Road
2026-04-14,XG48+2W|VHWC+C3,weekday_afternoon,16.98,4,12,13,-5.42,South Outer Ring
2026-04-14,WHR9+R6|XJGF+6J,weekday_afternoon,16.17,4,13,13,-6.5,Central Diagonal 2
2026-04-15,XJG4+7J|5PX4+HQ,weekday_afternoon,33.51,3,1,13,6.5,Airport Expy
2026-04-15,VJRQ+2M|RMJJ+F4,weekday_afternoon,26.91,3,2,13,5.42,Hosur Road
2026-04-15,WH5F+26|WJ8X+F5W,weekday_afternoon,23.33,3,3,13,4.33,Double Decker Flyover
2026-04-15,WGG8+G5|XH7P+G6,weekday_afternoon,22.32,3,4,13,3.25,Mysore Road
2026-04-15,WP44+W8|WJFH+XQ,weekday_afternoon,21.7,3,5,13,2.17,Sarjapur Road
2026-04-15,XMW9+G8|WMJR+V4,weekday_afternoon,19.34,3,6,13,1.08,East Outer Ring
2026-04-15,2HM2+P8|XJV5+RG,weekday_afternoon,19.28,3,7,13,0.0,North Inner Ring
2026-04-15,XHJ7+MG|WJM6+VC,weekday_afternoon,18.77,3,8,13,-1.08,Central Diagonal 1
2026-04-15,XPC7+72|XM33+J3,weekday_afternoon,18.0,3,9,13,-2.17,Old Airport Road
2026-04-15,XJPW+92|WJP4+FF,weekday_afternoon,16.82,3,10,13,-3.25,East Inner Ring
2026-04-15,XG48+2W|VHWC+C3,weekday_afternoon,16.24,3,11,13,-4.33,South Outer Ring
2026-04-15,2HVW+G8|XJXR+WG,weekday_afternoon,15.9,3,12,13,-5.42,North Outer Ring
2026-04-15,WHR9+R6|XJGF+6J,weekday_afternoon,15.37,3,13,13,-6.5,Central Diagonal 2
2026-04-16,XJG4+7J|5PX4+HQ,weekday_afternoon,33.92,4,1,13,6.5,Airport Expy
2026-04-16,VJRQ+2M|RMJJ+F4,weekday_afternoon,28.39,4,2,13,5.42,Hosur Road
2026-04-16,WH5F+26|WJ8X+F5W,weekday_afternoon,23.75,4,3,13,4.33,Double Decker Flyover
2026-04-16,XMW9+G8|WMJR+V4,weekday_afternoon,20.39,4,4,13,3.25,East Outer Ring
2026-04-16,2HM2+P8|XJV5+RG,weekday_afternoon,20.07,4,5,13,2.17,North Inner Ring
2026-04-16,WP44+W8|WJFH+XQ,weekday_afternoon,19.49,4,6,13,1.08,Sarjapur Road
2026-04-16,2HVW+G8|XJXR+WG,weekday_afternoon,19.2,4,7,13,0.0,North Outer Ring
2026-04-16,XHJ7+MG|WJM6+VC,weekday_afternoon,18.85,4,8,13,-1.08,Central Diagonal 1
2026-04-16,XPC7+72|XM33+J3,weekday_afternoon,18.48,4,9,13,-2.17,Old Airport Road
2026-04-16,XJPW+92|WJP4+FF,weekday_afternoon,18.32,4,10,13,-3.25,East Inner Ring
2026-04-16,WGG8+G5|XH7P+G6,weekday_afternoon,18.01,4,11,13,-4.33,Mysore Road
2026-04-16,WHR9+R6|XJGF+6J,weekday_afternoon,16.17,4,12,13,-5.42,Central Diagonal 2
2026-04-16,XG48+2W|VHWC+C3,weekday_afternoon,16.02,4,13,13,-6.5,South Outer Ring
2026-04-17,XJG4+7J|5PX4+HQ,weekday_afternoon,33.59,4,1,13,6.5,Airport Expy
2026-04-17,XMW9+G8|WMJR+V4,weekday_afternoon,27.34,4,2,13,5.42,East Outer Ring
2026-04-17,VJRQ+2M|RMJJ+F4,weekday_afternoon,26.26,4,3,13,4.33,Hosur Road
2026-04-17,WH5F+26|WJ8X+F5W,weekday_afternoon,24.3,4,4,13,3.25,Double Decker Flyover
2026-04-17,WP44+W8|WJFH+XQ,weekday_afternoon,22.74,4,5,13,2.17,Sarjapur Road
2026-04-17,WGG8+G5|XH7P+G6,weekday_afternoon,22.0,4,6,13,1.08,Mysore Road
2026-04-17,2HVW+G8|XJXR+WG,weekday_afternoon,21.69,4,7,13,0.0,North Outer Ring
2026-04-17,2HM2+P8|XJV5+RG,weekday_afternoon,20.43,4,8,13,-1.08,North Inner Ring
2026-04-17,XJPW+92|WJP4+FF,weekday_afternoon,18.73,4,9,13,-2.17,East Inner Ring
2026-04-17,XHJ7+MG|WJM6+VC,weekday_afternoon,18.69,4,10,13,-3.25,Central Diagonal 1
2026-04-17,XPC7+72|XM33+J3,weekday_afternoon,18.48,4,11,13,-4.33,Old Airport Road
2026-04-17,XG48+2W|VHWC+C3,weekday_afternoon,17.35,4,12,13,-5.42,South Outer Ring
2026-04-17,WHR9+R6|XJGF+6J,weekday_afternoon,16.46,4,13,13,-6.5,Central Diagonal 2
2026-04-20,XJG4+7J|5PX4+HQ,weekday_afternoon,34.09,3,1,13,6.5,Airport Expy
2026-04-20,VJRQ+2M|RMJJ+F4,weekday_afternoon,27.5,3,2,13,5.42,Hosur Road
2026-04-20,WH5F+26|WJ8X+F5W,weekday_afternoon,25.65,3,3,13,4.33,Double Decker Flyover
2026-04-20,XMW9+G8|WMJR+V4,weekday_afternoon,24.32,3,4,13,3.25,East Outer Ring
2026-04-20,WGG8+G5|XH7P+G6,weekday_afternoon,20.76,3,5,13,2.17,Mysore Road
2026-04-20,WP44+W8|WJFH+XQ,weekday_afternoon,20.31,3,6,13,1.08,Sarjapur Road
2026-04-20,2HM2+P8|XJV5+RG,weekday_afternoon,19.87,3,7,13,0.0,North Inner Ring
2026-04-20,XHJ7+MG|WJM6+VC,weekday_afternoon,19.05,3,8,13,-1.08,Central Diagonal 1
2026-04-20,XJPW+92|WJP4+FF,weekday_afternoon,18.35,3,9,13,-2.17,East Inner Ring
2026-04-20,WHR9+R6|XJGF+6J,weekday_afternoon,17.71,3,10,13,-3.25,Central Diagonal 2
2026-04-20,XPC7+72|XM33+J3,weekday_afternoon,16.63,3,11,13,-4.33,Old Airport Road
2026-04-20,XG48+2W|VHWC+C3,weekday_afternoon,16.49,3,12,13,-5.42,South Outer Ring
2026-04-20,2HVW+G8|XJXR+WG,weekday_afternoon,15.83,3,13,13,-6.5,North Outer Ring
2026-04-21,XJG4+7J|5PX4+HQ,weekday_afternoon,35.09,5,1,13,6.5,Airport Expy
2026-04-21,VJRQ+2M|RMJJ+F4,weekday_afternoon,27.48,5,2,13,5.42,Hosur Road
2026-04-21,WH5F+26|WJ8X+F5W,weekday_afternoon,24.71,5,3,13,4.33,Double Decker Flyover
2026-04-21,WGG8+G5|XH7P+G6,weekday_afternoon,22.34,5,4,13,3.25,Mysore Road
2026-04-21,XMW9+G8|WMJR+V4,weekday_afternoon,21.8,5,5,13,2.17,East Outer Ring
2026-04-21,WP44+W8|WJFH+XQ,weekday_afternoon,21.1,5,6,13,1.08,Sarjapur Road
2026-04-21,2HM2+P8|XJV5+RG,weekday_afternoon,20.98,5,7,13,0.0,North Inner Ring
2026-04-21,2HVW+G8|XJXR+WG,weekday_afternoon,19.73,5,8,13,-1.08,North Outer Ring
2026-04-21,XPC7+72|XM33+J3,weekday_afternoon,18.61,5,9,13,-2.17,Old Airport Road
2026-04-21,XHJ7+MG|WJM6+VC,weekday_afternoon,18.25,5,10,13,-3.25,Central Diagonal 1
2026-04-21,XJPW+92|WJP4+FF,weekday_afternoon,18.21,5,11,13,-4.33,East Inner Ring
2026-04-21,XG48+2W|VHWC+C3,weekday_afternoon,17.42,5,12,13,-5.42,South Outer Ring
2026-04-21,WHR9+R6|XJGF+6J,weekday_afternoon,16.5,5,13,13,-6.5,Central Diagonal 2
2026-04-22,XJG4+7J|5PX4+HQ,weekday_afternoon,33.2,4,1,13,6.5,Airport Expy
2026-04-22,VJRQ+2M|RMJJ+F4,weekday_afternoon,24.75,4,2,13,5.42,Hosur Road
2026-04-22,WH5F+26|WJ8X+F5W,weekday_afternoon,22.21,4,3,13,4.33,Double Decker Flyover
2026-04-22,WGG8+G5|XH7P+G6,weekday_afternoon,21.23,4,4,13,3.25,Mysore Road
2026-04-22,WP44+W8|WJFH+XQ,weekday_afternoon,20.93,4,5,13,2.17,Sarjapur Road
2026-04-22,2HM2+P8|XJV5+RG,weekday_afternoon,19.59,4,6,13,1.08,North Inner Ring
2026-04-22,XHJ7+MG|WJM6+VC,weekday_afternoon,18.16,4,7,13,0.0,Central Diagonal 1
2026-04-22,XMW9+G8|WMJR+V4,weekday_afternoon,17.02,4,8,13,-1.08,East Outer Ring
2026-04-22,XG48+2W|VHWC+C3,weekday_afternoon,17.0,4,9,13,-2.17,South Outer Ring
2026-04-22,XJPW+92|WJP4+FF,weekday_afternoon,16.77,4,10,13,-3.25,East Inner Ring
2026-04-22,XPC7+72|XM33+J3,weekday_afternoon,15.91,4,11,13,-4.33,Old Airport Road
2026-04-22,2HVW+G8|XJXR+WG,weekday_afternoon,15.52,4,12,13,-5.42,North Outer Ring
2026-04-22,WHR9+R6|XJGF+6J,weekday_afternoon,15.36,4,13,13,-6.5,Central Diagonal 2
2026-04-23,XJG4+7J|5PX4+HQ,weekday_afternoon,34.14,5,1,13,6.5,Airport Expy
2026-04-23,VJRQ+2M|RMJJ+F4,weekday_afternoon,28.62,5,2,13,5.42,Hosur Road
2026-04-23,XMW9+G8|WMJR+V4,weekday_afternoon,24.26,5,3,13,4.33,East Outer Ring
2026-04-23,WH5F+26|WJ8X+F5W,weekday_afternoon,21.99,5,4,13,3.25,Double Decker Flyover
2026-04-23,WP44+W8|WJFH+XQ,weekday_afternoon,21.85,5,5,13,2.17,Sarjapur Road
2026-04-23,WGG8+G5|XH7P+G6,weekday_afternoon,20.44,5,6,13,1.08,Mysore Road
2026-04-23,2HM2+P8|XJV5+RG,weekday_afternoon,19.45,5,7,13,0.0,North Inner Ring
2026-04-23,XHJ7+MG|WJM6+VC,weekday_afternoon,18.62,5,8,13,-1.08,Central Diagonal 1
2026-04-23,XJPW+92|WJP4+FF,weekday_afternoon,17.69,5,9,13,-2.17,East Inner Ring
2026-04-23,2HVW+G8|XJXR+WG,weekday_afternoon,17.29,5,10,13,-3.25,North Outer Ring
2026-04-23,XPC7+72|XM33+J3,weekday_afternoon,17.26,5,11,13,-4.33,Old Airport Road
2026-04-23,XG48+2W|VHWC+C3,weekday_afternoon,16.4,5,12,13,-5.42,South Outer Ring
2026-04-23,WHR9+R6|XJGF+6J,weekday_afternoon,15.36,5,13,13,-6.5,Central Diagonal 2
2026-04-24,XJG4+7J|5PX4+HQ,weekday_afternoon,32.73,4,1,13,6.5,Airport Expy
2026-04-24,VJRQ+2M|RMJJ+F4,weekday_afternoon,28.21,4,2,13,5.42,Hosur Road
2026-04-24,XMW9+G8|WMJR+V4,weekday_afternoon,28.21,4,3,13,4.33,East Outer Ring
2026-04-24,WH5F+26|WJ8X+F5W,weekday_afternoon,23.7,4,4,13,3.25,Double Decker Flyover
2026-04-24,WGG8+G5|XH7P+G6,weekday_afternoon,21.49,4,5,13,2.17,Mysore Road
2026-04-24,XPC7+72|XM33+J3,weekday_afternoon,21.08,4,6,13,1.08,Old Airport Road
2026-04-24,WP44+W8|WJFH+XQ,weekday_afternoon,19.47,4,7,13,0.0,Sarjapur Road
2026-04-24,2HM2+P8|XJV5+RG,weekday_afternoon,18.7,4,8,13,-1.08,North Inner Ring
2026-04-24,XHJ7+MG|WJM6+VC,weekday_afternoon,18.32,4,9,13,-2.17,Central Diagonal 1
2026-04-24,XJPW+92|WJP4+FF,weekday_afternoon,17.85,4,10,13,-3.25,East Inner Ring
2026-04-24,2HVW+G8|XJXR+WG,weekday_afternoon,17.19,4,11,13,-4.33,North Outer Ring
2026-04-24,XG48+2W|VHWC+C3,weekday_afternoon,16.2,4,12,13,-5.42,South Outer Ring
2026-04-24,WHR9+R6|XJGF+6J,weekday_afternoon,15.5,4,13,13,-6.5,Central Diagonal 2
2026-04-27,XJG4+7J|5PX4+HQ,weekday_afternoon,35.89,5,1,13,6.5,Airport Expy
2026-04-27,VJRQ+2M|RMJJ+F4,weekday_afternoon,27.45,5,2,13,5.42,Hosur Road
2026-04-27,XMW9+G8|WMJR+V4,weekday_afternoon,24.41,5,3,13,4.33,East Outer Ring
2026-04-27,WH5F+26|WJ8X+F5W,weekday_afternoon,23.99,5,4,13,3.25,Double Decker Flyover
2026-04-27,WP44+W8|WJFH+XQ,weekday_afternoon,22.44,5,5,13,2.17,Sarjapur Road
2026-04-27,2HM2+P8|XJV5+RG,weekday_afternoon,20.97,5,6,13,1.08,North Inner Ring
2026-04-27,WGG8+G5|XH7P+G6,weekday_afternoon,20.84,5,7,13,0.0,Mysore Road
2026-04-27,XPC7+72|XM33+J3,weekday_afternoon,19.9,5,8,13,-1.08,Old Airport Road
2026-04-27,XHJ7+MG|WJM6+VC,weekday_afternoon,19.09,5,9,13,-2.17,Central Diagonal 1
2026-04-27,XJPW+92|WJP4+FF,weekday_afternoon,17.48,5,10,13,-3.25,East Inner Ring
2026-04-27,2HVW+G8|XJXR+WG,weekday_afternoon,17.31,5,11,13,-4.33,North Outer Ring
2026-04-27,XG48+2W|VHWC+C3,weekday_afternoon,16.74,5,12,13,-5.42,South Outer Ring
2026-04-27,WHR9+R6|XJGF+6J,weekday_afternoon,16.71,5,13,13,-6.5,Central Diagonal 2
2026-04-28,XJG4+7J|5PX4+HQ,weekday_afternoon,34.83,5,1,13,6.5,Airport Expy
2026-04-28,VJRQ+2M|RMJJ+F4,weekday_afternoon,26.83,5,2,13,5.42,Hosur Road
2026-04-28,WH5F+26|WJ8X+F5W,weekday_afternoon,23.32,5,3,13,4.33,Double Decker Flyover
2026-04-28,WGG8+G5|XH7P+G6,weekday_afternoon,22.09,5,4,13,3.25,Mysore Road
2026-04-28,2HM2+P8|XJV5+RG,weekday_afternoon,20.74,5,5,13,2.17,North Inner Ring
2026-04-28,WP44+W8|WJFH+XQ,weekday_afternoon,20.42,5,6,13,1.08,Sarjapur Road
2026-04-28,XMW9+G8|WMJR+V4,weekday_afternoon,20.0,5,7,13,0.0,East Outer Ring
2026-04-28,XHJ7+MG|WJM6+VC,weekday_afternoon,18.62,5,8,13,-1.08,Central Diagonal 1
2026-04-28,XPC7+72|XM33+J3,weekday_afternoon,18.53,5,9,13,-2.17,Old Airport Road
2026-04-28,XJPW+92|WJP4+FF,weekday_afternoon,18.18,5,10,13,-3.25,East Inner Ring
2026-04-28,XG48+2W|VHWC+C3,weekday_afternoon,16.76,5,11,13,-4.33,South Outer Ring
2026-04-28,2HVW+G8|XJXR+WG,weekday_afternoon,16.29,5,12,13,-5.42,North Outer Ring
2026-04-28,WHR9+R6|XJGF+6J,weekday_afternoon,16.21,5,13,13,-6.5,Central Diagonal 2
2026-04-29,XJG4+7J|5PX4+HQ,weekday_afternoon,32.69,5,1,13,6.5,Airport Expy
2026-04-29,VJRQ+2M|RMJJ+F4,weekday_afternoon,25.36,5,2,13,5.42,Hosur Road
2026-04-29,WH5F+26|WJ8X+F5W,weekday_afternoon,23.35,5,3,13,4.33,Double Decker Flyover
2026-04-29,WP44+W8|WJFH+XQ,weekday_afternoon,19.84,5,4,13,3.25,Sarjapur Road
2026-04-29,WGG8+G5|XH7P+G6,weekday_afternoon,19.29,5,5,13,2.17,Mysore Road
2026-04-29,XMW9+G8|WMJR+V4,weekday_afternoon,19.13,5,6,13,1.08,East Outer Ring
2026-04-29,2HM2+P8|XJV5+RG,weekday_afternoon,17.91,5,7,13,0.0,North Inner Ring
2026-04-29,XPC7+72|XM33+J3,weekday_afternoon,17.9,5,8,13,-1.08,Old Airport Road
2026-04-29,XHJ7+MG|WJM6+VC,weekday_afternoon,17.77,5,9,13,-2.17,Central Diagonal 1
2026-04-29,XG48+2W|VHWC+C3,weekday_afternoon,16.33,5,10,13,-3.25,South Outer Ring
2026-04-29,XJPW+92|WJP4+FF,weekday_afternoon,16.26,5,11,13,-4.33,East Inner Ring
2026-04-29,2HVW+G8|XJXR+WG,weekday_afternoon,16.03,5,12,13,-5.42,North Outer Ring
2026-04-29,WHR9+R6|XJGF+6J,weekday_afternoon,15.4,5,13,13,-6.5,Central Diagonal 2
2026-04-30,XJG4+7J|5PX4+HQ,weekday_afternoon,32.19,5,1,13,6.5,Airport Expy
2026-04-30,VJRQ+2M|RMJJ+F4,weekday_afternoon,23.89,5,2,13,5.42,Hosur Road
2026-04-30,XMW9+G8|WMJR+V4,weekday_afternoon,23.81,5,3,13,4.33,East Outer Ring
2026-04-30,WH5F+26|WJ8X+F5W,weekday_afternoon,23.56,5,4,13,3.25,Double Decker Flyover
2026-04-30,WP44+W8|WJFH+XQ,weekday_afternoon,21.62,5,5,13,2.17,Sarjapur Road
2026-04-30,XPC7+72|XM33+J3,weekday_afternoon,20.14,5,6,13,1.08,Old Airport Road
2026-04-30,WGG8+G5|XH7P+G6,weekday_afternoon,18.75,5,7,13,0.0,Mysore Road
2026-04-30,2HVW+G8|XJXR+WG,weekday_afternoon,18.01,5,8,13,-1.08,North Outer Ring
2026-04-30,2HM2+P8|XJV5+RG,weekday_afternoon,17.89,5,9,13,-2.17,North Inner Ring
2026-04-30,XHJ7+MG|WJM6+VC,weekday_afternoon,17.48,5,10,13,-3.25,Central Diagonal 1
2026-04-30,XJPW+92|WJP4+FF,weekday_afternoon,17.22,5,11,13,-4.33,East Inner Ring
2026-04-30,XG48+2W|VHWC+C3,weekday_afternoon,16.54,5,12,13,-5.42,South Outer Ring
2026-04-30,WHR9+R6|XJGF+6J,weekday_afternoon,15.74,5,13,13,-6.5,Central Diagonal 2
2026-05-01,XJG4+7J|5PX4+HQ,weekday_afternoon,36.96,4,1,13,6.5,Airport Expy
2026-05-01,XMW9+G8|WMJR+V4,weekday_afternoon,33.74,4,2,13,5.42,East Outer Ring
2026-05-01,VJRQ+2M|RMJJ+F4,weekday_afternoon,30.9,4,3,13,4.33,Hosur Road
2026-05-01,WH5F+26|WJ8X+F5W,weekday_afternoon,25.99,4,4,13,3.25,Double Decker Flyover
2026-05-01,WP44+W8|WJFH+XQ,weekday_afternoon,24.99,4,5,13,2.17,Sarjapur Road
2026-05-01,WGG8+G5|XH7P+G6,weekday_afternoon,23.78,4,6,13,1.08,Mysore Road
2026-05-01,XPC7+72|XM33+J3,weekday_afternoon,23.78,4,7,13,0.0,Old Airport Road
2026-05-01,2HVW+G8|XJXR+WG,weekday_afternoon,23.3,4,8,13,-1.08,North Outer Ring
2026-05-01,XHJ7+MG|WJM6+VC,weekday_afternoon,21.14,4,9,13,-2.17,Central Diagonal 1
2026-05-01,XJPW+92|WJP4+FF,weekday_afternoon,20.09,4,10,13,-3.25,East Inner Ring
2026-05-01,2HM2+P8|XJV5+RG,weekday_afternoon,20.05,4,11,13,-4.33,North Inner Ring
2026-05-01,WHR9+R6|XJGF+6J,weekday_afternoon,17.36,4,12,13,-5.42,Central Diagonal 2
2026-05-01,XG48+2W|VHWC+C3,weekday_afternoon,17.09,4,13,13,-6.5,South Outer Ring
2026-05-04,XJG4+7J|5PX4+HQ,weekday_afternoon,35.67,5,1,13,6.5,Airport Expy
2026-05-04,VJRQ+2M|RMJJ+F4,weekday_afternoon,29.01,5,2,13,5.42,Hosur Road
2026-05-04,XMW9+G8|WMJR+V4,weekday_afternoon,24.77,5,3,13,4.33,East Outer Ring
2026-05-04,WH5F+26|WJ8X+F5W,weekday_afternoon,22.27,5,4,13,3.25,Double Decker Flyover
2026-05-04,WP44+W8|WJFH+XQ,weekday_afternoon,21.15,5,5,13,2.17,Sarjapur Road
2026-05-04,XPC7+72|XM33+J3,weekday_afternoon,20.78,5,6,13,1.08,Old Airport Road
2026-05-04,WGG8+G5|XH7P+G6,weekday_afternoon,20.11,5,7,13,0.0,Mysore Road
2026-05-04,2HM2+P8|XJV5+RG,weekday_afternoon,19.43,5,8,13,-1.08,North Inner Ring
2026-05-04,XHJ7+MG|WJM6+VC,weekday_afternoon,19.12,5,9,13,-2.17,Central Diagonal 1
2026-05-04,XJPW+92|WJP4+FF,weekday_afternoon,18.81,5,10,13,-3.25,East Inner Ring
2026-05-04,2HVW+G8|XJXR+WG,weekday_afternoon,16.84,5,11,13,-4.33,North Outer Ring
2026-05-04,XG48+2W|VHWC+C3,weekday_afternoon,16.84,5,12,13,-5.42,South Outer Ring
2026-05-04,WHR9+R6|XJGF+6J,weekday_afternoon,16.4,5,13,13,-6.5,Central Diagonal 2
2026-05-05,XJG4+7J|5PX4+HQ,weekday_afternoon,36.74,3,1,13,6.5,Airport Expy
2026-05-05,VJRQ+2M|RMJJ+F4,weekday_afternoon,27.1,3,2,13,5.42,Hosur Road
2026-05-05,2HM2+P8|XJV5+RG,weekday_afternoon,20.49,3,3,13,4.33,North Inner Ring
2026-05-05,WGG8+G5|XH7P+G6,weekday_afternoon,20.12,3,4,13,3.25,Mysore Road
2026-05-05,WP44+W8|WJFH+XQ,weekday_afternoon,19.89,3,5,13,2.17,Sarjapur Road
2026-05-05,WH5F+26|WJ8X+F5W,weekday_afternoon,19.56,3,6,13,1.08,Double Decker Flyover
2026-05-05,XMW9+G8|WMJR+V4,weekday_afternoon,19.38,3,7,13,0.0,East Outer Ring
2026-05-05,XHJ7+MG|WJM6+VC,weekday_afternoon,18.5,3,8,13,-1.08,Central Diagonal 1
2026-05-05,XJPW+92|WJP4+FF,weekday_afternoon,17.87,3,9,13,-2.17,East Inner Ring
2026-05-05,2HVW+G8|XJXR+WG,weekday_afternoon,17.2,3,10,13,-3.25,North Outer Ring
2026-05-05,XG48+2W|VHWC+C3,weekday_afternoon,17.07,3,11,13,-4.33,South Outer Ring
2026-05-05,XPC7+72|XM33+J3,weekday_afternoon,16.93,3,12,13,-5.42,Old Airport Road
2026-05-05,WHR9+R6|XJGF+6J,weekday_afternoon,16.35,3,13,13,-6.5,Central Diagonal 2
2026-05-06,XJG4+7J|5PX4+HQ,weekday_afternoon,32.96,5,1,13,6.5,Airport Expy
2026-05-06,VJRQ+2M|RMJJ+F4,weekday_afternoon,26.57,5,2,13,5.42,Hosur Road
2026-05-06,WH5F+26|WJ8X+F5W,weekday_afternoon,21.59,5,3,13,4.33,Double Decker Flyover
2026-05-06,XMW9+G8|WMJR+V4,weekday_afternoon,20.47,5,4,13,3.25,East Outer Ring
2026-05-06,WGG8+G5|XH7P+G6,weekday_afternoon,20.05,5,5,13,2.17,Mysore Road
2026-05-06,WP44+W8|WJFH+XQ,weekday_afternoon,19.7,5,6,13,1.08,Sarjapur Road
2026-05-06,XHJ7+MG|WJM6+VC,weekday_afternoon,18.7,5,7,13,0.0,Central Diagonal 1
2026-05-06,2HM2+P8|XJV5+RG,weekday_afternoon,18.43,5,8,13,-1.08,North Inner Ring
2026-05-06,XJPW+92|WJP4+FF,weekday_afternoon,17.12,5,9,13,-2.17,East Inner Ring
2026-05-06,XPC7+72|XM33+J3,weekday_afternoon,16.72,5,10,13,-3.25,Old Airport Road
2026-05-06,XG48+2W|VHWC+C3,weekday_afternoon,16.36,5,11,13,-4.33,South Outer Ring
2026-05-06,2HVW+G8|XJXR+WG,weekday_afternoon,15.45,5,12,13,-5.42,North Outer Ring
2026-05-06,WHR9+R6|XJGF+6J,weekday_afternoon,15.26,5,13,13,-6.5,Central Diagonal 2
2026-05-07,XJG4+7J|5PX4+HQ,weekday_afternoon,33.34,5,1,13,6.5,Airport Expy
2026-05-07,VJRQ+2M|RMJJ+F4,weekday_afternoon,26.55,5,2,13,5.42,Hosur Road
2026-05-07,XMW9+G8|WMJR+V4,weekday_afternoon,21.24,5,3,13,4.33,East Outer Ring
2026-05-07,WH5F+26|WJ8X+F5W,weekday_afternoon,21.11,5,4,13,3.25,Double Decker Flyover
2026-05-07,WP44+W8|WJFH+XQ,weekday_afternoon,20.64,5,5,13,2.17,Sarjapur Road
2026-05-07,WGG8+G5|XH7P+G6,weekday_afternoon,20.08,5,6,13,1.08,Mysore Road
2026-05-07,2HM2+P8|XJV5+RG,weekday_afternoon,19.6,5,7,13,0.0,North Inner Ring
2026-05-07,XHJ7+MG|WJM6+VC,weekday_afternoon,18.51,5,8,13,-1.08,Central Diagonal 1
2026-05-07,XPC7+72|XM33+J3,weekday_afternoon,17.84,5,9,13,-2.17,Old Airport Road
2026-05-07,XJPW+92|WJP4+FF,weekday_afternoon,17.0,5,10,13,-3.25,East Inner Ring
2026-05-07,XG48+2W|VHWC+C3,weekday_afternoon,16.25,5,11,13,-4.33,South Outer Ring
2026-05-07,2HVW+G8|XJXR+WG,weekday_afternoon,15.52,5,12,13,-5.42,North Outer Ring
2026-05-07,WHR9+R6|XJGF+6J,weekday_afternoon,15.09,5,13,13,-6.5,Central Diagonal 2
2026-05-08,XJG4+7J|5PX4+HQ,weekday_afternoon,34.26,6,1,13,6.5,Airport Expy
2026-05-08,XMW9+G8|WMJR+V4,weekday_afternoon,26.69,6,2,13,5.42,East Outer Ring
2026-05-08,VJRQ+2M|RMJJ+F4,weekday_afternoon,26.4,6,3,13,4.33,Hosur Road
2026-05-08,WH5F+26|WJ8X+F5W,weekday_afternoon,22.67,6,4,13,3.25,Double Decker Flyover
2026-05-08,WP44+W8|WJFH+XQ,weekday_afternoon,22.59,6,5,13,2.17,Sarjapur Road
2026-05-08,WGG8+G5|XH7P+G6,weekday_afternoon,21.14,6,6,13,1.08,Mysore Road
2026-05-08,2HVW+G8|XJXR+WG,weekday_afternoon,20.6,6,7,13,0.0,North Outer Ring
2026-05-08,2HM2+P8|XJV5+RG,weekday_afternoon,20.06,6,8,13,-1.08,North Inner Ring
2026-05-08,XPC7+72|XM33+J3,weekday_afternoon,20.04,6,9,13,-2.17,Old Airport Road
2026-05-08,XHJ7+MG|WJM6+VC,weekday_afternoon,18.44,6,10,13,-3.25,Central Diagonal 1
2026-05-08,XJPW+92|WJP4+FF,weekday_afternoon,17.88,6,11,13,-4.33,East Inner Ring
2026-05-08,XG48+2W|VHWC+C3,weekday_afternoon,17.41,6,12,13,-5.42,South Outer Ring
2026-05-08,WHR9+R6|XJGF+6J,weekday_afternoon,14.42,6,13,13,-6.5,Central Diagonal 2
2026-05-11,XJG4+7J|5PX4+HQ,weekday_afternoon,35.5,3,1,13,6.5,Airport Expy
2026-05-11,VJRQ+2M|RMJJ+F4,weekday_afternoon,28.35,3,2,13,5.42,Hosur Road
2026-05-11,XMW9+G8|WMJR+V4,weekday_afternoon,25.17,3,3,13,4.33,East Outer Ring
2026-05-11,WGG8+G5|XH7P+G6,weekday_afternoon,22.85,3,4,13,3.25,Mysore Road
2026-05-11,WP44+W8|WJFH+XQ,weekday_afternoon,21.69,3,5,13,2.17,Sarjapur Road
2026-05-11,WH5F+26|WJ8X+F5W,weekday_afternoon,20.04,3,6,13,1.08,Double Decker Flyover
2026-05-11,2HM2+P8|XJV5+RG,weekday_afternoon,19.73,3,7,13,0.0,North Inner Ring
2026-05-11,XHJ7+MG|WJM6+VC,weekday_afternoon,19.23,3,8,13,-1.08,Central Diagonal 1
2026-05-11,2HVW+G8|XJXR+WG,weekday_afternoon,18.68,3,9,13,-2.17,North Outer Ring
2026-05-11,XPC7+72|XM33+J3,weekday_afternoon,18.58,3,10,13,-3.25,Old Airport Road
2026-05-11,XJPW+92|WJP4+FF,weekday_afternoon,17.28,3,11,13,-4.33,East Inner Ring
2026-05-11,XG48+2W|VHWC+C3,weekday_afternoon,16.77,3,12,13,-5.42,South Outer Ring
2026-05-11,WHR9+R6|XJGF+6J,weekday_afternoon,15.87,3,13,13,-6.5,Central Diagonal 2
2026-05-12,XJG4+7J|5PX4+HQ,weekday_afternoon,35.48,5,1,13,6.5,Airport Expy
2026-05-12,VJRQ+2M|RMJJ+F4,weekday_afternoon,25.87,5,2,13,5.42,Hosur Road
2026-05-12,WGG8+G5|XH7P+G6,weekday_afternoon,22.23,5,3,13,4.33,Mysore Road
2026-05-12,WH5F+26|WJ8X+F5W,weekday_afternoon,21.16,5,4,13,3.25,Double Decker Flyover
2026-05-12,2HM2+P8|XJV5+RG,weekday_afternoon,20.49,5,5,13,2.17,North Inner Ring
2026-05-12,WP44+W8|WJFH+XQ,weekday_afternoon,20.25,5,6,13,1.08,Sarjapur Road
2026-05-12,XHJ7+MG|WJM6+VC,weekday_afternoon,17.92,5,7,13,0.0,Central Diagonal 1
2026-05-12,2HVW+G8|XJXR+WG,weekday_afternoon,17.7,5,8,13,-1.08,North Outer Ring
2026-05-12,XJPW+92|WJP4+FF,weekday_afternoon,17.08,5,9,13,-2.17,East Inner Ring
2026-05-12,XG48+2W|VHWC+C3,weekday_afternoon,17.06,5,10,13,-3.25,South Outer Ring
2026-05-12,XPC7+72|XM33+J3,weekday_afternoon,16.12,5,11,13,-4.33,Old Airport Road
2026-05-12,WHR9+R6|XJGF+6J,weekday_afternoon,15.67,5,12,13,-5.42,Central Diagonal 2
2026-05-12,XMW9+G8|WMJR+V4,weekday_afternoon,14.42,5,13,13,-6.5,East Outer Ring
2026-05-13,XJG4+7J|5PX4+HQ,weekday_afternoon,34.99,2,1,13,6.5,Airport Expy
2026-05-13,VJRQ+2M|RMJJ+F4,weekday_afternoon,28.58,2,2,13,5.42,Hosur Road
2026-05-13,WGG8+G5|XH7P+G6,weekday_afternoon,20.9,2,3,13,4.33,Mysore Road
2026-05-13,WP44+W8|WJFH+XQ,weekday_afternoon,19.92,2,4,13,3.25,Sarjapur Road
2026-05-13,WH5F+26|WJ8X+F5W,weekday_afternoon,19.38,2,5,13,2.17,Double Decker Flyover
2026-05-13,2HM2+P8|XJV5+RG,weekday_afternoon,18.44,2,6,13,1.08,North Inner Ring
2026-05-13,XMW9+G8|WMJR+V4,weekday_afternoon,17.83,2,7,13,0.0,East Outer Ring
2026-05-13,XPC7+72|XM33+J3,weekday_afternoon,17.26,2,8,13,-1.08,Old Airport Road
2026-05-13,XHJ7+MG|WJM6+VC,weekday_afternoon,16.76,2,9,13,-2.17,Central Diagonal 1
2026-05-13,XJPW+92|WJP4+FF,weekday_afternoon,16.59,2,10,13,-3.25,East Inner Ring
2026-05-13,2HVW+G8|XJXR+WG,weekday_afternoon,16.36,2,11,13,-4.33,North Outer Ring
2026-05-13,XG48+2W|VHWC+C3,weekday_afternoon,16.22,2,12,13,-5.42,South Outer Ring
2026-05-13,WHR9+R6|XJGF+6J,weekday_afternoon,15.29,2,13,13,-6.5,Central Diagonal 2
2026-05-14,XJG4+7J|5PX4+HQ,weekday_afternoon,36.24,2,1,13,6.5,Airport Expy
2026-05-14,VJRQ+2M|RMJJ+F4,weekday_afternoon,28.15,2,2,13,5.42,Hosur Road
2026-05-14,WP44+W8|WJFH+XQ,weekday_afternoon,22.57,2,3,13,4.33,Sarjapur Road
2026-05-14,WH5F+26|WJ8X+F5W,weekday_afternoon,22.1,2,4,13,3.25,Double Decker Flyover
2026-05-14,WGG8+G5|XH7P+G6,weekday_afternoon,21.0,2,5,13,2.17,Mysore Road
2026-05-14,2HM2+P8|XJV5+RG,weekday_afternoon,20.68,2,6,13,1.08,North Inner Ring
2026-05-14,XMW9+G8|WMJR+V4,weekday_afternoon,19.68,2,7,13,0.0,East Outer Ring
2026-05-14,XHJ7+MG|WJM6+VC,weekday_afternoon,18.8,2,8,13,-1.08,Central Diagonal 1
2026-05-14,XPC7+72|XM33+J3,weekday_afternoon,18.62,2,9,13,-2.17,Old Airport Road
2026-05-14,XJPW+92|WJP4+FF,weekday_afternoon,17.75,2,10,13,-3.25,East Inner Ring
2026-05-14,XG48+2W|VHWC+C3,weekday_afternoon,17.07,2,11,13,-4.33,South Outer Ring
2026-05-14,WHR9+R6|XJGF+6J,weekday_afternoon,16.05,2,12,13,-5.42,Central Diagonal 2
2026-05-14,2HVW+G8|XJXR+WG,weekday_afternoon,15.33,2,13,13,-6.5,North Outer Ring
2026-05-15,XJG4+7J|5PX4+HQ,weekday_afternoon,34.95,2,1,13,6.5,Airport Expy
2026-05-15,VJRQ+2M|RMJJ+F4,weekday_afternoon,26.92,2,2,13,5.42,Hosur Road
2026-05-15,XMW9+G8|WMJR+V4,weekday_afternoon,23.56,2,3,13,4.33,East Outer Ring
2026-05-15,WGG8+G5|XH7P+G6,weekday_afternoon,21.32,2,4,13,3.25,Mysore Road
2026-05-15,WP44+W8|WJFH+XQ,weekday_afternoon,20.69,2,5,13,2.17,Sarjapur Road
2026-05-15,WH5F+26|WJ8X+F5W,weekday_afternoon,20.29,2,6,13,1.08,Double Decker Flyover
2026-05-15,XHJ7+MG|WJM6+VC,weekday_afternoon,19.43,2,7,13,0.0,Central Diagonal 1
2026-05-15,2HM2+P8|XJV5+RG,weekday_afternoon,19.34,2,8,13,-1.08,North Inner Ring
2026-05-15,2HVW+G8|XJXR+WG,weekday_afternoon,18.41,2,9,13,-2.17,North Outer Ring
2026-05-15,XPC7+72|XM33+J3,weekday_afternoon,18.08,2,10,13,-3.25,Old Airport Road
2026-05-15,XJPW+92|WJP4+FF,weekday_afternoon,17.75,2,11,13,-4.33,East Inner Ring
2026-05-15,XG48+2W|VHWC+C3,weekday_afternoon,16.52,2,12,13,-5.42,South Outer Ring
2026-05-15,WHR9+R6|XJGF+6J,weekday_afternoon,15.35,2,13,13,-6.5,Central Diagonal 2
2026-05-18,XJG4+7J|5PX4+HQ,weekday_afternoon,35.31,6,1,13,6.5,Airport Expy
2026-05-18,VJRQ+2M|RMJJ+F4,weekday_afternoon,27.19,6,2,13,5.42,Hosur Road
2026-05-18,WH5F+26|WJ8X+F5W,weekday_afternoon,21.81,6,3,13,4.33,Double Decker Flyover
2026-05-18,XMW9+G8|WMJR+V4,weekday_afternoon,21.21,6,4,13,3.25,East Outer Ring
2026-05-18,WP44+W8|WJFH+XQ,weekday_afternoon,20.61,6,5,13,2.17,Sarjapur Road
2026-05-18,WGG8+G5|XH7P+G6,weekday_afternoon,19.58,6,6,13,1.08,Mysore Road
2026-05-18,2HM2+P8|XJV5+RG,weekday_afternoon,18.43,6,7,13,0.0,North Inner Ring
2026-05-18,XJPW+92|WJP4+FF,weekday_afternoon,17.7,6,8,13,-1.08,East Inner Ring
2026-05-18,XHJ7+MG|WJM6+VC,weekday_afternoon,17.27,6,9,13,-2.17,Central Diagonal 1
2026-05-18,XPC7+72|XM33+J3,weekday_afternoon,16.56,6,10,13,-3.25,Old Airport Road
2026-05-18,XG48+2W|VHWC+C3,weekday_afternoon,16.4,6,11,13,-4.33,South Outer Ring
2026-05-18,2HVW+G8|XJXR+WG,weekday_afternoon,15.86,6,12,13,-5.42,North Outer Ring
2026-05-18,WHR9+R6|XJGF+6J,weekday_afternoon,15.64,6,13,13,-6.5,Central Diagonal 2
2026-05-19,XJG4+7J|5PX4+HQ,weekday_afternoon,37.8,6,1,13,6.5,Airport Expy
2026-05-19,VJRQ+2M|RMJJ+F4,weekday_afternoon,27.38,6,2,13,5.42,Hosur Road
2026-05-19,WH5F+26|WJ8X+F5W,weekday_afternoon,22.07,6,3,13,4.33,Double Decker Flyover
2026-05-19,WGG8+G5|XH7P+G6,weekday_afternoon,21.37,6,4,13,3.25,Mysore Road
2026-05-19,2HM2+P8|XJV5+RG,weekday_afternoon,20.17,6,5,13,2.17,North Inner Ring
2026-05-19,WP44+W8|WJFH+XQ,weekday_afternoon,19.15,6,6,13,1.08,Sarjapur Road
2026-05-19,XHJ7+MG|WJM6+VC,weekday_afternoon,18.41,6,7,13,0.0,Central Diagonal 1
2026-05-19,XMW9+G8|WMJR+V4,weekday_afternoon,17.51,6,8,13,-1.08,East Outer Ring
2026-05-19,XJPW+92|WJP4+FF,weekday_afternoon,17.24,6,9,13,-2.17,East Inner Ring
2026-05-19,XPC7+72|XM33+J3,weekday_afternoon,16.91,6,10,13,-3.25,Old Airport Road
2026-05-19,XG48+2W|VHWC+C3,weekday_afternoon,16.82,6,11,13,-4.33,South Outer Ring
2026-05-19,2HVW+G8|XJXR+WG,weekday_afternoon,16.72,6,12,13,-5.42,North Outer Ring
2026-05-19,WHR9+R6|XJGF+6J,weekday_afternoon,15.75,6,13,13,-6.5,Central Diagonal 2
2026-05-20,XJG4+7J|5PX4+HQ,weekday_afternoon,35.48,6,1,13,6.5,Airport Expy
2026-05-20,VJRQ+2M|RMJJ+F4,weekday_afternoon,26.08,6,2,13,5.42,Hosur Road
2026-05-20,WGG8+G5|XH7P+G6,weekday_afternoon,21.38,6,3,13,4.33,Mysore Road
2026-05-20,WH5F+26|WJ8X+F5W,weekday_afternoon,21.03,6,4,13,3.25,Double Decker Flyover
2026-05-20,2HM2+P8|XJV5+RG,weekday_afternoon,19.32,6,5,13,2.17,North Inner Ring
2026-05-20,WP44+W8|WJFH+XQ,weekday_afternoon,18.88,6,6,13,1.08,Sarjapur Road
2026-05-20,XHJ7+MG|WJM6+VC,weekday_afternoon,18.5,6,7,13,0.0,Central Diagonal 1
2026-05-20,XMW9+G8|WMJR+V4,weekday_afternoon,17.95,6,8,13,-1.08,East Outer Ring
2026-05-20,XG48+2W|VHWC+C3,weekday_afternoon,16.75,6,9,13,-2.17,South Outer Ring
2026-05-20,XJPW+92|WJP4+FF,weekday_afternoon,16.4,6,10,13,-3.25,East Inner Ring
2026-05-20,XPC7+72|XM33+J3,weekday_afternoon,15.69,6,11,13,-4.33,Old Airport Road
2026-05-20,2HVW+G8|XJXR+WG,weekday_afternoon,15.15,6,12,13,-5.42,North Outer Ring
2026-05-20,WHR9+R6|XJGF+6J,weekday_afternoon,15.12,6,13,13,-6.5,Central Diagonal 2
2026-05-21,XJG4+7J|5PX4+HQ,weekday_afternoon,34.48,6,1,13,6.5,Airport Expy
2026-05-21,VJRQ+2M|RMJJ+F4,weekday_afternoon,25.58,6,2,13,5.42,Hosur Road
2026-05-21,WH5F+26|WJ8X+F5W,weekday_afternoon,21.11,6,3,13,4.33,Double Decker Flyover
2026-05-21,WGG8+G5|XH7P+G6,weekday_afternoon,20.48,6,4,13,3.25,Mysore Road
2026-05-21,2HM2+P8|XJV5+RG,weekday_afternoon,19.71,6,5,13,2.17,North Inner Ring
2026-05-21,WP44+W8|WJFH+XQ,weekday_afternoon,19.35,6,6,13,1.08,Sarjapur Road
2026-05-21,XMW9+G8|WMJR+V4,weekday_afternoon,18.17,6,7,13,0.0,East Outer Ring
2026-05-21,XHJ7+MG|WJM6+VC,weekday_afternoon,17.92,6,8,13,-1.08,Central Diagonal 1
2026-05-21,XJPW+92|WJP4+FF,weekday_afternoon,17.16,6,9,13,-2.17,East Inner Ring
2026-05-21,XG48+2W|VHWC+C3,weekday_afternoon,16.84,6,10,13,-3.25,South Outer Ring
2026-05-21,XPC7+72|XM33+J3,weekday_afternoon,16.77,6,11,13,-4.33,Old Airport Road
2026-05-21,2HVW+G8|XJXR+WG,weekday_afternoon,16.56,6,12,13,-5.42,North Outer Ring
2026-05-21,WHR9+R6|XJGF+6J,weekday_afternoon,15.25,6,13,13,-6.5,Central Diagonal 2
2026-05-22,XJG4+7J|5PX4+HQ,weekday_afternoon,35.72,6,1,13,6.5,Airport Expy
2026-05-22,VJRQ+2M|RMJJ+F4,weekday_afternoon,25.14,6,2,13,5.42,Hosur Road
2026-05-22,WH5F+26|WJ8X+F5W,weekday_afternoon,22.04,6,3,13,4.33,Double Decker Flyover
2026-05-22,XMW9+G8|WMJR+V4,weekday_afternoon,21.44,6,4,13,3.25,East Outer Ring
2026-05-22,WGG8+G5|XH7P+G6,weekday_afternoon,19.89,6,5,13,2.17,Mysore Road
2026-05-22,2HM2+P8|XJV5+RG,weekday_afternoon,19.32,6,6,13,1.08,North Inner Ring
2026-05-22,WP44+W8|WJFH+XQ,weekday_afternoon,18.66,6,7,13,0.0,Sarjapur Road
2026-05-22,2HVW+G8|XJXR+WG,weekday_afternoon,18.52,6,8,13,-1.08,North Outer Ring
2026-05-22,XHJ7+MG|WJM6+VC,weekday_afternoon,17.94,6,9,13,-2.17,Central Diagonal 1
2026-05-22,XPC7+72|XM33+J3,weekday_afternoon,17.19,6,10,13,-3.25,Old Airport Road
2026-05-22,XG48+2W|VHWC+C3,weekday_afternoon,16.92,6,11,13,-4.33,South Outer Ring
2026-05-22,XJPW+92|WJP4+FF,weekday_afternoon,16.48,6,12,13,-5.42,East Inner Ring
2026-05-22,WHR9+R6|XJGF+6J,weekday_afternoon,15.34,6,13,13,-6.5,Central Diagonal 2
2026-05-25,XJG4+7J|5PX4+HQ,weekday_afternoon,36.81,6,1,12,6.0,Airport Expy
2026-05-25,VJRQ+2M|RMJJ+F4,weekday_afternoon,26.63,6,2,12,4.91,Hosur Road
2026-05-25,WH5F+26|WJ8X+F5W,weekday_afternoon,23.59,6,3,12,3.82,Double Decker Flyover
2026-05-25,XMW9+G8|WMJR+V4,weekday_afternoon,21.44,6,4,12,2.73,East Outer Ring
2026-05-25,WP44+W8|WJFH+XQ,weekday_afternoon,20.8,6,5,12,1.64,Sarjapur Road
2026-05-25,WGG8+G5|XH7P+G6,weekday_afternoon,20.33,6,6,12,0.55,Mysore Road
2026-05-25,2HM2+P8|XJV5+RG,weekday_afternoon,19.45,6,7,12,-0.55,North Inner Ring
2026-05-25,2HVW+G8|XJXR+WG,weekday_afternoon,18.86,6,8,12,-1.64,North Outer Ring
2026-05-25,XPC7+72|XM33+J3,weekday_afternoon,18.81,6,9,12,-2.73,Old Airport Road
2026-05-25,XHJ7+MG|WJM6+VC,weekday_afternoon,18.23,6,10,12,-3.82,Central Diagonal 1
2026-05-25,XJPW+92|WJP4+FF,weekday_afternoon,17.32,6,11,12,-4.91,East Inner Ring
2026-05-25,WHR9+R6|XJGF+6J,weekday_afternoon,15.75,6,12,12,-6.0,Central Diagonal 2
2026-05-26,XJG4+7J|5PX4+HQ,weekday_afternoon,36.91,5,1,12,6.0,Airport Expy
2026-05-26,VJRQ+2M|RMJJ+F4,weekday_afternoon,26.49,5,2,12,4.91,Hosur Road
2026-05-26,WH5F+26|WJ8X+F5W,weekday_afternoon,22.47,5,3,12,3.82,Double Decker Flyover
2026-05-26,WGG8+G5|XH7P+G6,weekday_afternoon,20.64,5,4,12,2.73,Mysore Road
2026-05-26,2HM2+P8|XJV5+RG,weekday_afternoon,20.29,5,5,12,1.64,North Inner Ring
2026-05-26,WP44+W8|WJFH+XQ,weekday_afternoon,19.49,5,6,12,0.55,Sarjapur Road
2026-05-26,2HVW+G8|XJXR+WG,weekday_afternoon,19.19,5,7,12,-0.55,North Outer Ring
2026-05-26,XHJ7+MG|WJM6+VC,weekday_afternoon,19.05,5,8,12,-1.64,Central Diagonal 1
2026-05-26,XMW9+G8|WMJR+V4,weekday_afternoon,18.71,5,9,12,-2.73,East Outer Ring
2026-05-26,XPC7+72|XM33+J3,weekday_afternoon,18.29,5,10,12,-3.82,Old Airport Road
2026-05-26,XJPW+92|WJP4+FF,weekday_afternoon,17.39,5,11,12,-4.91,East Inner Ring
2026-05-26,WHR9+R6|XJGF+6J,weekday_afternoon,15.78,5,12,12,-6.0,Central Diagonal 2
2026-05-27,XJG4+7J|5PX4+HQ,weekday_afternoon,35.22,6,1,12,6.0,Airport Expy
2026-05-27,VJRQ+2M|RMJJ+F4,weekday_afternoon,26.77,6,2,12,4.91,Hosur Road
2026-05-27,WH5F+26|WJ8X+F5W,weekday_afternoon,22.39,6,3,12,3.82,Double Decker Flyover
2026-05-27,XMW9+G8|WMJR+V4,weekday_afternoon,20.51,6,4,12,2.73,East Outer Ring
2026-05-27,WP44+W8|WJFH+XQ,weekday_afternoon,19.07,6,5,12,1.64,Sarjapur Road
2026-05-27,2HM2+P8|XJV5+RG,weekday_afternoon,18.81,6,6,12,0.55,North Inner Ring
2026-05-27,WGG8+G5|XH7P+G6,weekday_afternoon,18.81,6,7,12,-0.55,Mysore Road
2026-05-27,XHJ7+MG|WJM6+VC,weekday_afternoon,18.46,6,8,12,-1.64,Central Diagonal 1
2026-05-27,XPC7+72|XM33+J3,weekday_afternoon,17.14,6,9,12,-2.73,Old Airport Road
2026-05-27,2HVW+G8|XJXR+WG,weekday_afternoon,16.53,6,10,12,-3.82,North Outer Ring
2026-05-27,XJPW+92|WJP4+FF,weekday_afternoon,16.48,6,11,12,-4.91,East Inner Ring
2026-05-27,WHR9+R6|XJGF+6J,weekday_afternoon,16.18,6,12,12,-6.0,Central Diagonal 2
2026-05-28,XJG4+7J|5PX4+HQ,weekday_afternoon,37.2,6,1,12,6.0,Airport Expy
2026-05-28,XMW9+G8|WMJR+V4,weekday_afternoon,28.94,6,2,12,4.91,East Outer Ring
2026-05-28,VJRQ+2M|RMJJ+F4,weekday_afternoon,26.95,6,3,12,3.82,Hosur Road
2026-05-28,WGG8+G5|XH7P+G6,weekday_afternoon,22.8,6,4,12,2.73,Mysore Road
2026-05-28,WH5F+26|WJ8X+F5W,weekday_afternoon,22.31,6,5,12,1.64,Double Decker Flyover
2026-05-28,WP44+W8|WJFH+XQ,weekday_afternoon,21.35,6,6,12,0.55,Sarjapur Road
2026-05-28,2HVW+G8|XJXR+WG,weekday_afternoon,21.04,6,7,12,-0.55,North Outer Ring
2026-05-28,XHJ7+MG|WJM6+VC,weekday_afternoon,20.68,6,8,12,-1.64,Central Diagonal 1
2026-05-28,2HM2+P8|XJV5+RG,weekday_afternoon,20.5,6,9,12,-2.73,North Inner Ring
2026-05-28,XPC7+72|XM33+J3,weekday_afternoon,20.42,6,10,12,-3.82,Old Airport Road
2026-05-28,XJPW+92|WJP4+FF,weekday_afternoon,19.2,6,11,12,-4.91,East Inner Ring
2026-05-28,WHR9+R6|XJGF+6J,weekday_afternoon,16.73,6,12,12,-6.0,Central Diagonal 2
2026-05-29,XJG4+7J|5PX4+HQ,weekday_afternoon,35.26,6,1,12,6.0,Airport Expy
2026-05-29,VJRQ+2M|RMJJ+F4,weekday_afternoon,26.87,6,2,12,4.91,Hosur Road
2026-05-29,XMW9+G8|WMJR+V4,weekday_afternoon,26.46,6,3,12,3.82,East Outer Ring
2026-05-29,WH5F+26|WJ8X+F5W,weekday_afternoon,22.59,6,4,12,2.73,Double Decker Flyover
2026-05-29,WGG8+G5|XH7P+G6,weekday_afternoon,21.77,6,5,12,1.64,Mysore Road
2026-05-29,2HVW+G8|XJXR+WG,weekday_afternoon,20.79,6,6,12,0.55,North Outer Ring
2026-05-29,WP44+W8|WJFH+XQ,weekday_afternoon,20.03,6,7,12,-0.55,Sarjapur Road
2026-05-29,2HM2+P8|XJV5+RG,weekday_afternoon,19.26,6,8,12,-1.64,North Inner Ring
2026-05-29,XHJ7+MG|WJM6+VC,weekday_afternoon,18.16,6,9,12,-2.73,Central Diagonal 1
2026-05-29,XPC7+72|XM33+J3,weekday_afternoon,18.07,6,10,12,-3.82,Old Airport Road
2026-05-29,XJPW+92|WJP4+FF,weekday_afternoon,17.17,6,11,12,-4.91,East Inner Ring
2026-05-29,WHR9+R6|XJGF+6J,weekday_afternoon,14.88,6,12,12,-6.0,Central Diagonal 2
2026-06-01,XJG4+7J|5PX4+HQ,weekday_afternoon,36.46,6,1,12,6.0,Airport Expy
2026-06-01,VJRQ+2M|RMJJ+F4,weekday_afternoon,28.16,6,2,12,4.91,Hosur Road
2026-06-01,WH5F+26|WJ8X+F5W,weekday_afternoon,23.1,6,3,12,3.82,Double Decker Flyover
2026-06-01,WGG8+G5|XH7P+G6,weekday_afternoon,19.98,6,4,12,2.73,Mysore Road
2026-06-01,WP44+W8|WJFH+XQ,weekday_afternoon,19.35,6,5,12,1.64,Sarjapur Road
2026-06-01,2HM2+P8|XJV5+RG,weekday_afternoon,19.28,6,6,12,0.55,North Inner Ring
2026-06-01,XHJ7+MG|WJM6+VC,weekday_afternoon,18.28,6,7,12,-0.55,Central Diagonal 1
2026-06-01,XJPW+92|WJP4+FF,weekday_afternoon,17.6,6,8,12,-1.64,East Inner Ring
2026-06-01,2HVW+G8|XJXR+WG,weekday_afternoon,17.31,6,9,12,-2.73,North Outer Ring
2026-06-01,XPC7+72|XM33+J3,weekday_afternoon,15.9,6,10,12,-3.82,Old Airport Road
2026-06-01,XMW9+G8|WMJR+V4,weekday_afternoon,15.4,6,11,12,-4.91,East Outer Ring
2026-06-01,WHR9+R6|XJGF+6J,weekday_afternoon,15.21,6,12,12,-6.0,Central Diagonal 2
2026-06-02,XJG4+7J|5PX4+HQ,weekday_afternoon,35.37,6,1,12,6.0,Airport Expy
2026-06-02,VJRQ+2M|RMJJ+F4,weekday_afternoon,26.07,6,2,12,4.91,Hosur Road
2026-06-02,WH5F+26|WJ8X+F5W,weekday_afternoon,22.87,6,3,12,3.82,Double Decker Flyover
2026-06-02,WGG8+G5|XH7P+G6,weekday_afternoon,21.08,6,4,12,2.73,Mysore Road
2026-06-02,2HM2+P8|XJV5+RG,weekday_afternoon,19.33,6,5,12,1.64,North Inner Ring
2026-06-02,WP44+W8|WJFH+XQ,weekday_afternoon,18.05,6,6,12,0.55,Sarjapur Road
2026-06-02,XHJ7+MG|WJM6+VC,weekday_afternoon,17.62,6,7,12,-0.55,Central Diagonal 1
2026-06-02,XJPW+92|WJP4+FF,weekday_afternoon,17.24,6,8,12,-1.64,East Inner Ring
2026-06-02,2HVW+G8|XJXR+WG,weekday_afternoon,16.66,6,9,12,-2.73,North Outer Ring
2026-06-02,XPC7+72|XM33+J3,weekday_afternoon,16.07,6,10,12,-3.82,Old Airport Road
2026-06-02,XMW9+G8|WMJR+V4,weekday_afternoon,15.73,6,11,12,-4.91,East Outer Ring
2026-06-02,WHR9+R6|XJGF+6J,weekday_afternoon,14.81,6,12,12,-6.0,Central Diagonal 2
2026-06-03,XJG4+7J|5PX4+HQ,weekday_afternoon,33.08,6,1,12,6.0,Airport Expy
2026-06-03,VJRQ+2M|RMJJ+F4,weekday_afternoon,25.62,6,2,12,4.91,Hosur Road
2026-06-03,WH5F+26|WJ8X+F5W,weekday_afternoon,21.87,6,3,12,3.82,Double Decker Flyover
2026-06-03,WGG8+G5|XH7P+G6,weekday_afternoon,20.9,6,4,12,2.73,Mysore Road
2026-06-03,2HM2+P8|XJV5+RG,weekday_afternoon,18.33,6,5,12,1.64,North Inner Ring
2026-06-03,WP44+W8|WJFH+XQ,weekday_afternoon,17.73,6,6,12,0.55,Sarjapur Road
2026-06-03,XHJ7+MG|WJM6+VC,weekday_afternoon,17.71,6,7,12,-0.55,Central Diagonal 1
2026-06-03,XJPW+92|WJP4+FF,weekday_afternoon,15.52,6,8,12,-1.64,East Inner Ring
2026-06-03,2HVW+G8|XJXR+WG,weekday_afternoon,15.3,6,9,12,-2.73,North Outer Ring
2026-06-03,XPC7+72|XM33+J3,weekday_afternoon,14.49,6,10,12,-3.82,Old Airport Road
2026-06-03,WHR9+R6|XJGF+6J,weekday_afternoon,13.87,6,11,12,-4.91,Central Diagonal 2
2026-06-03,XMW9+G8|WMJR+V4,weekday_afternoon,11.87,6,12,12,-6.0,East Outer Ring
2026-06-04,XJG4+7J|5PX4+HQ,weekday_afternoon,31.97,6,1,12,6.0,Airport Expy
2026-06-04,VJRQ+2M|RMJJ+F4,weekday_afternoon,23.75,6,2,12,4.91,Hosur Road
2026-06-04,WH5F+26|WJ8X+F5W,weekday_afternoon,22.46,6,3,12,3.82,Double Decker Flyover
2026-06-04,WGG8+G5|XH7P+G6,weekday_afternoon,20.61,6,4,12,2.73,Mysore Road
2026-06-04,XMW9+G8|WMJR+V4,weekday_afternoon,20.26,6,5,12,1.64,East Outer Ring
2026-06-04,WP44+W8|WJFH+XQ,weekday_afternoon,17.6,6,6,12,0.55,Sarjapur Road
2026-06-04,2HM2+P8|XJV5+RG,weekday_afternoon,17.38,6,7,12,-0.55,North Inner Ring
2026-06-04,XPC7+72|XM33+J3,weekday_afternoon,17.17,6,8,12,-1.64,Old Airport Road
2026-06-04,XHJ7+MG|WJM6+VC,weekday_afternoon,16.46,6,9,12,-2.73,Central Diagonal 1
2026-06-04,XJPW+92|WJP4+FF,weekday_afternoon,16.16,6,10,12,-3.82,East Inner Ring
2026-06-04,2HVW+G8|XJXR+WG,weekday_afternoon,15.77,6,11,12,-4.91,North Outer Ring
2026-06-04,WHR9+R6|XJGF+6J,weekday_afternoon,13.82,6,12,12,-6.0,Central Diagonal 2
2026-06-05,XJG4+7J|5PX4+HQ,weekday_afternoon,32.75,6,1,12,6.0,Airport Expy
2026-06-05,VJRQ+2M|RMJJ+F4,weekday_afternoon,25.8,6,2,12,4.91,Hosur Road
2026-06-05,WH5F+26|WJ8X+F5W,weekday_afternoon,23.52,6,3,12,3.82,Double Decker Flyover
2026-06-05,XMW9+G8|WMJR+V4,weekday_afternoon,23.04,6,4,12,2.73,East Outer Ring
2026-06-05,WGG8+G5|XH7P+G6,weekday_afternoon,20.96,6,5,12,1.64,Mysore Road
2026-06-05,2HM2+P8|XJV5+RG,weekday_afternoon,18.59,6,6,12,0.55,North Inner Ring
2026-06-05,XPC7+72|XM33+J3,weekday_afternoon,18.33,6,7,12,-0.55,Old Airport Road
2026-06-05,2HVW+G8|XJXR+WG,weekday_afternoon,18.25,6,8,12,-1.64,North Outer Ring
2026-06-05,XHJ7+MG|WJM6+VC,weekday_afternoon,17.72,6,9,12,-2.73,Central Diagonal 1
2026-06-05,WP44+W8|WJFH+XQ,weekday_afternoon,17.63,6,10,12,-3.82,Sarjapur Road
2026-06-05,XJPW+92|WJP4+FF,weekday_afternoon,16.54,6,11,12,-4.91,East Inner Ring
2026-06-05,WHR9+R6|XJGF+6J,weekday_afternoon,14.41,6,12,12,-6.0,Central Diagonal 2
2026-06-08,XJG4+7J|5PX4+HQ,weekday_afternoon,35.39,6,1,12,6.0,Airport Expy
2026-06-08,VJRQ+2M|RMJJ+F4,weekday_afternoon,26.73,6,2,12,4.91,Hosur Road
2026-06-08,WH5F+26|WJ8X+F5W,weekday_afternoon,22.88,6,3,12,3.82,Double Decker Flyover
2026-06-08,WGG8+G5|XH7P+G6,weekday_afternoon,20.33,6,4,12,2.73,Mysore Road
2026-06-08,XMW9+G8|WMJR+V4,weekday_afternoon,20.1,6,5,12,1.64,East Outer Ring
2026-06-08,2HM2+P8|XJV5+RG,weekday_afternoon,18.97,6,6,12,0.55,North Inner Ring
2026-06-08,WP44+W8|WJFH+XQ,weekday_afternoon,18.78,6,7,12,-0.55,Sarjapur Road
2026-06-08,XHJ7+MG|WJM6+VC,weekday_afternoon,18.49,6,8,12,-1.64,Central Diagonal 1
2026-06-08,2HVW+G8|XJXR+WG,weekday_afternoon,17.71,6,9,12,-2.73,North Outer Ring
2026-06-08,XPC7+72|XM33+J3,weekday_afternoon,16.9,6,10,12,-3.82,Old Airport Road
2026-06-08,XJPW+92|WJP4+FF,weekday_afternoon,16.72,6,11,12,-4.91,East Inner Ring
2026-06-08,WHR9+R6|XJGF+6J,weekday_afternoon,14.9,6,12,12,-6.0,Central Diagonal 2
2026-06-09,XJG4+7J|5PX4+HQ,weekday_afternoon,34.61,18,1,12,6.0,Airport Expy
2026-06-09,VJRQ+2M|RMJJ+F4,weekday_afternoon,25.98,18,2,12,4.91,Hosur Road
2026-06-09,WH5F+26|WJ8X+F5W,weekday_afternoon,23.56,18,3,12,3.82,Double Decker Flyover
2026-06-09,WGG8+G5|XH7P+G6,weekday_afternoon,20.74,18,4,12,2.73,Mysore Road
2026-06-09,2HM2+P8|XJV5+RG,weekday_afternoon,19.36,18,5,12,1.64,North Inner Ring
2026-06-09,WP44+W8|WJFH+XQ,weekday_afternoon,18.18,18,6,12,0.55,Sarjapur Road
2026-06-09,XHJ7+MG|WJM6+VC,weekday_afternoon,17.04,18,7,12,-0.55,Central Diagonal 1
2026-06-09,XMW9+G8|WMJR+V4,weekday_afternoon,16.78,18,8,12,-1.64,East Outer Ring
2026-06-09,2HVW+G8|XJXR+WG,weekday_afternoon,16.47,18,9,12,-2.73,North Outer Ring
2026-06-09,XPC7+72|XM33+J3,weekday_afternoon,15.91,18,10,12,-3.82,Old Airport Road
2026-06-09,XJPW+92|WJP4+FF,weekday_afternoon,15.79,18,11,12,-4.91,East Inner Ring
2026-06-09,WHR9+R6|XJGF+6J,weekday_afternoon,15.02,18,12,12,-6.0,Central Diagonal 2
2026-06-10,XJG4+7J|5PX4+HQ,weekday_afternoon,33.83,18,1,12,6.0,Airport Expy
2026-06-10,VJRQ+2M|RMJJ+F4,weekday_afternoon,25.11,18,2,12,4.91,Hosur Road
2026-06-10,WH5F+26|WJ8X+F5W,weekday_afternoon,23.09,18,3,12,3.82,Double Decker Flyover
2026-06-10,WGG8+G5|XH7P+G6,weekday_afternoon,20.55,18,4,12,2.73,Mysore Road
2026-06-10,2HM2+P8|XJV5+RG,weekday_afternoon,18.5,18,5,12,1.64,North Inner Ring
2026-06-10,WP44+W8|WJFH+XQ,weekday_afternoon,17.25,18,6,12,0.55,Sarjapur Road
2026-06-10,XHJ7+MG|WJM6+VC,weekday_afternoon,16.72,18,7,12,-0.55,Central Diagonal 1
2026-06-10,XMW9+G8|WMJR+V4,weekday_afternoon,16.03,18,8,12,-1.64,East Outer Ring
2026-06-10,XPC7+72|XM33+J3,weekday_afternoon,15.8,18,9,12,-2.73,Old Airport Road
2026-06-10,XJPW+92|WJP4+FF,weekday_afternoon,15.59,18,10,12,-3.82,East Inner Ring
2026-06-10,2HVW+G8|XJXR+WG,weekday_afternoon,15.49,18,11,12,-4.91,North Outer Ring
2026-06-10,WHR9+R6|XJGF+6J,weekday_afternoon,14.04,18,12,12,-6.0,Central Diagonal 2
2025-09-25,XJG4+7J|5PX4+HQ,weekday_evening,35.79,1,1,11,5.5,Airport Expy
2025-09-25,XMW9+G8|WMJR+V4,weekday_evening,27.5,4,2,11,4.4,East Outer Ring
2025-09-25,VJRQ+2M|RMJJ+F4,weekday_evening,25.98,4,3,11,3.3,Hosur Road
2025-09-25,WH5F+26|WJ8X+F5W,weekday_evening,24.33,4,4,11,2.2,Double Decker Flyover
2025-09-25,XPC7+72|XM33+J3,weekday_evening,18.15,4,5,11,1.1,Old Airport Road
2025-09-25,2HM2+P8|XJV5+RG,weekday_evening,17.98,4,6,11,0.0,North Inner Ring
2025-09-25,XHJ7+MG|WJM6+VC,weekday_evening,17.63,4,7,11,-1.1,Central Diagonal 1
2025-09-25,WHR9+R6|XJGF+6J,weekday_evening,17.21,4,8,11,-2.2,Central Diagonal 2
2025-09-25,2HVW+G8|XJXR+WG,weekday_evening,16.57,4,9,11,-3.3,North Outer Ring
2025-09-25,XJPW+92|WJP4+FF,weekday_evening,16.52,4,10,11,-4.4,East Inner Ring
2025-09-25,XG48+2W|VHWC+C3,weekday_evening,15.35,4,11,11,-5.5,South Outer Ring
2025-09-26,XJG4+7J|5PX4+HQ,weekday_evening,31.56,4,1,11,5.5,Airport Expy
2025-09-26,XMW9+G8|WMJR+V4,weekday_evening,25.61,4,2,11,4.4,East Outer Ring
2025-09-26,WH5F+26|WJ8X+F5W,weekday_evening,23.87,4,3,11,3.3,Double Decker Flyover
2025-09-26,VJRQ+2M|RMJJ+F4,weekday_evening,23.69,4,4,11,2.2,Hosur Road
2025-09-26,XPC7+72|XM33+J3,weekday_evening,18.11,4,5,11,1.1,Old Airport Road
2025-09-26,2HM2+P8|XJV5+RG,weekday_evening,17.87,4,6,11,0.0,North Inner Ring
2025-09-26,XHJ7+MG|WJM6+VC,weekday_evening,17.44,4,7,11,-1.1,Central Diagonal 1
2025-09-26,WHR9+R6|XJGF+6J,weekday_evening,17.3,4,8,11,-2.2,Central Diagonal 2
2025-09-26,2HVW+G8|XJXR+WG,weekday_evening,16.0,4,9,11,-3.3,North Outer Ring
2025-09-26,XJPW+92|WJP4+FF,weekday_evening,15.92,4,10,11,-4.4,East Inner Ring
2025-09-26,XG48+2W|VHWC+C3,weekday_evening,14.59,4,11,11,-5.5,South Outer Ring
2025-09-29,XJG4+7J|5PX4+HQ,weekday_evening,32.51,4,1,11,5.5,Airport Expy
2025-09-29,XMW9+G8|WMJR+V4,weekday_evening,30.01,4,2,11,4.4,East Outer Ring
2025-09-29,VJRQ+2M|RMJJ+F4,weekday_evening,24.73,4,3,11,3.3,Hosur Road
2025-09-29,WH5F+26|WJ8X+F5W,weekday_evening,23.54,4,4,11,2.2,Double Decker Flyover
2025-09-29,XPC7+72|XM33+J3,weekday_evening,19.27,4,5,11,1.1,Old Airport Road
2025-09-29,2HM2+P8|XJV5+RG,weekday_evening,19.12,4,6,11,0.0,North Inner Ring
2025-09-29,2HVW+G8|XJXR+WG,weekday_evening,19.11,4,7,11,-1.1,North Outer Ring
2025-09-29,XHJ7+MG|WJM6+VC,weekday_evening,18.74,4,8,11,-2.2,Central Diagonal 1
2025-09-29,WHR9+R6|XJGF+6J,weekday_evening,17.82,4,9,11,-3.3,Central Diagonal 2
2025-09-29,XJPW+92|WJP4+FF,weekday_evening,17.72,4,10,11,-4.4,East Inner Ring
2025-09-29,XG48+2W|VHWC+C3,weekday_evening,15.32,4,11,11,-5.5,South Outer Ring
2025-09-30,XJG4+7J|5PX4+HQ,weekday_evening,34.13,4,1,11,5.5,Airport Expy
2025-09-30,XMW9+G8|WMJR+V4,weekday_evening,29.22,4,2,11,4.4,East Outer Ring
2025-09-30,VJRQ+2M|RMJJ+F4,weekday_evening,26.37,4,3,11,3.3,Hosur Road
2025-09-30,WH5F+26|WJ8X+F5W,weekday_evening,22.49,4,4,11,2.2,Double Decker Flyover
2025-09-30,2HM2+P8|XJV5+RG,weekday_evening,19.13,4,5,11,1.1,North Inner Ring
2025-09-30,2HVW+G8|XJXR+WG,weekday_evening,18.85,4,6,11,0.0,North Outer Ring
2025-09-30,XHJ7+MG|WJM6+VC,weekday_evening,18.77,4,7,11,-1.1,Central Diagonal 1
2025-09-30,WHR9+R6|XJGF+6J,weekday_evening,17.89,4,8,11,-2.2,Central Diagonal 2
2025-09-30,XPC7+72|XM33+J3,weekday_evening,17.83,4,9,11,-3.3,Old Airport Road
2025-09-30,XJPW+92|WJP4+FF,weekday_evening,17.65,4,10,11,-4.4,East Inner Ring
2025-09-30,XG48+2W|VHWC+C3,weekday_evening,15.01,4,11,11,-5.5,South Outer Ring
2025-10-01,XJG4+7J|5PX4+HQ,weekday_evening,37.29,4,1,12,6.0,Airport Expy
2025-10-01,VJRQ+2M|RMJJ+F4,weekday_evening,32.62,4,2,12,4.91,Hosur Road
2025-10-01,XMW9+G8|WMJR+V4,weekday_evening,31.94,4,3,12,3.82,East Outer Ring
2025-10-01,WH5F+26|WJ8X+F5W,weekday_evening,26.18,4,4,12,2.73,Double Decker Flyover
2025-10-01,WGG8+G5|XH7P+G6,weekday_evening,24.23,4,5,12,1.64,Mysore Road
2025-10-01,XPC7+72|XM33+J3,weekday_evening,23.58,4,6,12,0.55,Old Airport Road
2025-10-01,XHJ7+MG|WJM6+VC,weekday_evening,22.46,4,7,12,-0.55,Central Diagonal 1
2025-10-01,2HVW+G8|XJXR+WG,weekday_evening,19.5,4,8,12,-1.64,North Outer Ring
2025-10-01,WHR9+R6|XJGF+6J,weekday_evening,19.41,4,9,12,-2.73,Central Diagonal 2
2025-10-01,XJPW+92|WJP4+FF,weekday_evening,19.4,4,10,12,-3.82,East Inner Ring
2025-10-01,XG48+2W|VHWC+C3,weekday_evening,19.03,4,11,12,-4.91,South Outer Ring
2025-10-01,2HM2+P8|XJV5+RG,weekday_evening,17.15,4,12,12,-6.0,North Inner Ring
2025-10-02,XJG4+7J|5PX4+HQ,weekday_evening,42.23,4,1,12,6.0,Airport Expy
2025-10-02,VJRQ+2M|RMJJ+F4,weekday_evening,31.43,4,2,12,4.91,Hosur Road
2025-10-02,XMW9+G8|WMJR+V4,weekday_evening,30.95,4,3,12,3.82,East Outer Ring
2025-10-02,WH5F+26|WJ8X+F5W,weekday_evening,24.74,4,4,12,2.73,Double Decker Flyover
2025-10-02,XPC7+72|XM33+J3,weekday_evening,23.09,4,5,12,1.64,Old Airport Road
2025-10-02,2HVW+G8|XJXR+WG,weekday_evening,21.67,4,6,12,0.55,North Outer Ring
2025-10-02,2HM2+P8|XJV5+RG,weekday_evening,20.27,4,7,12,-0.55,North Inner Ring
2025-10-02,XHJ7+MG|WJM6+VC,weekday_evening,19.43,4,8,12,-1.64,Central Diagonal 1
2025-10-02,XJPW+92|WJP4+FF,weekday_evening,18.44,4,9,12,-2.73,East Inner Ring
2025-10-02,WHR9+R6|XJGF+6J,weekday_evening,18.24,4,10,12,-3.82,Central Diagonal 2
2025-10-02,XG48+2W|VHWC+C3,weekday_evening,18.15,4,11,12,-4.91,South Outer Ring
2025-10-02,WGG8+G5|XH7P+G6,weekday_evening,16.75,4,12,12,-6.0,Mysore Road
2025-10-03,XJG4+7J|5PX4+HQ,weekday_evening,37.75,4,1,12,6.0,Airport Expy
2025-10-03,XMW9+G8|WMJR+V4,weekday_evening,32.34,4,2,12,4.91,East Outer Ring
2025-10-03,VJRQ+2M|RMJJ+F4,weekday_evening,26.46,4,3,12,3.82,Hosur Road
2025-10-03,WH5F+26|WJ8X+F5W,weekday_evening,23.49,4,4,12,2.73,Double Decker Flyover
2025-10-03,XPC7+72|XM33+J3,weekday_evening,22.05,4,5,12,1.64,Old Airport Road
2025-10-03,2HVW+G8|XJXR+WG,weekday_evening,21.04,4,6,12,0.55,North Outer Ring
2025-10-03,2HM2+P8|XJV5+RG,weekday_evening,20.13,4,7,12,-0.55,North Inner Ring
2025-10-03,XHJ7+MG|WJM6+VC,weekday_evening,19.27,4,8,12,-1.64,Central Diagonal 1
2025-10-03,XJPW+92|WJP4+FF,weekday_evening,18.36,4,9,12,-2.73,East Inner Ring
2025-10-03,WHR9+R6|XJGF+6J,weekday_evening,17.73,4,10,12,-3.82,Central Diagonal 2
2025-10-03,WGG8+G5|XH7P+G6,weekday_evening,16.97,4,11,12,-4.91,Mysore Road
2025-10-03,XG48+2W|VHWC+C3,weekday_evening,15.64,4,12,12,-6.0,South Outer Ring
2025-10-06,XJG4+7J|5PX4+HQ,weekday_evening,33.85,4,1,13,6.5,Airport Expy
2025-10-06,WH5F+26|WJ8X+F5W,weekday_evening,24.75,4,2,13,5.42,Double Decker Flyover
2025-10-06,XMW9+G8|WMJR+V4,weekday_evening,24.45,4,3,13,4.33,East Outer Ring
2025-10-06,VJRQ+2M|RMJJ+F4,weekday_evening,23.33,4,4,13,3.25,Hosur Road
2025-10-06,2HVW+G8|XJXR+WG,weekday_evening,18.92,4,5,13,2.17,North Outer Ring
2025-10-06,WGG8+G5|XH7P+G6,weekday_evening,18.89,4,6,13,1.08,Mysore Road
2025-10-06,XPC7+72|XM33+J3,weekday_evening,18.64,4,7,13,0.0,Old Airport Road
2025-10-06,XHJ7+MG|WJM6+VC,weekday_evening,18.62,4,8,13,-1.08,Central Diagonal 1
2025-10-06,2HM2+P8|XJV5+RG,weekday_evening,18.16,4,9,13,-2.17,North Inner Ring
2025-10-06,WHR9+R6|XJGF+6J,weekday_evening,18.06,4,10,13,-3.25,Central Diagonal 2
2025-10-06,WP44+W8|WJFH+XQ,weekday_evening,17.47,4,11,13,-4.33,Sarjapur Road
2025-10-06,XJPW+92|WJP4+FF,weekday_evening,16.2,4,12,13,-5.42,East Inner Ring
2025-10-06,XG48+2W|VHWC+C3,weekday_evening,15.93,4,13,13,-6.5,South Outer Ring
2025-10-07,XJG4+7J|5PX4+HQ,weekday_evening,35.31,4,1,13,6.5,Airport Expy
2025-10-07,XMW9+G8|WMJR+V4,weekday_evening,26.08,4,2,13,5.42,East Outer Ring
2025-10-07,VJRQ+2M|RMJJ+F4,weekday_evening,25.31,4,3,13,4.33,Hosur Road
2025-10-07,WH5F+26|WJ8X+F5W,weekday_evening,24.28,4,4,13,3.25,Double Decker Flyover
2025-10-07,WGG8+G5|XH7P+G6,weekday_evening,20.25,4,5,13,2.17,Mysore Road
2025-10-07,XHJ7+MG|WJM6+VC,weekday_evening,19.89,4,6,13,1.08,Central Diagonal 1
2025-10-07,2HM2+P8|XJV5+RG,weekday_evening,19.75,4,7,13,0.0,North Inner Ring
2025-10-07,2HVW+G8|XJXR+WG,weekday_evening,18.66,4,8,13,-1.08,North Outer Ring
2025-10-07,WHR9+R6|XJGF+6J,weekday_evening,17.59,4,9,13,-2.17,Central Diagonal 2
2025-10-07,XPC7+72|XM33+J3,weekday_evening,17.4,4,10,13,-3.25,Old Airport Road
2025-10-07,WP44+W8|WJFH+XQ,weekday_evening,17.05,4,11,13,-4.33,Sarjapur Road
2025-10-07,XJPW+92|WJP4+FF,weekday_evening,16.29,4,12,13,-5.42,East Inner Ring
2025-10-07,XG48+2W|VHWC+C3,weekday_evening,15.94,4,13,13,-6.5,South Outer Ring
2025-10-08,XJG4+7J|5PX4+HQ,weekday_evening,32.01,4,1,13,6.5,Airport Expy
2025-10-08,VJRQ+2M|RMJJ+F4,weekday_evening,25.99,4,2,13,5.42,Hosur Road
2025-10-08,WH5F+26|WJ8X+F5W,weekday_evening,23.5,4,3,13,4.33,Double Decker Flyover
2025-10-08,WGG8+G5|XH7P+G6,weekday_evening,18.69,4,4,13,3.25,Mysore Road
2025-10-08,XMW9+G8|WMJR+V4,weekday_evening,18.56,4,5,13,2.17,East Outer Ring
2025-10-08,2HM2+P8|XJV5+RG,weekday_evening,18.55,4,6,13,1.08,North Inner Ring
2025-10-08,XHJ7+MG|WJM6+VC,weekday_evening,18.4,4,7,13,0.0,Central Diagonal 1
2025-10-08,WHR9+R6|XJGF+6J,weekday_evening,16.75,4,8,13,-1.08,Central Diagonal 2
2025-10-08,2HVW+G8|XJXR+WG,weekday_evening,16.68,4,9,13,-2.17,North Outer Ring
2025-10-08,WP44+W8|WJFH+XQ,weekday_evening,16.6,4,10,13,-3.25,Sarjapur Road
2025-10-08,XPC7+72|XM33+J3,weekday_evening,16.52,4,11,13,-4.33,Old Airport Road
2025-10-08,XJPW+92|WJP4+FF,weekday_evening,15.62,4,12,13,-5.42,East Inner Ring
2025-10-08,XG48+2W|VHWC+C3,weekday_evening,15.29,4,13,13,-6.5,South Outer Ring
2025-10-09,XJG4+7J|5PX4+HQ,weekday_evening,32.62,3,1,13,6.5,Airport Expy
2025-10-09,VJRQ+2M|RMJJ+F4,weekday_evening,24.55,3,2,13,5.42,Hosur Road
2025-10-09,WGG8+G5|XH7P+G6,weekday_evening,20.9,3,3,13,4.33,Mysore Road
2025-10-09,WH5F+26|WJ8X+F5W,weekday_evening,19.08,3,4,13,3.25,Double Decker Flyover
2025-10-09,2HM2+P8|XJV5+RG,weekday_evening,18.43,3,5,13,2.17,North Inner Ring
2025-10-09,2HVW+G8|XJXR+WG,weekday_evening,17.87,3,6,13,1.08,North Outer Ring
2025-10-09,XHJ7+MG|WJM6+VC,weekday_evening,17.03,3,7,13,0.0,Central Diagonal 1
2025-10-09,WHR9+R6|XJGF+6J,weekday_evening,16.02,3,8,13,-1.08,Central Diagonal 2
2025-10-09,XG48+2W|VHWC+C3,weekday_evening,15.59,3,9,13,-2.17,South Outer Ring
2025-10-09,XJPW+92|WJP4+FF,weekday_evening,14.93,3,10,13,-3.25,East Inner Ring
2025-10-09,WP44+W8|WJFH+XQ,weekday_evening,14.36,3,11,13,-4.33,Sarjapur Road
2025-10-09,XMW9+G8|WMJR+V4,weekday_evening,14.3,3,12,13,-5.42,East Outer Ring
2025-10-09,XPC7+72|XM33+J3,weekday_evening,12.85,3,13,13,-6.5,Old Airport Road
2025-10-10,XJG4+7J|5PX4+HQ,weekday_evening,29.8,4,1,13,6.5,Airport Expy
2025-10-10,VJRQ+2M|RMJJ+F4,weekday_evening,25.41,4,2,13,5.42,Hosur Road
2025-10-10,XMW9+G8|WMJR+V4,weekday_evening,24.79,4,3,13,4.33,East Outer Ring
2025-10-10,WH5F+26|WJ8X+F5W,weekday_evening,23.76,4,4,13,3.25,Double Decker Flyover
2025-10-10,WGG8+G5|XH7P+G6,weekday_evening,17.44,4,5,13,2.17,Mysore Road
2025-10-10,2HM2+P8|XJV5+RG,weekday_evening,17.06,4,6,13,1.08,North Inner Ring
2025-10-10,XHJ7+MG|WJM6+VC,weekday_evening,16.73,4,7,13,0.0,Central Diagonal 1
2025-10-10,XPC7+72|XM33+J3,weekday_evening,15.91,4,8,13,-1.08,Old Airport Road
2025-10-10,2HVW+G8|XJXR+WG,weekday_evening,15.56,4,9,13,-2.17,North Outer Ring
2025-10-10,XJPW+92|WJP4+FF,weekday_evening,15.29,4,10,13,-3.25,East Inner Ring
2025-10-10,WHR9+R6|XJGF+6J,weekday_evening,15.13,4,11,13,-4.33,Central Diagonal 2
2025-10-10,XG48+2W|VHWC+C3,weekday_evening,14.74,4,12,13,-5.42,South Outer Ring
2025-10-10,WP44+W8|WJFH+XQ,weekday_evening,14.44,4,13,13,-6.5,Sarjapur Road
2025-10-13,XJG4+7J|5PX4+HQ,weekday_evening,32.65,4,1,13,6.5,Airport Expy
2025-10-13,VJRQ+2M|RMJJ+F4,weekday_evening,25.71,4,2,13,5.42,Hosur Road
2025-10-13,WH5F+26|WJ8X+F5W,weekday_evening,23.84,4,3,13,4.33,Double Decker Flyover
2025-10-13,XMW9+G8|WMJR+V4,weekday_evening,23.23,4,4,13,3.25,East Outer Ring
2025-10-13,WGG8+G5|XH7P+G6,weekday_evening,19.77,4,5,13,2.17,Mysore Road
2025-10-13,2HM2+P8|XJV5+RG,weekday_evening,19.33,4,6,13,1.08,North Inner Ring
2025-10-13,XPC7+72|XM33+J3,weekday_evening,17.99,4,7,13,0.0,Old Airport Road
2025-10-13,XHJ7+MG|WJM6+VC,weekday_evening,17.58,4,8,13,-1.08,Central Diagonal 1
2025-10-13,2HVW+G8|XJXR+WG,weekday_evening,17.5,4,9,13,-2.17,North Outer Ring
2025-10-13,WP44+W8|WJFH+XQ,weekday_evening,17.36,4,10,13,-3.25,Sarjapur Road
2025-10-13,WHR9+R6|XJGF+6J,weekday_evening,16.94,4,11,13,-4.33,Central Diagonal 2
2025-10-13,XJPW+92|WJP4+FF,weekday_evening,16.3,4,12,13,-5.42,East Inner Ring
2025-10-13,XG48+2W|VHWC+C3,weekday_evening,15.7,4,13,13,-6.5,South Outer Ring
2025-10-14,XJG4+7J|5PX4+HQ,weekday_evening,33.38,4,1,13,6.5,Airport Expy
2025-10-14,VJRQ+2M|RMJJ+F4,weekday_evening,26.62,4,2,13,5.42,Hosur Road
2025-10-14,WH5F+26|WJ8X+F5W,weekday_evening,23.05,4,3,13,4.33,Double Decker Flyover
2025-10-14,WGG8+G5|XH7P+G6,weekday_evening,19.58,4,4,13,3.25,Mysore Road
2025-10-14,2HM2+P8|XJV5+RG,weekday_evening,19.04,4,5,13,2.17,North Inner Ring
2025-10-14,2HVW+G8|XJXR+WG,weekday_evening,17.59,4,6,13,1.08,North Outer Ring
2025-10-14,XHJ7+MG|WJM6+VC,weekday_evening,17.33,4,7,13,0.0,Central Diagonal 1
2025-10-14,WP44+W8|WJFH+XQ,weekday_evening,16.78,4,8,13,-1.08,Sarjapur Road
2025-10-14,WHR9+R6|XJGF+6J,weekday_evening,16.4,4,9,13,-2.17,Central Diagonal 2
2025-10-14,XG48+2W|VHWC+C3,weekday_evening,15.43,4,10,13,-3.25,South Outer Ring
2025-10-14,XJPW+92|WJP4+FF,weekday_evening,15.14,4,11,13,-4.33,East Inner Ring
2025-10-14,XMW9+G8|WMJR+V4,weekday_evening,13.56,4,12,13,-5.42,East Outer Ring
2025-10-14,XPC7+72|XM33+J3,weekday_evening,12.77,4,13,13,-6.5,Old Airport Road
2025-10-15,XJG4+7J|5PX4+HQ,weekday_evening,31.09,4,1,13,6.5,Airport Expy
2025-10-15,VJRQ+2M|RMJJ+F4,weekday_evening,25.56,4,2,13,5.42,Hosur Road
2025-10-15,WH5F+26|WJ8X+F5W,weekday_evening,22.11,4,3,13,4.33,Double Decker Flyover
2025-10-15,WGG8+G5|XH7P+G6,weekday_evening,18.98,4,4,13,3.25,Mysore Road
2025-10-15,2HM2+P8|XJV5+RG,weekday_evening,18.53,4,5,13,2.17,North Inner Ring
2025-10-15,XMW9+G8|WMJR+V4,weekday_evening,17.1,4,6,13,1.08,East Outer Ring
2025-10-15,2HVW+G8|XJXR+WG,weekday_evening,16.09,4,7,13,0.0,North Outer Ring
2025-10-15,WHR9+R6|XJGF+6J,weekday_evening,15.44,4,8,13,-1.08,Central Diagonal 2
2025-10-15,XG48+2W|VHWC+C3,weekday_evening,15.22,4,9,13,-2.17,South Outer Ring
2025-10-15,XHJ7+MG|WJM6+VC,weekday_evening,14.72,4,10,13,-3.25,Central Diagonal 1
2025-10-15,WP44+W8|WJFH+XQ,weekday_evening,14.15,4,11,13,-4.33,Sarjapur Road
2025-10-15,XPC7+72|XM33+J3,weekday_evening,13.55,4,12,13,-5.42,Old Airport Road
2025-10-15,XJPW+92|WJP4+FF,weekday_evening,13.28,4,13,13,-6.5,East Inner Ring
2025-10-16,XJG4+7J|5PX4+HQ,weekday_evening,31.1,4,1,13,6.5,Airport Expy
2025-10-16,XMW9+G8|WMJR+V4,weekday_evening,24.18,4,2,13,5.42,East Outer Ring
2025-10-16,VJRQ+2M|RMJJ+F4,weekday_evening,23.86,4,3,13,4.33,Hosur Road
2025-10-16,WH5F+26|WJ8X+F5W,weekday_evening,22.29,4,4,13,3.25,Double Decker Flyover
2025-10-16,2HM2+P8|XJV5+RG,weekday_evening,18.8,4,5,13,2.17,North Inner Ring
2025-10-16,WGG8+G5|XH7P+G6,weekday_evening,17.62,4,6,13,1.08,Mysore Road
2025-10-16,XPC7+72|XM33+J3,weekday_evening,16.87,4,7,13,0.0,Old Airport Road
2025-10-16,2HVW+G8|XJXR+WG,weekday_evening,16.65,4,8,13,-1.08,North Outer Ring
2025-10-16,WP44+W8|WJFH+XQ,weekday_evening,16.38,4,9,13,-2.17,Sarjapur Road
2025-10-16,XHJ7+MG|WJM6+VC,weekday_evening,15.98,4,10,13,-3.25,Central Diagonal 1
2025-10-16,XG48+2W|VHWC+C3,weekday_evening,15.67,4,11,13,-4.33,South Outer Ring
2025-10-16,WHR9+R6|XJGF+6J,weekday_evening,15.03,4,12,13,-5.42,Central Diagonal 2
2025-10-16,XJPW+92|WJP4+FF,weekday_evening,14.6,4,13,13,-6.5,East Inner Ring
2025-10-17,XJG4+7J|5PX4+HQ,weekday_evening,30.43,4,1,13,6.5,Airport Expy
2025-10-17,VJRQ+2M|RMJJ+F4,weekday_evening,21.0,4,2,13,5.42,Hosur Road
2025-10-17,XMW9+G8|WMJR+V4,weekday_evening,20.96,4,3,13,4.33,East Outer Ring
2025-10-17,WH5F+26|WJ8X+F5W,weekday_evening,20.2,4,4,13,3.25,Double Decker Flyover
2025-10-17,XPC7+72|XM33+J3,weekday_evening,17.52,4,5,13,2.17,Old Airport Road
2025-10-17,2HM2+P8|XJV5+RG,weekday_evening,17.16,4,6,13,1.08,North Inner Ring
2025-10-17,2HVW+G8|XJXR+WG,weekday_evening,16.03,4,7,13,0.0,North Outer Ring
2025-10-17,XJPW+92|WJP4+FF,weekday_evening,15.57,4,8,13,-1.08,East Inner Ring
2025-10-17,WP44+W8|WJFH+XQ,weekday_evening,15.48,4,9,13,-2.17,Sarjapur Road
2025-10-17,WGG8+G5|XH7P+G6,weekday_evening,15.2,4,10,13,-3.25,Mysore Road
2025-10-17,XHJ7+MG|WJM6+VC,weekday_evening,14.95,4,11,13,-4.33,Central Diagonal 1
2025-10-17,WHR9+R6|XJGF+6J,weekday_evening,14.3,4,12,13,-5.42,Central Diagonal 2
2025-10-17,XG48+2W|VHWC+C3,weekday_evening,14.22,4,13,13,-6.5,South Outer Ring
2025-10-20,XJG4+7J|5PX4+HQ,weekday_evening,45.54,4,1,13,6.5,Airport Expy
2025-10-20,XMW9+G8|WMJR+V4,weekday_evening,35.71,4,2,13,5.42,East Outer Ring
2025-10-20,VJRQ+2M|RMJJ+F4,weekday_evening,33.12,4,3,13,4.33,Hosur Road
2025-10-20,WH5F+26|WJ8X+F5W,weekday_evening,28.54,4,4,13,3.25,Double Decker Flyover
2025-10-20,XPC7+72|XM33+J3,weekday_evening,27.3,4,5,13,2.17,Old Airport Road
2025-10-20,WP44+W8|WJFH+XQ,weekday_evening,25.03,4,6,13,1.08,Sarjapur Road
2025-10-20,XHJ7+MG|WJM6+VC,weekday_evening,23.86,4,7,13,0.0,Central Diagonal 1
2025-10-20,WGG8+G5|XH7P+G6,weekday_evening,23.43,4,8,13,-1.08,Mysore Road
2025-10-20,2HVW+G8|XJXR+WG,weekday_evening,23.02,4,9,13,-2.17,North Outer Ring
2025-10-20,2HM2+P8|XJV5+RG,weekday_evening,22.0,4,10,13,-3.25,North Inner Ring
2025-10-20,XJPW+92|WJP4+FF,weekday_evening,21.38,4,11,13,-4.33,East Inner Ring
2025-10-20,WHR9+R6|XJGF+6J,weekday_evening,19.34,4,12,13,-5.42,Central Diagonal 2
2025-10-20,XG48+2W|VHWC+C3,weekday_evening,18.81,4,13,13,-6.5,South Outer Ring
2025-10-21,XJG4+7J|5PX4+HQ,weekday_evening,44.37,4,1,13,6.5,Airport Expy
2025-10-21,XMW9+G8|WMJR+V4,weekday_evening,33.82,4,2,13,5.42,East Outer Ring
2025-10-21,VJRQ+2M|RMJJ+F4,weekday_evening,31.55,4,3,13,4.33,Hosur Road
2025-10-21,WH5F+26|WJ8X+F5W,weekday_evening,27.43,4,4,13,3.25,Double Decker Flyover
2025-10-21,XPC7+72|XM33+J3,weekday_evening,25.0,4,5,13,2.17,Old Airport Road
2025-10-21,WGG8+G5|XH7P+G6,weekday_evening,24.44,4,6,13,1.08,Mysore Road
2025-10-21,WP44+W8|WJFH+XQ,weekday_evening,23.14,4,7,13,0.0,Sarjapur Road
2025-10-21,XHJ7+MG|WJM6+VC,weekday_evening,22.78,4,8,13,-1.08,Central Diagonal 1
2025-10-21,2HM2+P8|XJV5+RG,weekday_evening,22.62,4,9,13,-2.17,North Inner Ring
2025-10-21,2HVW+G8|XJXR+WG,weekday_evening,21.19,4,10,13,-3.25,North Outer Ring
2025-10-21,XJPW+92|WJP4+FF,weekday_evening,20.55,4,11,13,-4.33,East Inner Ring
2025-10-21,WHR9+R6|XJGF+6J,weekday_evening,18.93,4,12,13,-5.42,Central Diagonal 2
2025-10-21,XG48+2W|VHWC+C3,weekday_evening,18.74,4,13,13,-6.5,South Outer Ring
2025-10-22,XJG4+7J|5PX4+HQ,weekday_evening,40.04,4,1,13,6.5,Airport Expy
2025-10-22,XMW9+G8|WMJR+V4,weekday_evening,30.64,4,2,13,5.42,East Outer Ring
2025-10-22,VJRQ+2M|RMJJ+F4,weekday_evening,28.3,4,3,13,4.33,Hosur Road
2025-10-22,WH5F+26|WJ8X+F5W,weekday_evening,26.03,4,4,13,3.25,Double Decker Flyover
2025-10-22,XPC7+72|XM33+J3,weekday_evening,22.95,4,5,13,2.17,Old Airport Road
2025-10-22,WGG8+G5|XH7P+G6,weekday_evening,22.12,4,6,13,1.08,Mysore Road
2025-10-22,2HM2+P8|XJV5+RG,weekday_evening,21.42,4,7,13,0.0,North Inner Ring
2025-10-22,XHJ7+MG|WJM6+VC,weekday_evening,20.87,4,8,13,-1.08,Central Diagonal 1
2025-10-22,WP44+W8|WJFH+XQ,weekday_evening,20.26,4,9,13,-2.17,Sarjapur Road
2025-10-22,2HVW+G8|XJXR+WG,weekday_evening,19.39,4,10,13,-3.25,North Outer Ring
2025-10-22,WHR9+R6|XJGF+6J,weekday_evening,19.05,4,11,13,-4.33,Central Diagonal 2
2025-10-22,XJPW+92|WJP4+FF,weekday_evening,18.4,4,12,13,-5.42,East Inner Ring
2025-10-22,XG48+2W|VHWC+C3,weekday_evening,17.48,4,13,13,-6.5,South Outer Ring
2025-10-23,XJG4+7J|5PX4+HQ,weekday_evening,34.5,4,1,13,6.5,Airport Expy
2025-10-23,XMW9+G8|WMJR+V4,weekday_evening,30.48,4,2,13,5.42,East Outer Ring
2025-10-23,VJRQ+2M|RMJJ+F4,weekday_evening,24.54,4,3,13,4.33,Hosur Road
2025-10-23,WH5F+26|WJ8X+F5W,weekday_evening,23.54,4,4,13,3.25,Double Decker Flyover
2025-10-23,XPC7+72|XM33+J3,weekday_evening,21.06,4,5,13,2.17,Old Airport Road
2025-10-23,WGG8+G5|XH7P+G6,weekday_evening,19.93,4,6,13,1.08,Mysore Road
2025-10-23,2HM2+P8|XJV5+RG,weekday_evening,19.92,4,7,13,0.0,North Inner Ring
2025-10-23,2HVW+G8|XJXR+WG,weekday_evening,18.99,4,8,13,-1.08,North Outer Ring
2025-10-23,WP44+W8|WJFH+XQ,weekday_evening,17.48,4,9,13,-2.17,Sarjapur Road
2025-10-23,XJPW+92|WJP4+FF,weekday_evening,16.81,4,10,13,-3.25,East Inner Ring
2025-10-23,WHR9+R6|XJGF+6J,weekday_evening,16.75,4,11,13,-4.33,Central Diagonal 2
2025-10-23,XHJ7+MG|WJM6+VC,weekday_evening,16.3,4,12,13,-5.42,Central Diagonal 1
2025-10-23,XG48+2W|VHWC+C3,weekday_evening,15.27,4,13,13,-6.5,South Outer Ring
2025-10-24,XJG4+7J|5PX4+HQ,weekday_evening,33.33,4,1,13,6.5,Airport Expy
2025-10-24,XMW9+G8|WMJR+V4,weekday_evening,29.36,4,2,13,5.42,East Outer Ring
2025-10-24,VJRQ+2M|RMJJ+F4,weekday_evening,26.05,4,3,13,4.33,Hosur Road
2025-10-24,WH5F+26|WJ8X+F5W,weekday_evening,23.45,4,4,13,3.25,Double Decker Flyover
2025-10-24,2HM2+P8|XJV5+RG,weekday_evening,20.86,4,5,13,2.17,North Inner Ring
2025-10-24,XPC7+72|XM33+J3,weekday_evening,19.05,4,6,13,1.08,Old Airport Road
2025-10-24,WP44+W8|WJFH+XQ,weekday_evening,18.52,4,7,13,0.0,Sarjapur Road
2025-10-24,XHJ7+MG|WJM6+VC,weekday_evening,18.47,4,8,13,-1.08,Central Diagonal 1
2025-10-24,2HVW+G8|XJXR+WG,weekday_evening,17.81,4,9,13,-2.17,North Outer Ring
2025-10-24,WGG8+G5|XH7P+G6,weekday_evening,17.59,4,10,13,-3.25,Mysore Road
2025-10-24,WHR9+R6|XJGF+6J,weekday_evening,16.66,4,11,13,-4.33,Central Diagonal 2
2025-10-24,XJPW+92|WJP4+FF,weekday_evening,16.63,4,12,13,-5.42,East Inner Ring
2025-10-24,XG48+2W|VHWC+C3,weekday_evening,15.36,4,13,13,-6.5,South Outer Ring
2025-10-27,XJG4+7J|5PX4+HQ,weekday_evening,34.86,4,1,13,6.5,Airport Expy
2025-10-27,XMW9+G8|WMJR+V4,weekday_evening,24.83,4,2,13,5.42,East Outer Ring
2025-10-27,WH5F+26|WJ8X+F5W,weekday_evening,24.43,4,3,13,4.33,Double Decker Flyover
2025-10-27,VJRQ+2M|RMJJ+F4,weekday_evening,24.22,4,4,13,3.25,Hosur Road
2025-10-27,WGG8+G5|XH7P+G6,weekday_evening,20.38,4,5,13,2.17,Mysore Road
2025-10-27,2HM2+P8|XJV5+RG,weekday_evening,19.85,4,6,13,1.08,North Inner Ring
2025-10-27,XHJ7+MG|WJM6+VC,weekday_evening,18.83,4,7,13,0.0,Central Diagonal 1
2025-10-27,2HVW+G8|XJXR+WG,weekday_evening,18.69,4,8,13,-1.08,North Outer Ring
2025-10-27,WP44+W8|WJFH+XQ,weekday_evening,18.27,4,9,13,-2.17,Sarjapur Road
2025-10-27,XJPW+92|WJP4+FF,weekday_evening,17.69,4,10,13,-3.25,East Inner Ring
2025-10-27,WHR9+R6|XJGF+6J,weekday_evening,16.91,4,11,13,-4.33,Central Diagonal 2
2025-10-27,XPC7+72|XM33+J3,weekday_evening,16.74,4,12,13,-5.42,Old Airport Road
2025-10-27,XG48+2W|VHWC+C3,weekday_evening,15.52,4,13,13,-6.5,South Outer Ring
2025-10-28,XJG4+7J|5PX4+HQ,weekday_evening,34.08,4,1,13,6.5,Airport Expy
2025-10-28,XMW9+G8|WMJR+V4,weekday_evening,27.92,4,2,13,5.42,East Outer Ring
2025-10-28,VJRQ+2M|RMJJ+F4,weekday_evening,25.88,4,3,13,4.33,Hosur Road
2025-10-28,WH5F+26|WJ8X+F5W,weekday_evening,24.21,4,4,13,3.25,Double Decker Flyover
2025-10-28,WGG8+G5|XH7P+G6,weekday_evening,20.73,4,5,13,2.17,Mysore Road
2025-10-28,2HM2+P8|XJV5+RG,weekday_evening,19.73,4,6,13,1.08,North Inner Ring
2025-10-28,XHJ7+MG|WJM6+VC,weekday_evening,19.3,4,7,13,0.0,Central Diagonal 1
2025-10-28,XPC7+72|XM33+J3,weekday_evening,19.25,4,8,13,-1.08,Old Airport Road
2025-10-28,WP44+W8|WJFH+XQ,weekday_evening,17.82,4,9,13,-2.17,Sarjapur Road
2025-10-28,WHR9+R6|XJGF+6J,weekday_evening,17.42,4,10,13,-3.25,Central Diagonal 2
2025-10-28,2HVW+G8|XJXR+WG,weekday_evening,16.92,4,11,13,-4.33,North Outer Ring
2025-10-28,XJPW+92|WJP4+FF,weekday_evening,16.13,4,12,13,-5.42,East Inner Ring
2025-10-28,XG48+2W|VHWC+C3,weekday_evening,15.53,4,13,13,-6.5,South Outer Ring
2025-10-29,XJG4+7J|5PX4+HQ,weekday_evening,33.3,4,1,13,6.5,Airport Expy
2025-10-29,VJRQ+2M|RMJJ+F4,weekday_evening,27.79,4,2,13,5.42,Hosur Road
2025-10-29,XMW9+G8|WMJR+V4,weekday_evening,27.07,4,3,13,4.33,East Outer Ring
2025-10-29,WH5F+26|WJ8X+F5W,weekday_evening,24.36,4,4,13,3.25,Double Decker Flyover
2025-10-29,WGG8+G5|XH7P+G6,weekday_evening,20.72,4,5,13,2.17,Mysore Road
2025-10-29,2HM2+P8|XJV5+RG,weekday_evening,19.98,4,6,13,1.08,North Inner Ring
2025-10-29,2HVW+G8|XJXR+WG,weekday_evening,18.35,4,7,13,0.0,North Outer Ring
2025-10-29,XHJ7+MG|WJM6+VC,weekday_evening,17.96,4,8,13,-1.08,Central Diagonal 1
2025-10-29,XPC7+72|XM33+J3,weekday_evening,17.64,4,9,13,-2.17,Old Airport Road
2025-10-29,WHR9+R6|XJGF+6J,weekday_evening,16.88,4,10,13,-3.25,Central Diagonal 2
2025-10-29,XJPW+92|WJP4+FF,weekday_evening,16.14,4,11,13,-4.33,East Inner Ring
2025-10-29,WP44+W8|WJFH+XQ,weekday_evening,16.13,4,12,13,-5.42,Sarjapur Road
2025-10-29,XG48+2W|VHWC+C3,weekday_evening,16.0,4,13,13,-6.5,South Outer Ring
2025-10-30,XJG4+7J|5PX4+HQ,weekday_evening,33.34,4,1,13,6.5,Airport Expy
2025-10-30,XMW9+G8|WMJR+V4,weekday_evening,25.26,4,2,13,5.42,East Outer Ring
2025-10-30,VJRQ+2M|RMJJ+F4,weekday_evening,25.1,4,3,13,4.33,Hosur Road
2025-10-30,WH5F+26|WJ8X+F5W,weekday_evening,22.68,4,4,13,3.25,Double Decker Flyover
2025-10-30,2HM2+P8|XJV5+RG,weekday_evening,18.88,4,5,13,2.17,North Inner Ring
2025-10-30,2HVW+G8|XJXR+WG,weekday_evening,18.64,4,6,13,1.08,North Outer Ring
2025-10-30,WGG8+G5|XH7P+G6,weekday_evening,17.84,4,7,13,0.0,Mysore Road
2025-10-30,XHJ7+MG|WJM6+VC,weekday_evening,17.46,4,8,13,-1.08,Central Diagonal 1
2025-10-30,XPC7+72|XM33+J3,weekday_evening,16.98,4,9,13,-2.17,Old Airport Road
2025-10-30,WHR9+R6|XJGF+6J,weekday_evening,16.86,4,10,13,-3.25,Central Diagonal 2
2025-10-30,XJPW+92|WJP4+FF,weekday_evening,16.67,4,11,13,-4.33,East Inner Ring
2025-10-30,WP44+W8|WJFH+XQ,weekday_evening,15.52,4,12,13,-5.42,Sarjapur Road
2025-10-30,XG48+2W|VHWC+C3,weekday_evening,15.01,4,13,13,-6.5,South Outer Ring
2025-10-31,XJG4+7J|5PX4+HQ,weekday_evening,31.74,4,1,13,6.5,Airport Expy
2025-10-31,XMW9+G8|WMJR+V4,weekday_evening,24.6,4,2,13,5.42,East Outer Ring
2025-10-31,WH5F+26|WJ8X+F5W,weekday_evening,22.98,4,3,13,4.33,Double Decker Flyover
2025-10-31,VJRQ+2M|RMJJ+F4,weekday_evening,22.54,4,4,13,3.25,Hosur Road
2025-10-31,XPC7+72|XM33+J3,weekday_evening,17.73,4,5,13,2.17,Old Airport Road
2025-10-31,2HM2+P8|XJV5+RG,weekday_evening,17.48,4,6,13,1.08,North Inner Ring
2025-10-31,XHJ7+MG|WJM6+VC,weekday_evening,17.35,4,7,13,0.0,Central Diagonal 1
2025-10-31,2HVW+G8|XJXR+WG,weekday_evening,15.97,4,8,13,-1.08,North Outer Ring
2025-10-31,WP44+W8|WJFH+XQ,weekday_evening,15.96,4,9,13,-2.17,Sarjapur Road
2025-10-31,WGG8+G5|XH7P+G6,weekday_evening,15.85,4,10,13,-3.25,Mysore Road
2025-10-31,WHR9+R6|XJGF+6J,weekday_evening,15.57,4,11,13,-4.33,Central Diagonal 2
2025-10-31,XG48+2W|VHWC+C3,weekday_evening,15.42,4,12,13,-5.42,South Outer Ring
2025-10-31,XJPW+92|WJP4+FF,weekday_evening,15.33,4,13,13,-6.5,East Inner Ring
2025-11-03,XJG4+7J|5PX4+HQ,weekday_evening,33.88,4,1,13,6.5,Airport Expy
2025-11-03,VJRQ+2M|RMJJ+F4,weekday_evening,25.88,4,2,13,5.42,Hosur Road
2025-11-03,XMW9+G8|WMJR+V4,weekday_evening,25.77,4,3,13,4.33,East Outer Ring
2025-11-03,WH5F+26|WJ8X+F5W,weekday_evening,24.95,4,4,13,3.25,Double Decker Flyover
2025-11-03,2HM2+P8|XJV5+RG,weekday_evening,19.98,4,5,13,2.17,North Inner Ring
2025-11-03,WGG8+G5|XH7P+G6,weekday_evening,19.36,4,6,13,1.08,Mysore Road
2025-11-03,2HVW+G8|XJXR+WG,weekday_evening,18.45,4,7,13,0.0,North Outer Ring
2025-11-03,XPC7+72|XM33+J3,weekday_evening,18.36,4,8,13,-1.08,Old Airport Road
2025-11-03,XHJ7+MG|WJM6+VC,weekday_evening,17.62,4,9,13,-2.17,Central Diagonal 1
2025-11-03,WHR9+R6|XJGF+6J,weekday_evening,17.54,4,10,13,-3.25,Central Diagonal 2
2025-11-03,WP44+W8|WJFH+XQ,weekday_evening,17.48,4,11,13,-4.33,Sarjapur Road
2025-11-03,XJPW+92|WJP4+FF,weekday_evening,17.02,4,12,13,-5.42,East Inner Ring
2025-11-03,XG48+2W|VHWC+C3,weekday_evening,15.61,4,13,13,-6.5,South Outer Ring
2025-11-04,XJG4+7J|5PX4+HQ,weekday_evening,33.97,4,1,13,6.5,Airport Expy
2025-11-04,VJRQ+2M|RMJJ+F4,weekday_evening,26.95,4,2,13,5.42,Hosur Road
2025-11-04,WH5F+26|WJ8X+F5W,weekday_evening,23.52,4,3,13,4.33,Double Decker Flyover
2025-11-04,XMW9+G8|WMJR+V4,weekday_evening,22.25,4,4,13,3.25,East Outer Ring
2025-11-04,WGG8+G5|XH7P+G6,weekday_evening,20.11,4,5,13,2.17,Mysore Road
2025-11-04,2HM2+P8|XJV5+RG,weekday_evening,19.78,4,6,13,1.08,North Inner Ring
2025-11-04,XHJ7+MG|WJM6+VC,weekday_evening,17.85,4,7,13,0.0,Central Diagonal 1
2025-11-04,2HVW+G8|XJXR+WG,weekday_evening,17.83,4,8,13,-1.08,North Outer Ring
2025-11-04,WHR9+R6|XJGF+6J,weekday_evening,17.3,4,9,13,-2.17,Central Diagonal 2
2025-11-04,XPC7+72|XM33+J3,weekday_evening,16.67,4,10,13,-3.25,Old Airport Road
2025-11-04,XJPW+92|WJP4+FF,weekday_evening,16.46,4,11,13,-4.33,East Inner Ring
2025-11-04,XG48+2W|VHWC+C3,weekday_evening,16.08,4,12,13,-5.42,South Outer Ring
2025-11-04,WP44+W8|WJFH+XQ,weekday_evening,15.68,4,13,13,-6.5,Sarjapur Road
2025-11-05,XJG4+7J|5PX4+HQ,weekday_evening,33.64,4,1,13,6.5,Airport Expy
2025-11-05,VJRQ+2M|RMJJ+F4,weekday_evening,26.86,4,2,13,5.42,Hosur Road
2025-11-05,WH5F+26|WJ8X+F5W,weekday_evening,23.76,4,3,13,4.33,Double Decker Flyover
2025-11-05,XMW9+G8|WMJR+V4,weekday_evening,22.8,4,4,13,3.25,East Outer Ring
2025-11-05,WGG8+G5|XH7P+G6,weekday_evening,21.03,4,5,13,2.17,Mysore Road
2025-11-05,2HM2+P8|XJV5+RG,weekday_evening,19.87,4,6,13,1.08,North Inner Ring
2025-11-05,2HVW+G8|XJXR+WG,weekday_evening,17.2,4,7,13,0.0,North Outer Ring
2025-11-05,XHJ7+MG|WJM6+VC,weekday_evening,16.98,4,8,13,-1.08,Central Diagonal 1
2025-11-05,WHR9+R6|XJGF+6J,weekday_evening,16.37,4,9,13,-2.17,Central Diagonal 2
2025-11-05,XJPW+92|WJP4+FF,weekday_evening,16.29,4,10,13,-3.25,East Inner Ring
2025-11-05,WP44+W8|WJFH+XQ,weekday_evening,16.11,4,11,13,-4.33,Sarjapur Road
2025-11-05,XG48+2W|VHWC+C3,weekday_evening,15.8,4,12,13,-5.42,South Outer Ring
2025-11-05,XPC7+72|XM33+J3,weekday_evening,15.8,4,13,13,-6.5,Old Airport Road
2025-11-06,XJG4+7J|5PX4+HQ,weekday_evening,30.65,4,1,13,6.5,Airport Expy
2025-11-06,WH5F+26|WJ8X+F5W,weekday_evening,23.47,4,2,13,5.42,Double Decker Flyover
2025-11-06,VJRQ+2M|RMJJ+F4,weekday_evening,23.08,4,3,13,4.33,Hosur Road
2025-11-06,2HVW+G8|XJXR+WG,weekday_evening,18.92,4,4,13,3.25,North Outer Ring
2025-11-06,2HM2+P8|XJV5+RG,weekday_evening,18.53,4,5,13,2.17,North Inner Ring
2025-11-06,WGG8+G5|XH7P+G6,weekday_evening,18.18,4,6,13,1.08,Mysore Road
2025-11-06,XMW9+G8|WMJR+V4,weekday_evening,17.52,4,7,13,0.0,East Outer Ring
2025-11-06,XHJ7+MG|WJM6+VC,weekday_evening,17.05,4,8,13,-1.08,Central Diagonal 1
2025-11-06,WHR9+R6|XJGF+6J,weekday_evening,16.88,4,9,13,-2.17,Central Diagonal 2
2025-11-06,XJPW+92|WJP4+FF,weekday_evening,15.92,4,10,13,-3.25,East Inner Ring
2025-11-06,WP44+W8|WJFH+XQ,weekday_evening,15.69,4,11,13,-4.33,Sarjapur Road
2025-11-06,XG48+2W|VHWC+C3,weekday_evening,15.3,4,12,13,-5.42,South Outer Ring
2025-11-06,XPC7+72|XM33+J3,weekday_evening,14.42,4,13,13,-6.5,Old Airport Road
2025-11-07,XJG4+7J|5PX4+HQ,weekday_evening,30.75,4,1,13,6.5,Airport Expy
2025-11-07,XMW9+G8|WMJR+V4,weekday_evening,23.85,4,2,13,5.42,East Outer Ring
2025-11-07,VJRQ+2M|RMJJ+F4,weekday_evening,23.55,4,3,13,4.33,Hosur Road
2025-11-07,WH5F+26|WJ8X+F5W,weekday_evening,19.89,4,4,13,3.25,Double Decker Flyover
2025-11-07,WGG8+G5|XH7P+G6,weekday_evening,19.05,4,5,13,2.17,Mysore Road
2025-11-07,2HM2+P8|XJV5+RG,weekday_evening,18.79,4,6,13,1.08,North Inner Ring
2025-11-07,XHJ7+MG|WJM6+VC,weekday_evening,17.62,4,7,13,0.0,Central Diagonal 1
2025-11-07,WHR9+R6|XJGF+6J,weekday_evening,15.89,4,8,13,-1.08,Central Diagonal 2
2025-11-07,2HVW+G8|XJXR+WG,weekday_evening,15.7,4,9,13,-2.17,North Outer Ring
2025-11-07,XG48+2W|VHWC+C3,weekday_evening,15.44,4,10,13,-3.25,South Outer Ring
2025-11-07,XPC7+72|XM33+J3,weekday_evening,14.8,4,11,13,-4.33,Old Airport Road
2025-11-07,XJPW+92|WJP4+FF,weekday_evening,14.6,4,12,13,-5.42,East Inner Ring
2025-11-07,WP44+W8|WJFH+XQ,weekday_evening,13.65,4,13,13,-6.5,Sarjapur Road
2025-11-10,XJG4+7J|5PX4+HQ,weekday_evening,34.51,4,1,13,6.5,Airport Expy
2025-11-10,XMW9+G8|WMJR+V4,weekday_evening,25.11,4,2,13,5.42,East Outer Ring
2025-11-10,WH5F+26|WJ8X+F5W,weekday_evening,24.5,4,3,13,4.33,Double Decker Flyover
2025-11-10,VJRQ+2M|RMJJ+F4,weekday_evening,24.47,4,4,13,3.25,Hosur Road
2025-11-10,WGG8+G5|XH7P+G6,weekday_evening,21.07,4,5,13,2.17,Mysore Road
2025-11-10,2HM2+P8|XJV5+RG,weekday_evening,20.7,4,6,13,1.08,North Inner Ring
2025-11-10,2HVW+G8|XJXR+WG,weekday_evening,19.92,4,7,13,0.0,North Outer Ring
2025-11-10,XHJ7+MG|WJM6+VC,weekday_evening,18.88,4,8,13,-1.08,Central Diagonal 1
2025-11-10,XPC7+72|XM33+J3,weekday_evening,18.71,4,9,13,-2.17,Old Airport Road
2025-11-10,WHR9+R6|XJGF+6J,weekday_evening,17.87,4,10,13,-3.25,Central Diagonal 2
2025-11-10,WP44+W8|WJFH+XQ,weekday_evening,17.09,4,11,13,-4.33,Sarjapur Road
2025-11-10,XJPW+92|WJP4+FF,weekday_evening,17.04,4,12,13,-5.42,East Inner Ring
2025-11-10,XG48+2W|VHWC+C3,weekday_evening,15.8,4,13,13,-6.5,South Outer Ring
2025-11-11,XJG4+7J|5PX4+HQ,weekday_evening,33.54,4,1,13,6.5,Airport Expy
2025-11-11,VJRQ+2M|RMJJ+F4,weekday_evening,25.13,4,2,13,5.42,Hosur Road
2025-11-11,XMW9+G8|WMJR+V4,weekday_evening,24.48,4,3,13,4.33,East Outer Ring
2025-11-11,WH5F+26|WJ8X+F5W,weekday_evening,23.85,4,4,13,3.25,Double Decker Flyover
2025-11-11,WGG8+G5|XH7P+G6,weekday_evening,21.04,4,5,13,2.17,Mysore Road
2025-11-11,2HM2+P8|XJV5+RG,weekday_evening,20.39,4,6,13,1.08,North Inner Ring
2025-11-11,XHJ7+MG|WJM6+VC,weekday_evening,19.95,4,7,13,0.0,Central Diagonal 1
2025-11-11,2HVW+G8|XJXR+WG,weekday_evening,19.41,4,8,13,-1.08,North Outer Ring
2025-11-11,WHR9+R6|XJGF+6J,weekday_evening,17.22,4,9,13,-2.17,Central Diagonal 2
2025-11-11,WP44+W8|WJFH+XQ,weekday_evening,16.82,4,10,13,-3.25,Sarjapur Road
2025-11-11,XG48+2W|VHWC+C3,weekday_evening,16.32,4,11,13,-4.33,South Outer Ring
2025-11-11,XPC7+72|XM33+J3,weekday_evening,16.25,4,12,13,-5.42,Old Airport Road
2025-11-11,XJPW+92|WJP4+FF,weekday_evening,15.74,4,13,13,-6.5,East Inner Ring
2025-11-12,XJG4+7J|5PX4+HQ,weekday_evening,32.09,4,1,13,6.5,Airport Expy
2025-11-12,VJRQ+2M|RMJJ+F4,weekday_evening,25.19,4,2,13,5.42,Hosur Road
2025-11-12,WH5F+26|WJ8X+F5W,weekday_evening,24.88,4,3,13,4.33,Double Decker Flyover
2025-11-12,XMW9+G8|WMJR+V4,weekday_evening,22.24,4,4,13,3.25,East Outer Ring
2025-11-12,2HM2+P8|XJV5+RG,weekday_evening,20.17,4,5,13,2.17,North Inner Ring
2025-11-12,WGG8+G5|XH7P+G6,weekday_evening,19.49,4,6,13,1.08,Mysore Road
2025-11-12,XHJ7+MG|WJM6+VC,weekday_evening,18.83,4,7,13,0.0,Central Diagonal 1
2025-11-12,2HVW+G8|XJXR+WG,weekday_evening,17.7,4,8,13,-1.08,North Outer Ring
2025-11-12,WHR9+R6|XJGF+6J,weekday_evening,16.77,4,9,13,-2.17,Central Diagonal 2
2025-11-12,WP44+W8|WJFH+XQ,weekday_evening,16.29,4,10,13,-3.25,Sarjapur Road
2025-11-12,XG48+2W|VHWC+C3,weekday_evening,15.92,4,11,13,-4.33,South Outer Ring
2025-11-12,XJPW+92|WJP4+FF,weekday_evening,15.3,4,12,13,-5.42,East Inner Ring
2025-11-12,XPC7+72|XM33+J3,weekday_evening,15.02,4,13,13,-6.5,Old Airport Road
2025-11-13,XJG4+7J|5PX4+HQ,weekday_evening,31.1,4,1,13,6.5,Airport Expy
2025-11-13,VJRQ+2M|RMJJ+F4,weekday_evening,24.44,4,2,13,5.42,Hosur Road
2025-11-13,WH5F+26|WJ8X+F5W,weekday_evening,24.07,4,3,13,4.33,Double Decker Flyover
2025-11-13,XMW9+G8|WMJR+V4,weekday_evening,22.51,4,4,13,3.25,East Outer Ring
2025-11-13,WGG8+G5|XH7P+G6,weekday_evening,19.9,4,5,13,2.17,Mysore Road
2025-11-13,2HM2+P8|XJV5+RG,weekday_evening,19.47,4,6,13,1.08,North Inner Ring
2025-11-13,XPC7+72|XM33+J3,weekday_evening,17.94,4,7,13,0.0,Old Airport Road
2025-11-13,2HVW+G8|XJXR+WG,weekday_evening,17.4,4,8,13,-1.08,North Outer Ring
2025-11-13,XHJ7+MG|WJM6+VC,weekday_evening,17.25,4,9,13,-2.17,Central Diagonal 1
2025-11-13,WHR9+R6|XJGF+6J,weekday_evening,17.13,4,10,13,-3.25,Central Diagonal 2
2025-11-13,XJPW+92|WJP4+FF,weekday_evening,15.47,4,11,13,-4.33,East Inner Ring
2025-11-13,XG48+2W|VHWC+C3,weekday_evening,14.81,4,12,13,-5.42,South Outer Ring
2025-11-13,WP44+W8|WJFH+XQ,weekday_evening,14.56,4,13,13,-6.5,Sarjapur Road
2025-11-14,XJG4+7J|5PX4+HQ,weekday_evening,29.78,4,1,13,6.5,Airport Expy
2025-11-14,XMW9+G8|WMJR+V4,weekday_evening,24.66,4,2,13,5.42,East Outer Ring
2025-11-14,VJRQ+2M|RMJJ+F4,weekday_evening,24.0,4,3,13,4.33,Hosur Road
2025-11-14,WH5F+26|WJ8X+F5W,weekday_evening,23.2,4,4,13,3.25,Double Decker Flyover
2025-11-14,2HM2+P8|XJV5+RG,weekday_evening,18.32,4,5,13,2.17,North Inner Ring
2025-11-14,XHJ7+MG|WJM6+VC,weekday_evening,17.51,4,6,13,1.08,Central Diagonal 1
2025-11-14,2HVW+G8|XJXR+WG,weekday_evening,17.06,4,7,13,0.0,North Outer Ring
2025-11-14,XPC7+72|XM33+J3,weekday_evening,16.71,4,8,13,-1.08,Old Airport Road
2025-11-14,WGG8+G5|XH7P+G6,weekday_evening,16.61,4,9,13,-2.17,Mysore Road
2025-11-14,WHR9+R6|XJGF+6J,weekday_evening,16.04,4,10,13,-3.25,Central Diagonal 2
2025-11-14,WP44+W8|WJFH+XQ,weekday_evening,15.62,4,11,13,-4.33,Sarjapur Road
2025-11-14,XJPW+92|WJP4+FF,weekday_evening,15.52,4,12,13,-5.42,East Inner Ring
2025-11-14,XG48+2W|VHWC+C3,weekday_evening,14.8,4,13,13,-6.5,South Outer Ring
2025-11-17,XJG4+7J|5PX4+HQ,weekday_evening,35.49,4,1,13,6.5,Airport Expy
2025-11-17,XMW9+G8|WMJR+V4,weekday_evening,27.52,4,2,13,5.42,East Outer Ring
2025-11-17,VJRQ+2M|RMJJ+F4,weekday_evening,26.5,4,3,13,4.33,Hosur Road
2025-11-17,WH5F+26|WJ8X+F5W,weekday_evening,24.31,4,4,13,3.25,Double Decker Flyover
2025-11-17,WGG8+G5|XH7P+G6,weekday_evening,20.85,4,5,13,2.17,Mysore Road
2025-11-17,2HM2+P8|XJV5+RG,weekday_evening,20.57,4,6,13,1.08,North Inner Ring
2025-11-17,XPC7+72|XM33+J3,weekday_evening,20.16,4,7,13,0.0,Old Airport Road
2025-11-17,XHJ7+MG|WJM6+VC,weekday_evening,19.68,4,8,13,-1.08,Central Diagonal 1
2025-11-17,2HVW+G8|XJXR+WG,weekday_evening,19.3,4,9,13,-2.17,North Outer Ring
2025-11-17,XJPW+92|WJP4+FF,weekday_evening,17.56,4,10,13,-3.25,East Inner Ring
2025-11-17,WP44+W8|WJFH+XQ,weekday_evening,17.25,4,11,13,-4.33,Sarjapur Road
2025-11-17,XG48+2W|VHWC+C3,weekday_evening,16.66,4,12,13,-5.42,South Outer Ring
2025-11-17,WHR9+R6|XJGF+6J,weekday_evening,15.14,4,13,13,-6.5,Central Diagonal 2
2025-11-18,XJG4+7J|5PX4+HQ,weekday_evening,34.41,4,1,13,6.5,Airport Expy
2025-11-18,VJRQ+2M|RMJJ+F4,weekday_evening,26.8,4,2,13,5.42,Hosur Road
2025-11-18,WH5F+26|WJ8X+F5W,weekday_evening,24.86,4,3,13,4.33,Double Decker Flyover
2025-11-18,XMW9+G8|WMJR+V4,weekday_evening,24.49,4,4,13,3.25,East Outer Ring
2025-11-18,2HM2+P8|XJV5+RG,weekday_evening,19.91,4,5,13,2.17,North Inner Ring
2025-11-18,WGG8+G5|XH7P+G6,weekday_evening,19.58,4,6,13,1.08,Mysore Road
2025-11-18,XPC7+72|XM33+J3,weekday_evening,19.06,4,7,13,0.0,Old Airport Road
2025-11-18,XHJ7+MG|WJM6+VC,weekday_evening,18.66,4,8,13,-1.08,Central Diagonal 1
2025-11-18,2HVW+G8|XJXR+WG,weekday_evening,17.95,4,9,13,-2.17,North Outer Ring
2025-11-18,XJPW+92|WJP4+FF,weekday_evening,16.38,4,10,13,-3.25,East Inner Ring
2025-11-18,XG48+2W|VHWC+C3,weekday_evening,16.29,4,11,13,-4.33,South Outer Ring
2025-11-18,WP44+W8|WJFH+XQ,weekday_evening,16.25,4,12,13,-5.42,Sarjapur Road
2025-11-18,WHR9+R6|XJGF+6J,weekday_evening,14.45,4,13,13,-6.5,Central Diagonal 2
2025-11-19,XJG4+7J|5PX4+HQ,weekday_evening,33.5,4,1,13,6.5,Airport Expy
2025-11-19,VJRQ+2M|RMJJ+F4,weekday_evening,26.04,4,2,13,5.42,Hosur Road
2025-11-19,XMW9+G8|WMJR+V4,weekday_evening,25.52,4,3,13,4.33,East Outer Ring
2025-11-19,WH5F+26|WJ8X+F5W,weekday_evening,23.86,4,4,13,3.25,Double Decker Flyover
2025-11-19,WGG8+G5|XH7P+G6,weekday_evening,20.02,4,5,13,2.17,Mysore Road
2025-11-19,2HM2+P8|XJV5+RG,weekday_evening,19.16,4,6,13,1.08,North Inner Ring
2025-11-19,XHJ7+MG|WJM6+VC,weekday_evening,17.46,4,7,13,0.0,Central Diagonal 1
2025-11-19,2HVW+G8|XJXR+WG,weekday_evening,16.86,4,8,13,-1.08,North Outer Ring
2025-11-19,XJPW+92|WJP4+FF,weekday_evening,15.79,4,9,13,-2.17,East Inner Ring
2025-11-19,XG48+2W|VHWC+C3,weekday_evening,15.53,4,10,13,-3.25,South Outer Ring
2025-11-19,XPC7+72|XM33+J3,weekday_evening,15.13,4,11,13,-4.33,Old Airport Road
2025-11-19,WP44+W8|WJFH+XQ,weekday_evening,14.19,4,12,13,-5.42,Sarjapur Road
2025-11-19,WHR9+R6|XJGF+6J,weekday_evening,13.85,4,13,13,-6.5,Central Diagonal 2
2025-11-20,XJG4+7J|5PX4+HQ,weekday_evening,33.85,4,1,13,6.5,Airport Expy
2025-11-20,VJRQ+2M|RMJJ+F4,weekday_evening,28.48,4,2,13,5.42,Hosur Road
2025-11-20,XMW9+G8|WMJR+V4,weekday_evening,27.23,4,3,13,4.33,East Outer Ring
2025-11-20,WH5F+26|WJ8X+F5W,weekday_evening,24.2,4,4,13,3.25,Double Decker Flyover
2025-11-20,WGG8+G5|XH7P+G6,weekday_evening,20.18,4,5,13,2.17,Mysore Road
2025-11-20,XPC7+72|XM33+J3,weekday_evening,20.1,4,6,13,1.08,Old Airport Road
2025-11-20,2HM2+P8|XJV5+RG,weekday_evening,18.53,4,7,13,0.0,North Inner Ring
2025-11-20,XHJ7+MG|WJM6+VC,weekday_evening,18.21,4,8,13,-1.08,Central Diagonal 1
2025-11-20,2HVW+G8|XJXR+WG,weekday_evening,17.11,4,9,13,-2.17,North Outer Ring
2025-11-20,WP44+W8|WJFH+XQ,weekday_evening,16.99,4,10,13,-3.25,Sarjapur Road
2025-11-20,XG48+2W|VHWC+C3,weekday_evening,16.48,4,11,13,-4.33,South Outer Ring
2025-11-20,XJPW+92|WJP4+FF,weekday_evening,15.94,4,12,13,-5.42,East Inner Ring
2025-11-20,WHR9+R6|XJGF+6J,weekday_evening,13.26,4,13,13,-6.5,Central Diagonal 2
2025-11-21,XJG4+7J|5PX4+HQ,weekday_evening,31.21,4,1,13,6.5,Airport Expy
2025-11-21,XMW9+G8|WMJR+V4,weekday_evening,24.54,4,2,13,5.42,East Outer Ring
2025-11-21,VJRQ+2M|RMJJ+F4,weekday_evening,24.52,4,3,13,4.33,Hosur Road
2025-11-21,WH5F+26|WJ8X+F5W,weekday_evening,22.82,4,4,13,3.25,Double Decker Flyover
2025-11-21,2HM2+P8|XJV5+RG,weekday_evening,18.33,4,5,13,2.17,North Inner Ring
2025-11-21,WGG8+G5|XH7P+G6,weekday_evening,16.54,4,6,13,1.08,Mysore Road
2025-11-21,XHJ7+MG|WJM6+VC,weekday_evening,16.15,4,7,13,0.0,Central Diagonal 1
2025-11-21,2HVW+G8|XJXR+WG,weekday_evening,16.06,4,8,13,-1.08,North Outer Ring
2025-11-21,XPC7+72|XM33+J3,weekday_evening,15.82,4,9,13,-2.17,Old Airport Road
2025-11-21,WP44+W8|WJFH+XQ,weekday_evening,15.35,4,10,13,-3.25,Sarjapur Road
2025-11-21,XJPW+92|WJP4+FF,weekday_evening,15.21,4,11,13,-4.33,East Inner Ring
2025-11-21,XG48+2W|VHWC+C3,weekday_evening,14.74,4,12,13,-5.42,South Outer Ring
2025-11-21,WHR9+R6|XJGF+6J,weekday_evening,12.62,4,13,13,-6.5,Central Diagonal 2
2025-11-24,XJG4+7J|5PX4+HQ,weekday_evening,33.74,4,1,13,6.5,Airport Expy
2025-11-24,VJRQ+2M|RMJJ+F4,weekday_evening,28.01,4,2,13,5.42,Hosur Road
2025-11-24,XMW9+G8|WMJR+V4,weekday_evening,27.92,4,3,13,4.33,East Outer Ring
2025-11-24,WH5F+26|WJ8X+F5W,weekday_evening,24.97,4,4,13,3.25,Double Decker Flyover
2025-11-24,XPC7+72|XM33+J3,weekday_evening,21.08,4,5,13,2.17,Old Airport Road
2025-11-24,WGG8+G5|XH7P+G6,weekday_evening,20.79,4,6,13,1.08,Mysore Road
2025-11-24,2HVW+G8|XJXR+WG,weekday_evening,20.17,4,7,13,0.0,North Outer Ring
2025-11-24,2HM2+P8|XJV5+RG,weekday_evening,19.83,4,8,13,-1.08,North Inner Ring
2025-11-24,WP44+W8|WJFH+XQ,weekday_evening,19.09,4,9,13,-2.17,Sarjapur Road
2025-11-24,XHJ7+MG|WJM6+VC,weekday_evening,18.99,4,10,13,-3.25,Central Diagonal 1
2025-11-24,WHR9+R6|XJGF+6J,weekday_evening,17.78,4,11,13,-4.33,Central Diagonal 2
2025-11-24,XJPW+92|WJP4+FF,weekday_evening,17.77,4,12,13,-5.42,East Inner Ring
2025-11-24,XG48+2W|VHWC+C3,weekday_evening,16.22,4,13,13,-6.5,South Outer Ring
2025-11-25,XJG4+7J|5PX4+HQ,weekday_evening,34.69,4,1,13,6.5,Airport Expy
2025-11-25,VJRQ+2M|RMJJ+F4,weekday_evening,28.01,4,2,13,5.42,Hosur Road
2025-11-25,XMW9+G8|WMJR+V4,weekday_evening,26.59,4,3,13,4.33,East Outer Ring
2025-11-25,WH5F+26|WJ8X+F5W,weekday_evening,24.76,4,4,13,3.25,Double Decker Flyover
2025-11-25,WGG8+G5|XH7P+G6,weekday_evening,20.77,4,5,13,2.17,Mysore Road
2025-11-25,XPC7+72|XM33+J3,weekday_evening,19.66,4,6,13,1.08,Old Airport Road
2025-11-25,2HM2+P8|XJV5+RG,weekday_evening,19.5,4,7,13,0.0,North Inner Ring
2025-11-25,XHJ7+MG|WJM6+VC,weekday_evening,19.08,4,8,13,-1.08,Central Diagonal 1
2025-11-25,2HVW+G8|XJXR+WG,weekday_evening,18.64,4,9,13,-2.17,North Outer Ring
2025-11-25,XJPW+92|WJP4+FF,weekday_evening,17.12,4,10,13,-3.25,East Inner Ring
2025-11-25,WHR9+R6|XJGF+6J,weekday_evening,17.02,4,11,13,-4.33,Central Diagonal 2
2025-11-25,XG48+2W|VHWC+C3,weekday_evening,16.43,4,12,13,-5.42,South Outer Ring
2025-11-25,WP44+W8|WJFH+XQ,weekday_evening,16.36,4,13,13,-6.5,Sarjapur Road
2025-11-26,XJG4+7J|5PX4+HQ,weekday_evening,31.16,4,1,13,6.5,Airport Expy
2025-11-26,VJRQ+2M|RMJJ+F4,weekday_evening,26.34,4,2,13,5.42,Hosur Road
2025-11-26,XMW9+G8|WMJR+V4,weekday_evening,24.12,4,3,13,4.33,East Outer Ring
2025-11-26,WH5F+26|WJ8X+F5W,weekday_evening,23.58,4,4,13,3.25,Double Decker Flyover
2025-11-26,WGG8+G5|XH7P+G6,weekday_evening,19.76,4,5,13,2.17,Mysore Road
2025-11-26,2HM2+P8|XJV5+RG,weekday_evening,19.6,4,6,13,1.08,North Inner Ring
2025-11-26,XHJ7+MG|WJM6+VC,weekday_evening,17.6,4,7,13,0.0,Central Diagonal 1
2025-11-26,XPC7+72|XM33+J3,weekday_evening,17.16,4,8,13,-1.08,Old Airport Road
2025-11-26,WP44+W8|WJFH+XQ,weekday_evening,16.53,4,9,13,-2.17,Sarjapur Road
2025-11-26,WHR9+R6|XJGF+6J,weekday_evening,16.51,4,10,13,-3.25,Central Diagonal 2
2025-11-26,XJPW+92|WJP4+FF,weekday_evening,15.84,4,11,13,-4.33,East Inner Ring
2025-11-26,XG48+2W|VHWC+C3,weekday_evening,15.3,4,12,13,-5.42,South Outer Ring
2025-11-26,2HVW+G8|XJXR+WG,weekday_evening,15.06,4,13,13,-6.5,North Outer Ring
2025-11-27,XJG4+7J|5PX4+HQ,weekday_evening,31.35,4,1,13,6.5,Airport Expy
2025-11-27,XMW9+G8|WMJR+V4,weekday_evening,26.68,4,2,13,5.42,East Outer Ring
2025-11-27,VJRQ+2M|RMJJ+F4,weekday_evening,25.93,4,3,13,4.33,Hosur Road
2025-11-27,WH5F+26|WJ8X+F5W,weekday_evening,22.86,4,4,13,3.25,Double Decker Flyover
2025-11-27,2HM2+P8|XJV5+RG,weekday_evening,18.85,4,5,13,2.17,North Inner Ring
2025-11-27,XPC7+72|XM33+J3,weekday_evening,18.63,4,6,13,1.08,Old Airport Road
2025-11-27,WGG8+G5|XH7P+G6,weekday_evening,18.54,4,7,13,0.0,Mysore Road
2025-11-27,XHJ7+MG|WJM6+VC,weekday_evening,17.71,4,8,13,-1.08,Central Diagonal 1
2025-11-27,XJPW+92|WJP4+FF,weekday_evening,16.14,4,9,13,-2.17,East Inner Ring
2025-11-27,WHR9+R6|XJGF+6J,weekday_evening,16.1,4,10,13,-3.25,Central Diagonal 2
2025-11-27,2HVW+G8|XJXR+WG,weekday_evening,15.8,4,11,13,-4.33,North Outer Ring
2025-11-27,WP44+W8|WJFH+XQ,weekday_evening,15.77,4,12,13,-5.42,Sarjapur Road
2025-11-27,XG48+2W|VHWC+C3,weekday_evening,15.4,4,13,13,-6.5,South Outer Ring
2025-11-28,XJG4+7J|5PX4+HQ,weekday_evening,31.73,4,1,13,6.5,Airport Expy
2025-11-28,VJRQ+2M|RMJJ+F4,weekday_evening,25.79,4,2,13,5.42,Hosur Road
2025-11-28,XMW9+G8|WMJR+V4,weekday_evening,25.29,4,3,13,4.33,East Outer Ring
2025-11-28,WH5F+26|WJ8X+F5W,weekday_evening,23.66,4,4,13,3.25,Double Decker Flyover
2025-11-28,2HM2+P8|XJV5+RG,weekday_evening,18.11,4,5,13,2.17,North Inner Ring
2025-11-28,WP44+W8|WJFH+XQ,weekday_evening,17.92,4,6,13,1.08,Sarjapur Road
2025-11-28,WGG8+G5|XH7P+G6,weekday_evening,17.64,4,7,13,0.0,Mysore Road
2025-11-28,XHJ7+MG|WJM6+VC,weekday_evening,17.04,4,8,13,-1.08,Central Diagonal 1
2025-11-28,XPC7+72|XM33+J3,weekday_evening,16.62,4,9,13,-2.17,Old Airport Road
2025-11-28,XJPW+92|WJP4+FF,weekday_evening,15.92,4,10,13,-3.25,East Inner Ring
2025-11-28,XG48+2W|VHWC+C3,weekday_evening,15.26,4,11,13,-4.33,South Outer Ring
2025-11-28,WHR9+R6|XJGF+6J,weekday_evening,15.16,4,12,13,-5.42,Central Diagonal 2
2025-11-28,2HVW+G8|XJXR+WG,weekday_evening,14.86,4,13,13,-6.5,North Outer Ring
2025-12-01,XJG4+7J|5PX4+HQ,weekday_evening,33.52,4,1,13,6.5,Airport Expy
2025-12-01,XMW9+G8|WMJR+V4,weekday_evening,28.17,4,2,13,5.42,East Outer Ring
2025-12-01,VJRQ+2M|RMJJ+F4,weekday_evening,26.61,4,3,13,4.33,Hosur Road
2025-12-01,WH5F+26|WJ8X+F5W,weekday_evening,23.93,4,4,13,3.25,Double Decker Flyover
2025-12-01,WP44+W8|WJFH+XQ,weekday_evening,20.88,4,5,13,2.17,Sarjapur Road
2025-12-01,2HM2+P8|XJV5+RG,weekday_evening,20.58,4,6,13,1.08,North Inner Ring
2025-12-01,WGG8+G5|XH7P+G6,weekday_evening,19.32,4,7,13,0.0,Mysore Road
2025-12-01,XPC7+72|XM33+J3,weekday_evening,18.84,4,8,13,-1.08,Old Airport Road
2025-12-01,XHJ7+MG|WJM6+VC,weekday_evening,18.44,4,9,13,-2.17,Central Diagonal 1
2025-12-01,WHR9+R6|XJGF+6J,weekday_evening,18.43,4,10,13,-3.25,Central Diagonal 2
2025-12-01,2HVW+G8|XJXR+WG,weekday_evening,17.85,4,11,13,-4.33,North Outer Ring
2025-12-01,XJPW+92|WJP4+FF,weekday_evening,17.22,4,12,13,-5.42,East Inner Ring
2025-12-01,XG48+2W|VHWC+C3,weekday_evening,16.14,4,13,13,-6.5,South Outer Ring
2025-12-02,XJG4+7J|5PX4+HQ,weekday_evening,33.52,4,1,13,6.5,Airport Expy
2025-12-02,VJRQ+2M|RMJJ+F4,weekday_evening,28.44,4,2,13,5.42,Hosur Road
2025-12-02,WH5F+26|WJ8X+F5W,weekday_evening,24.94,4,3,13,4.33,Double Decker Flyover
2025-12-02,XMW9+G8|WMJR+V4,weekday_evening,22.75,4,4,13,3.25,East Outer Ring
2025-12-02,XPC7+72|XM33+J3,weekday_evening,19.95,4,5,13,2.17,Old Airport Road
2025-12-02,2HM2+P8|XJV5+RG,weekday_evening,19.76,4,6,13,1.08,North Inner Ring
2025-12-02,WGG8+G5|XH7P+G6,weekday_evening,19.75,4,7,13,0.0,Mysore Road
2025-12-02,XHJ7+MG|WJM6+VC,weekday_evening,18.98,4,8,13,-1.08,Central Diagonal 1
2025-12-02,WP44+W8|WJFH+XQ,weekday_evening,18.79,4,9,13,-2.17,Sarjapur Road
2025-12-02,2HVW+G8|XJXR+WG,weekday_evening,18.22,4,10,13,-3.25,North Outer Ring
2025-12-02,WHR9+R6|XJGF+6J,weekday_evening,16.85,4,11,13,-4.33,Central Diagonal 2
2025-12-02,XJPW+92|WJP4+FF,weekday_evening,16.53,4,12,13,-5.42,East Inner Ring
2025-12-02,XG48+2W|VHWC+C3,weekday_evening,16.41,4,13,13,-6.5,South Outer Ring
2025-12-03,XJG4+7J|5PX4+HQ,weekday_evening,31.67,4,1,13,6.5,Airport Expy
2025-12-03,VJRQ+2M|RMJJ+F4,weekday_evening,28.17,4,2,13,5.42,Hosur Road
2025-12-03,WH5F+26|WJ8X+F5W,weekday_evening,25.09,4,3,13,4.33,Double Decker Flyover
2025-12-03,XMW9+G8|WMJR+V4,weekday_evening,23.6,4,4,13,3.25,East Outer Ring
2025-12-03,WGG8+G5|XH7P+G6,weekday_evening,21.21,4,5,13,2.17,Mysore Road
2025-12-03,2HM2+P8|XJV5+RG,weekday_evening,20.18,4,6,13,1.08,North Inner Ring
2025-12-03,XHJ7+MG|WJM6+VC,weekday_evening,19.06,4,7,13,0.0,Central Diagonal 1
2025-12-03,XPC7+72|XM33+J3,weekday_evening,17.86,4,8,13,-1.08,Old Airport Road
2025-12-03,2HVW+G8|XJXR+WG,weekday_evening,17.83,4,9,13,-2.17,North Outer Ring
2025-12-03,WHR9+R6|XJGF+6J,weekday_evening,17.64,4,10,13,-3.25,Central Diagonal 2
2025-12-03,WP44+W8|WJFH+XQ,weekday_evening,16.9,4,11,13,-4.33,Sarjapur Road
2025-12-03,XG48+2W|VHWC+C3,weekday_evening,16.45,4,12,13,-5.42,South Outer Ring
2025-12-03,XJPW+92|WJP4+FF,weekday_evening,15.11,4,13,13,-6.5,East Inner Ring
2025-12-04,XJG4+7J|5PX4+HQ,weekday_evening,33.71,4,1,13,6.5,Airport Expy
2025-12-04,VJRQ+2M|RMJJ+F4,weekday_evening,28.44,4,2,13,5.42,Hosur Road
2025-12-04,XMW9+G8|WMJR+V4,weekday_evening,23.51,4,3,13,4.33,East Outer Ring
2025-12-04,WH5F+26|WJ8X+F5W,weekday_evening,23.46,4,4,13,3.25,Double Decker Flyover
2025-12-04,WGG8+G5|XH7P+G6,weekday_evening,21.53,4,5,13,2.17,Mysore Road
2025-12-04,XPC7+72|XM33+J3,weekday_evening,19.76,4,6,13,1.08,Old Airport Road
2025-12-04,XHJ7+MG|WJM6+VC,weekday_evening,19.02,4,7,13,0.0,Central Diagonal 1
2025-12-04,2HM2+P8|XJV5+RG,weekday_evening,18.94,4,8,13,-1.08,North Inner Ring
2025-12-04,WHR9+R6|XJGF+6J,weekday_evening,18.51,4,9,13,-2.17,Central Diagonal 2
2025-12-04,2HVW+G8|XJXR+WG,weekday_evening,18.4,4,10,13,-3.25,North Outer Ring
2025-12-04,WP44+W8|WJFH+XQ,weekday_evening,17.05,4,11,13,-4.33,Sarjapur Road
2025-12-04,XG48+2W|VHWC+C3,weekday_evening,16.54,4,12,13,-5.42,South Outer Ring
2025-12-04,XJPW+92|WJP4+FF,weekday_evening,16.41,4,13,13,-6.5,East Inner Ring
2025-12-05,XJG4+7J|5PX4+HQ,weekday_evening,32.64,4,1,13,6.5,Airport Expy
2025-12-05,VJRQ+2M|RMJJ+F4,weekday_evening,26.64,4,2,13,5.42,Hosur Road
2025-12-05,WH5F+26|WJ8X+F5W,weekday_evening,22.46,4,3,13,4.33,Double Decker Flyover
2025-12-05,XMW9+G8|WMJR+V4,weekday_evening,21.24,4,4,13,3.25,East Outer Ring
2025-12-05,WGG8+G5|XH7P+G6,weekday_evening,18.51,4,5,13,2.17,Mysore Road
2025-12-05,2HM2+P8|XJV5+RG,weekday_evening,18.28,4,6,13,1.08,North Inner Ring
2025-12-05,XHJ7+MG|WJM6+VC,weekday_evening,17.63,4,7,13,0.0,Central Diagonal 1
2025-12-05,XG48+2W|VHWC+C3,weekday_evening,16.0,4,8,13,-1.08,South Outer Ring
2025-12-05,WHR9+R6|XJGF+6J,weekday_evening,15.8,4,9,13,-2.17,Central Diagonal 2
2025-12-05,XPC7+72|XM33+J3,weekday_evening,15.62,4,10,13,-3.25,Old Airport Road
2025-12-05,2HVW+G8|XJXR+WG,weekday_evening,15.5,4,11,13,-4.33,North Outer Ring
2025-12-05,XJPW+92|WJP4+FF,weekday_evening,14.56,4,12,13,-5.42,East Inner Ring
2025-12-05,WP44+W8|WJFH+XQ,weekday_evening,14.15,4,13,13,-6.5,Sarjapur Road
2025-12-08,XJG4+7J|5PX4+HQ,weekday_evening,34.76,4,1,13,6.5,Airport Expy
2025-12-08,XMW9+G8|WMJR+V4,weekday_evening,25.94,4,2,13,5.42,East Outer Ring
2025-12-08,VJRQ+2M|RMJJ+F4,weekday_evening,25.09,4,3,13,4.33,Hosur Road
2025-12-08,WH5F+26|WJ8X+F5W,weekday_evening,24.26,4,4,13,3.25,Double Decker Flyover
2025-12-08,WGG8+G5|XH7P+G6,weekday_evening,20.83,4,5,13,2.17,Mysore Road
2025-12-08,2HM2+P8|XJV5+RG,weekday_evening,20.51,4,6,13,1.08,North Inner Ring
2025-12-08,2HVW+G8|XJXR+WG,weekday_evening,19.66,4,7,13,0.0,North Outer Ring
2025-12-08,XHJ7+MG|WJM6+VC,weekday_evening,18.98,4,8,13,-1.08,Central Diagonal 1
2025-12-08,WHR9+R6|XJGF+6J,weekday_evening,17.97,4,9,13,-2.17,Central Diagonal 2
2025-12-08,XPC7+72|XM33+J3,weekday_evening,17.9,4,10,13,-3.25,Old Airport Road
2025-12-08,WP44+W8|WJFH+XQ,weekday_evening,17.34,4,11,13,-4.33,Sarjapur Road
2025-12-08,XJPW+92|WJP4+FF,weekday_evening,17.1,4,12,13,-5.42,East Inner Ring
2025-12-08,XG48+2W|VHWC+C3,weekday_evening,16.34,4,13,13,-6.5,South Outer Ring
2025-12-09,XJG4+7J|5PX4+HQ,weekday_evening,34.63,4,1,13,6.5,Airport Expy
2025-12-09,VJRQ+2M|RMJJ+F4,weekday_evening,27.52,4,2,13,5.42,Hosur Road
2025-12-09,WH5F+26|WJ8X+F5W,weekday_evening,24.71,4,3,13,4.33,Double Decker Flyover
2025-12-09,XMW9+G8|WMJR+V4,weekday_evening,21.97,4,4,13,3.25,East Outer Ring
2025-12-09,2HM2+P8|XJV5+RG,weekday_evening,20.28,4,5,13,2.17,North Inner Ring
2025-12-09,WGG8+G5|XH7P+G6,weekday_evening,20.16,4,6,13,1.08,Mysore Road
2025-12-09,XHJ7+MG|WJM6+VC,weekday_evening,19.07,4,7,13,0.0,Central Diagonal 1
2025-12-09,XPC7+72|XM33+J3,weekday_evening,18.4,4,8,13,-1.08,Old Airport Road
2025-12-09,WHR9+R6|XJGF+6J,weekday_evening,18.04,4,9,13,-2.17,Central Diagonal 2
2025-12-09,2HVW+G8|XJXR+WG,weekday_evening,16.93,4,10,13,-3.25,North Outer Ring
2025-12-09,XG48+2W|VHWC+C3,weekday_evening,16.74,4,11,13,-4.33,South Outer Ring
2025-12-09,XJPW+92|WJP4+FF,weekday_evening,16.7,4,12,13,-5.42,East Inner Ring
2025-12-09,WP44+W8|WJFH+XQ,weekday_evening,16.47,4,13,13,-6.5,Sarjapur Road
2025-12-10,XJG4+7J|5PX4+HQ,weekday_evening,33.21,4,1,13,6.5,Airport Expy
2025-12-10,WH5F+26|WJ8X+F5W,weekday_evening,24.91,4,2,13,5.42,Double Decker Flyover
2025-12-10,VJRQ+2M|RMJJ+F4,weekday_evening,24.9,4,3,13,4.33,Hosur Road
2025-12-10,XMW9+G8|WMJR+V4,weekday_evening,21.46,4,4,13,3.25,East Outer Ring
2025-12-10,WGG8+G5|XH7P+G6,weekday_evening,19.79,4,5,13,2.17,Mysore Road
2025-12-10,2HM2+P8|XJV5+RG,weekday_evening,19.11,4,6,13,1.08,North Inner Ring
2025-12-10,XHJ7+MG|WJM6+VC,weekday_evening,18.34,4,7,13,0.0,Central Diagonal 1
2025-12-10,WHR9+R6|XJGF+6J,weekday_evening,17.76,4,8,13,-1.08,Central Diagonal 2
2025-12-10,XPC7+72|XM33+J3,weekday_evening,16.18,4,9,13,-2.17,Old Airport Road
2025-12-10,WP44+W8|WJFH+XQ,weekday_evening,16.17,4,10,13,-3.25,Sarjapur Road
2025-12-10,XG48+2W|VHWC+C3,weekday_evening,16.05,4,11,13,-4.33,South Outer Ring
2025-12-10,XJPW+92|WJP4+FF,weekday_evening,15.53,4,12,13,-5.42,East Inner Ring
2025-12-10,2HVW+G8|XJXR+WG,weekday_evening,14.72,4,13,13,-6.5,North Outer Ring
2025-12-11,XJG4+7J|5PX4+HQ,weekday_evening,33.23,4,1,13,6.5,Airport Expy
2025-12-11,VJRQ+2M|RMJJ+F4,weekday_evening,26.94,4,2,13,5.42,Hosur Road
2025-12-11,WH5F+26|WJ8X+F5W,weekday_evening,24.08,4,3,13,4.33,Double Decker Flyover
2025-12-11,XMW9+G8|WMJR+V4,weekday_evening,23.6,4,4,13,3.25,East Outer Ring
2025-12-11,WGG8+G5|XH7P+G6,weekday_evening,20.32,4,5,13,2.17,Mysore Road
2025-12-11,2HM2+P8|XJV5+RG,weekday_evening,18.86,4,6,13,1.08,North Inner Ring
2025-12-11,XHJ7+MG|WJM6+VC,weekday_evening,18.61,4,7,13,0.0,Central Diagonal 1
2025-12-11,WHR9+R6|XJGF+6J,weekday_evening,17.41,4,8,13,-1.08,Central Diagonal 2
2025-12-11,WP44+W8|WJFH+XQ,weekday_evening,17.17,4,9,13,-2.17,Sarjapur Road
2025-12-11,XPC7+72|XM33+J3,weekday_evening,17.0,4,10,13,-3.25,Old Airport Road
2025-12-11,XG48+2W|VHWC+C3,weekday_evening,16.48,4,11,13,-4.33,South Outer Ring
2025-12-11,2HVW+G8|XJXR+WG,weekday_evening,16.14,4,12,13,-5.42,North Outer Ring
2025-12-11,XJPW+92|WJP4+FF,weekday_evening,16.02,4,13,13,-6.5,East Inner Ring
2025-12-12,XJG4+7J|5PX4+HQ,weekday_evening,31.05,4,1,13,6.5,Airport Expy
2025-12-12,VJRQ+2M|RMJJ+F4,weekday_evening,23.55,4,2,13,5.42,Hosur Road
2025-12-12,WH5F+26|WJ8X+F5W,weekday_evening,21.99,4,3,13,4.33,Double Decker Flyover
2025-12-12,XMW9+G8|WMJR+V4,weekday_evening,21.44,4,4,13,3.25,East Outer Ring
2025-12-12,2HM2+P8|XJV5+RG,weekday_evening,18.1,4,5,13,2.17,North Inner Ring
2025-12-12,WGG8+G5|XH7P+G6,weekday_evening,17.23,4,6,13,1.08,Mysore Road
2025-12-12,XHJ7+MG|WJM6+VC,weekday_evening,16.16,4,7,13,0.0,Central Diagonal 1
2025-12-12,XG48+2W|VHWC+C3,weekday_evening,15.56,4,8,13,-1.08,South Outer Ring
2025-12-12,WHR9+R6|XJGF+6J,weekday_evening,15.45,4,9,13,-2.17,Central Diagonal 2
2025-12-12,2HVW+G8|XJXR+WG,weekday_evening,15.1,4,10,13,-3.25,North Outer Ring
2025-12-12,XJPW+92|WJP4+FF,weekday_evening,14.94,4,11,13,-4.33,East Inner Ring
2025-12-12,XPC7+72|XM33+J3,weekday_evening,14.8,4,12,13,-5.42,Old Airport Road
2025-12-12,WP44+W8|WJFH+XQ,weekday_evening,13.32,4,13,13,-6.5,Sarjapur Road
2025-12-15,XJG4+7J|5PX4+HQ,weekday_evening,34.91,4,1,13,6.5,Airport Expy
2025-12-15,VJRQ+2M|RMJJ+F4,weekday_evening,26.82,4,2,13,5.42,Hosur Road
2025-12-15,WH5F+26|WJ8X+F5W,weekday_evening,25.09,4,3,13,4.33,Double Decker Flyover
2025-12-15,XMW9+G8|WMJR+V4,weekday_evening,24.82,4,4,13,3.25,East Outer Ring
2025-12-15,WGG8+G5|XH7P+G6,weekday_evening,21.95,4,5,13,2.17,Mysore Road
2025-12-15,2HM2+P8|XJV5+RG,weekday_evening,20.09,4,6,13,1.08,North Inner Ring
2025-12-15,2HVW+G8|XJXR+WG,weekday_evening,19.5,4,7,13,0.0,North Outer Ring
2025-12-15,XPC7+72|XM33+J3,weekday_evening,19.31,4,8,13,-1.08,Old Airport Road
2025-12-15,XHJ7+MG|WJM6+VC,weekday_evening,19.27,4,9,13,-2.17,Central Diagonal 1
2025-12-15,WP44+W8|WJFH+XQ,weekday_evening,19.18,4,10,13,-3.25,Sarjapur Road
2025-12-15,XJPW+92|WJP4+FF,weekday_evening,18.49,4,11,13,-4.33,East Inner Ring
2025-12-15,WHR9+R6|XJGF+6J,weekday_evening,18.39,4,12,13,-5.42,Central Diagonal 2
2025-12-15,XG48+2W|VHWC+C3,weekday_evening,16.7,4,13,13,-6.5,South Outer Ring
2025-12-16,XJG4+7J|5PX4+HQ,weekday_evening,35.05,4,1,13,6.5,Airport Expy
2025-12-16,VJRQ+2M|RMJJ+F4,weekday_evening,26.84,4,2,13,5.42,Hosur Road
2025-12-16,XMW9+G8|WMJR+V4,weekday_evening,26.09,4,3,13,4.33,East Outer Ring
2025-12-16,WH5F+26|WJ8X+F5W,weekday_evening,23.89,4,4,13,3.25,Double Decker Flyover
2025-12-16,2HM2+P8|XJV5+RG,weekday_evening,21.63,4,5,13,2.17,North Inner Ring
2025-12-16,WGG8+G5|XH7P+G6,weekday_evening,21.42,4,6,13,1.08,Mysore Road
2025-12-16,XHJ7+MG|WJM6+VC,weekday_evening,19.93,4,7,13,0.0,Central Diagonal 1
2025-12-16,XPC7+72|XM33+J3,weekday_evening,19.81,4,8,13,-1.08,Old Airport Road
2025-12-16,WHR9+R6|XJGF+6J,weekday_evening,18.13,4,9,13,-2.17,Central Diagonal 2
2025-12-16,2HVW+G8|XJXR+WG,weekday_evening,17.43,4,10,13,-3.25,North Outer Ring
2025-12-16,XJPW+92|WJP4+FF,weekday_evening,17.2,4,11,13,-4.33,East Inner Ring
2025-12-16,XG48+2W|VHWC+C3,weekday_evening,16.86,4,12,13,-5.42,South Outer Ring
2025-12-16,WP44+W8|WJFH+XQ,weekday_evening,16.19,4,13,13,-6.5,Sarjapur Road
2025-12-17,XJG4+7J|5PX4+HQ,weekday_evening,32.91,4,1,13,6.5,Airport Expy
2025-12-17,VJRQ+2M|RMJJ+F4,weekday_evening,27.25,4,2,13,5.42,Hosur Road
2025-12-17,WH5F+26|WJ8X+F5W,weekday_evening,24.16,4,3,13,4.33,Double Decker Flyover
2025-12-17,XMW9+G8|WMJR+V4,weekday_evening,21.87,4,4,13,3.25,East Outer Ring
2025-12-17,WGG8+G5|XH7P+G6,weekday_evening,20.23,4,5,13,2.17,Mysore Road
2025-12-17,2HM2+P8|XJV5+RG,weekday_evening,19.85,4,6,13,1.08,North Inner Ring
2025-12-17,XPC7+72|XM33+J3,weekday_evening,17.9,4,7,13,0.0,Old Airport Road
2025-12-17,XHJ7+MG|WJM6+VC,weekday_evening,17.81,4,8,13,-1.08,Central Diagonal 1
2025-12-17,WHR9+R6|XJGF+6J,weekday_evening,16.88,4,9,13,-2.17,Central Diagonal 2
2025-12-17,WP44+W8|WJFH+XQ,weekday_evening,16.59,4,10,13,-3.25,Sarjapur Road
2025-12-17,XG48+2W|VHWC+C3,weekday_evening,15.89,4,11,13,-4.33,South Outer Ring
2025-12-17,XJPW+92|WJP4+FF,weekday_evening,15.67,4,12,13,-5.42,East Inner Ring
2025-12-17,2HVW+G8|XJXR+WG,weekday_evening,15.38,4,13,13,-6.5,North Outer Ring
2025-12-18,XJG4+7J|5PX4+HQ,weekday_evening,31.93,4,1,13,6.5,Airport Expy
2025-12-18,VJRQ+2M|RMJJ+F4,weekday_evening,26.07,4,2,13,5.42,Hosur Road
2025-12-18,XMW9+G8|WMJR+V4,weekday_evening,25.98,4,3,13,4.33,East Outer Ring
2025-12-18,WH5F+26|WJ8X+F5W,weekday_evening,23.99,4,4,13,3.25,Double Decker Flyover
2025-12-18,WGG8+G5|XH7P+G6,weekday_evening,20.01,4,5,13,2.17,Mysore Road
2025-12-18,2HM2+P8|XJV5+RG,weekday_evening,19.23,4,6,13,1.08,North Inner Ring
2025-12-18,XHJ7+MG|WJM6+VC,weekday_evening,17.28,4,7,13,0.0,Central Diagonal 1
2025-12-18,XPC7+72|XM33+J3,weekday_evening,17.11,4,8,13,-1.08,Old Airport Road
2025-12-18,WP44+W8|WJFH+XQ,weekday_evening,16.46,4,9,13,-2.17,Sarjapur Road
2025-12-18,WHR9+R6|XJGF+6J,weekday_evening,16.42,4,10,13,-3.25,Central Diagonal 2
2025-12-18,XJPW+92|WJP4+FF,weekday_evening,15.98,4,11,13,-4.33,East Inner Ring
2025-12-18,XG48+2W|VHWC+C3,weekday_evening,15.78,4,12,13,-5.42,South Outer Ring
2025-12-18,2HVW+G8|XJXR+WG,weekday_evening,15.04,4,13,13,-6.5,North Outer Ring
2025-12-19,XJG4+7J|5PX4+HQ,weekday_evening,30.98,4,1,13,6.5,Airport Expy
2025-12-19,VJRQ+2M|RMJJ+F4,weekday_evening,25.01,4,2,13,5.42,Hosur Road
2025-12-19,XMW9+G8|WMJR+V4,weekday_evening,23.36,4,3,13,4.33,East Outer Ring
2025-12-19,WH5F+26|WJ8X+F5W,weekday_evening,22.2,4,4,13,3.25,Double Decker Flyover
2025-12-19,2HM2+P8|XJV5+RG,weekday_evening,17.76,4,5,13,2.17,North Inner Ring
2025-12-19,WP44+W8|WJFH+XQ,weekday_evening,17.47,4,6,13,1.08,Sarjapur Road
2025-12-19,WGG8+G5|XH7P+G6,weekday_evening,16.75,4,7,13,0.0,Mysore Road
2025-12-19,XPC7+72|XM33+J3,weekday_evening,16.5,4,8,13,-1.08,Old Airport Road
2025-12-19,2HVW+G8|XJXR+WG,weekday_evening,16.19,4,9,13,-2.17,North Outer Ring
2025-12-19,XHJ7+MG|WJM6+VC,weekday_evening,16.02,4,10,13,-3.25,Central Diagonal 1
2025-12-19,WHR9+R6|XJGF+6J,weekday_evening,15.37,4,11,13,-4.33,Central Diagonal 2
2025-12-19,XG48+2W|VHWC+C3,weekday_evening,15.31,4,12,13,-5.42,South Outer Ring
2025-12-19,XJPW+92|WJP4+FF,weekday_evening,14.85,4,13,13,-6.5,East Inner Ring
2025-12-22,XJG4+7J|5PX4+HQ,weekday_evening,35.02,4,1,13,6.5,Airport Expy
2025-12-22,XMW9+G8|WMJR+V4,weekday_evening,26.46,4,2,13,5.42,East Outer Ring
2025-12-22,VJRQ+2M|RMJJ+F4,weekday_evening,26.24,4,3,13,4.33,Hosur Road
2025-12-22,WH5F+26|WJ8X+F5W,weekday_evening,24.56,4,4,13,3.25,Double Decker Flyover
2025-12-22,WP44+W8|WJFH+XQ,weekday_evening,21.04,4,5,13,2.17,Sarjapur Road
2025-12-22,WGG8+G5|XH7P+G6,weekday_evening,19.39,4,6,13,1.08,Mysore Road
2025-12-22,XHJ7+MG|WJM6+VC,weekday_evening,19.36,4,7,13,0.0,Central Diagonal 1
2025-12-22,2HVW+G8|XJXR+WG,weekday_evening,18.97,4,8,13,-1.08,North Outer Ring
2025-12-22,2HM2+P8|XJV5+RG,weekday_evening,18.7,4,9,13,-2.17,North Inner Ring
2025-12-22,WHR9+R6|XJGF+6J,weekday_evening,18.52,4,10,13,-3.25,Central Diagonal 2
2025-12-22,XPC7+72|XM33+J3,weekday_evening,18.49,4,11,13,-4.33,Old Airport Road
2025-12-22,XJPW+92|WJP4+FF,weekday_evening,17.83,4,12,13,-5.42,East Inner Ring
2025-12-22,XG48+2W|VHWC+C3,weekday_evening,16.61,4,13,13,-6.5,South Outer Ring
2025-12-23,XJG4+7J|5PX4+HQ,weekday_evening,33.75,4,1,13,6.5,Airport Expy
2025-12-23,VJRQ+2M|RMJJ+F4,weekday_evening,26.67,4,2,13,5.42,Hosur Road
2025-12-23,XMW9+G8|WMJR+V4,weekday_evening,25.68,4,3,13,4.33,East Outer Ring
2025-12-23,WH5F+26|WJ8X+F5W,weekday_evening,23.13,4,4,13,3.25,Double Decker Flyover
2025-12-23,2HM2+P8|XJV5+RG,weekday_evening,21.03,4,5,13,2.17,North Inner Ring
2025-12-23,WP44+W8|WJFH+XQ,weekday_evening,19.31,4,6,13,1.08,Sarjapur Road
2025-12-23,XPC7+72|XM33+J3,weekday_evening,18.99,4,7,13,0.0,Old Airport Road
2025-12-23,2HVW+G8|XJXR+WG,weekday_evening,18.85,4,8,13,-1.08,North Outer Ring
2025-12-23,WGG8+G5|XH7P+G6,weekday_evening,18.72,4,9,13,-2.17,Mysore Road
2025-12-23,XHJ7+MG|WJM6+VC,weekday_evening,17.91,4,10,13,-3.25,Central Diagonal 1
2025-12-23,XJPW+92|WJP4+FF,weekday_evening,16.65,4,11,13,-4.33,East Inner Ring
2025-12-23,WHR9+R6|XJGF+6J,weekday_evening,16.29,4,12,13,-5.42,Central Diagonal 2
2025-12-23,XG48+2W|VHWC+C3,weekday_evening,15.94,4,13,13,-6.5,South Outer Ring
2025-12-24,XJG4+7J|5PX4+HQ,weekday_evening,31.85,4,1,13,6.5,Airport Expy
2025-12-24,VJRQ+2M|RMJJ+F4,weekday_evening,26.48,4,2,13,5.42,Hosur Road
2025-12-24,XMW9+G8|WMJR+V4,weekday_evening,25.84,4,3,13,4.33,East Outer Ring
2025-12-24,WH5F+26|WJ8X+F5W,weekday_evening,22.15,4,4,13,3.25,Double Decker Flyover
2025-12-24,WP44+W8|WJFH+XQ,weekday_evening,21.14,4,5,13,2.17,Sarjapur Road
2025-12-24,XPC7+72|XM33+J3,weekday_evening,19.7,4,6,13,1.08,Old Airport Road
2025-12-24,2HM2+P8|XJV5+RG,weekday_evening,18.99,4,7,13,0.0,North Inner Ring
2025-12-24,2HVW+G8|XJXR+WG,weekday_evening,18.08,4,8,13,-1.08,North Outer Ring
2025-12-24,WGG8+G5|XH7P+G6,weekday_evening,17.96,4,9,13,-2.17,Mysore Road
2025-12-24,XHJ7+MG|WJM6+VC,weekday_evening,16.85,4,10,13,-3.25,Central Diagonal 1
2025-12-24,XJPW+92|WJP4+FF,weekday_evening,16.06,4,11,13,-4.33,East Inner Ring
2025-12-24,WHR9+R6|XJGF+6J,weekday_evening,16.01,4,12,13,-5.42,Central Diagonal 2
2025-12-24,XG48+2W|VHWC+C3,weekday_evening,15.52,4,13,13,-6.5,South Outer Ring
2025-12-25,XJG4+7J|5PX4+HQ,weekday_evening,36.36,4,1,13,6.5,Airport Expy
2025-12-25,XMW9+G8|WMJR+V4,weekday_evening,28.75,4,2,13,5.42,East Outer Ring
2025-12-25,VJRQ+2M|RMJJ+F4,weekday_evening,28.72,4,3,13,4.33,Hosur Road
2025-12-25,WH5F+26|WJ8X+F5W,weekday_evening,24.63,4,4,13,3.25,Double Decker Flyover
2025-12-25,WP44+W8|WJFH+XQ,weekday_evening,22.89,4,5,13,2.17,Sarjapur Road
2025-12-25,XPC7+72|XM33+J3,weekday_evening,22.8,4,6,13,1.08,Old Airport Road
2025-12-25,2HVW+G8|XJXR+WG,weekday_evening,19.72,4,7,13,0.0,North Outer Ring
2025-12-25,2HM2+P8|XJV5+RG,weekday_evening,19.34,4,8,13,-1.08,North Inner Ring
2025-12-25,WGG8+G5|XH7P+G6,weekday_evening,19.28,4,9,13,-2.17,Mysore Road
2025-12-25,XJPW+92|WJP4+FF,weekday_evening,17.67,4,10,13,-3.25,East Inner Ring
2025-12-25,XG48+2W|VHWC+C3,weekday_evening,17.3,4,11,13,-4.33,South Outer Ring
2025-12-25,XHJ7+MG|WJM6+VC,weekday_evening,16.83,4,12,13,-5.42,Central Diagonal 1
2025-12-25,WHR9+R6|XJGF+6J,weekday_evening,15.91,4,13,13,-6.5,Central Diagonal 2
2025-12-26,XJG4+7J|5PX4+HQ,weekday_evening,34.11,4,1,13,6.5,Airport Expy
2025-12-26,VJRQ+2M|RMJJ+F4,weekday_evening,29.61,4,2,13,5.42,Hosur Road
2025-12-26,XMW9+G8|WMJR+V4,weekday_evening,29.32,4,3,13,4.33,East Outer Ring
2025-12-26,WH5F+26|WJ8X+F5W,weekday_evening,24.11,4,4,13,3.25,Double Decker Flyover
2025-12-26,WP44+W8|WJFH+XQ,weekday_evening,21.99,4,5,13,2.17,Sarjapur Road
2025-12-26,XPC7+72|XM33+J3,weekday_evening,21.03,4,6,13,1.08,Old Airport Road
2025-12-26,2HVW+G8|XJXR+WG,weekday_evening,19.44,4,7,13,0.0,North Outer Ring
2025-12-26,2HM2+P8|XJV5+RG,weekday_evening,19.12,4,8,13,-1.08,North Inner Ring
2025-12-26,WGG8+G5|XH7P+G6,weekday_evening,19.04,4,9,13,-2.17,Mysore Road
2025-12-26,XHJ7+MG|WJM6+VC,weekday_evening,18.04,4,10,13,-3.25,Central Diagonal 1
2025-12-26,XJPW+92|WJP4+FF,weekday_evening,17.0,4,11,13,-4.33,East Inner Ring
2025-12-26,WHR9+R6|XJGF+6J,weekday_evening,16.75,4,12,13,-5.42,Central Diagonal 2
2025-12-26,XG48+2W|VHWC+C3,weekday_evening,16.33,4,13,13,-6.5,South Outer Ring
2025-12-29,XJG4+7J|5PX4+HQ,weekday_evening,35.12,4,1,13,6.5,Airport Expy
2025-12-29,XMW9+G8|WMJR+V4,weekday_evening,29.75,4,2,13,5.42,East Outer Ring
2025-12-29,VJRQ+2M|RMJJ+F4,weekday_evening,28.19,4,3,13,4.33,Hosur Road
2025-12-29,WH5F+26|WJ8X+F5W,weekday_evening,24.76,4,4,13,3.25,Double Decker Flyover
2025-12-29,WP44+W8|WJFH+XQ,weekday_evening,23.48,4,5,13,2.17,Sarjapur Road
2025-12-29,2HVW+G8|XJXR+WG,weekday_evening,20.73,4,6,13,1.08,North Outer Ring
2025-12-29,XPC7+72|XM33+J3,weekday_evening,20.5,4,7,13,0.0,Old Airport Road
2025-12-29,XHJ7+MG|WJM6+VC,weekday_evening,20.0,4,8,13,-1.08,Central Diagonal 1
2025-12-29,WGG8+G5|XH7P+G6,weekday_evening,19.65,4,9,13,-2.17,Mysore Road
2025-12-29,2HM2+P8|XJV5+RG,weekday_evening,19.45,4,10,13,-3.25,North Inner Ring
2025-12-29,XJPW+92|WJP4+FF,weekday_evening,18.31,4,11,13,-4.33,East Inner Ring
2025-12-29,WHR9+R6|XJGF+6J,weekday_evening,18.04,4,12,13,-5.42,Central Diagonal 2
2025-12-29,XG48+2W|VHWC+C3,weekday_evening,16.32,4,13,13,-6.5,South Outer Ring
2025-12-30,XJG4+7J|5PX4+HQ,weekday_evening,35.22,4,1,13,6.5,Airport Expy
2025-12-30,XMW9+G8|WMJR+V4,weekday_evening,27.92,4,2,13,5.42,East Outer Ring
2025-12-30,VJRQ+2M|RMJJ+F4,weekday_evening,27.3,4,3,13,4.33,Hosur Road
2025-12-30,WH5F+26|WJ8X+F5W,weekday_evening,23.39,4,4,13,3.25,Double Decker Flyover
2025-12-30,WGG8+G5|XH7P+G6,weekday_evening,21.32,4,5,13,2.17,Mysore Road
2025-12-30,2HM2+P8|XJV5+RG,weekday_evening,20.32,4,6,13,1.08,North Inner Ring
2025-12-30,2HVW+G8|XJXR+WG,weekday_evening,19.95,4,7,13,0.0,North Outer Ring
2025-12-30,XPC7+72|XM33+J3,weekday_evening,19.68,4,8,13,-1.08,Old Airport Road
2025-12-30,XHJ7+MG|WJM6+VC,weekday_evening,19.52,4,9,13,-2.17,Central Diagonal 1
2025-12-30,WP44+W8|WJFH+XQ,weekday_evening,18.86,4,10,13,-3.25,Sarjapur Road
2025-12-30,WHR9+R6|XJGF+6J,weekday_evening,17.55,4,11,13,-4.33,Central Diagonal 2
2025-12-30,XJPW+92|WJP4+FF,weekday_evening,17.52,4,12,13,-5.42,East Inner Ring
2025-12-30,XG48+2W|VHWC+C3,weekday_evening,16.33,4,13,13,-6.5,South Outer Ring
2025-12-31,XJG4+7J|5PX4+HQ,weekday_evening,34.46,4,1,13,6.5,Airport Expy
2025-12-31,XMW9+G8|WMJR+V4,weekday_evening,27.78,4,2,13,5.42,East Outer Ring
2025-12-31,VJRQ+2M|RMJJ+F4,weekday_evening,25.37,4,3,13,4.33,Hosur Road
2025-12-31,WH5F+26|WJ8X+F5W,weekday_evening,22.81,4,4,13,3.25,Double Decker Flyover
2025-12-31,WGG8+G5|XH7P+G6,weekday_evening,21.0,4,5,13,2.17,Mysore Road
2025-12-31,2HM2+P8|XJV5+RG,weekday_evening,20.36,4,6,13,1.08,North Inner Ring
2025-12-31,XPC7+72|XM33+J3,weekday_evening,19.63,4,7,13,0.0,Old Airport Road
2025-12-31,XHJ7+MG|WJM6+VC,weekday_evening,18.93,4,8,13,-1.08,Central Diagonal 1
2025-12-31,2HVW+G8|XJXR+WG,weekday_evening,18.05,4,9,13,-2.17,North Outer Ring
2025-12-31,WP44+W8|WJFH+XQ,weekday_evening,17.75,4,10,13,-3.25,Sarjapur Road
2025-12-31,XG48+2W|VHWC+C3,weekday_evening,16.06,4,11,13,-4.33,South Outer Ring
2025-12-31,XJPW+92|WJP4+FF,weekday_evening,15.98,4,12,13,-5.42,East Inner Ring
2025-12-31,WHR9+R6|XJGF+6J,weekday_evening,15.4,4,13,13,-6.5,Central Diagonal 2
2026-01-01,XJG4+7J|5PX4+HQ,weekday_evening,37.38,4,1,13,6.5,Airport Expy
2026-01-01,XMW9+G8|WMJR+V4,weekday_evening,29.62,4,2,13,5.42,East Outer Ring
2026-01-01,VJRQ+2M|RMJJ+F4,weekday_evening,29.47,4,3,13,4.33,Hosur Road
2026-01-01,XPC7+72|XM33+J3,weekday_evening,22.12,4,4,13,3.25,Old Airport Road
2026-01-01,WH5F+26|WJ8X+F5W,weekday_evening,21.7,4,5,13,2.17,Double Decker Flyover
2026-01-01,2HM2+P8|XJV5+RG,weekday_evening,20.8,4,6,13,1.08,North Inner Ring
2026-01-01,WGG8+G5|XH7P+G6,weekday_evening,20.41,4,7,13,0.0,Mysore Road
2026-01-01,2HVW+G8|XJXR+WG,weekday_evening,20.31,4,8,13,-1.08,North Outer Ring
2026-01-01,WP44+W8|WJFH+XQ,weekday_evening,19.86,4,9,13,-2.17,Sarjapur Road
2026-01-01,XHJ7+MG|WJM6+VC,weekday_evening,19.43,4,10,13,-3.25,Central Diagonal 1
2026-01-01,XJPW+92|WJP4+FF,weekday_evening,18.21,4,11,13,-4.33,East Inner Ring
2026-01-01,WHR9+R6|XJGF+6J,weekday_evening,16.51,4,12,13,-5.42,Central Diagonal 2
2026-01-01,XG48+2W|VHWC+C3,weekday_evening,16.13,4,13,13,-6.5,South Outer Ring
2026-01-02,XJG4+7J|5PX4+HQ,weekday_evening,33.3,4,1,13,6.5,Airport Expy
2026-01-02,XMW9+G8|WMJR+V4,weekday_evening,29.75,4,2,13,5.42,East Outer Ring
2026-01-02,VJRQ+2M|RMJJ+F4,weekday_evening,27.01,4,3,13,4.33,Hosur Road
2026-01-02,WH5F+26|WJ8X+F5W,weekday_evening,23.4,4,4,13,3.25,Double Decker Flyover
2026-01-02,XPC7+72|XM33+J3,weekday_evening,20.98,4,5,13,2.17,Old Airport Road
2026-01-02,WP44+W8|WJFH+XQ,weekday_evening,20.47,4,6,13,1.08,Sarjapur Road
2026-01-02,2HM2+P8|XJV5+RG,weekday_evening,19.83,4,7,13,0.0,North Inner Ring
2026-01-02,WGG8+G5|XH7P+G6,weekday_evening,19.08,4,8,13,-1.08,Mysore Road
2026-01-02,2HVW+G8|XJXR+WG,weekday_evening,18.91,4,9,13,-2.17,North Outer Ring
2026-01-02,XHJ7+MG|WJM6+VC,weekday_evening,18.54,4,10,13,-3.25,Central Diagonal 1
2026-01-02,WHR9+R6|XJGF+6J,weekday_evening,16.92,4,11,13,-4.33,Central Diagonal 2
2026-01-02,XJPW+92|WJP4+FF,weekday_evening,16.36,4,12,13,-5.42,East Inner Ring
2026-01-02,XG48+2W|VHWC+C3,weekday_evening,16.26,4,13,13,-6.5,South Outer Ring
2026-01-05,XJG4+7J|5PX4+HQ,weekday_evening,32.31,4,1,13,6.5,Airport Expy
2026-01-05,VJRQ+2M|RMJJ+F4,weekday_evening,26.68,4,2,13,5.42,Hosur Road
2026-01-05,WH5F+26|WJ8X+F5W,weekday_evening,23.57,4,3,13,4.33,Double Decker Flyover
2026-01-05,XMW9+G8|WMJR+V4,weekday_evening,21.0,4,4,13,3.25,East Outer Ring
2026-01-05,2HM2+P8|XJV5+RG,weekday_evening,20.45,4,5,13,2.17,North Inner Ring
2026-01-05,WGG8+G5|XH7P+G6,weekday_evening,19.24,4,6,13,1.08,Mysore Road
2026-01-05,XHJ7+MG|WJM6+VC,weekday_evening,19.02,4,7,13,0.0,Central Diagonal 1
2026-01-05,WP44+W8|WJFH+XQ,weekday_evening,17.9,4,8,13,-1.08,Sarjapur Road
2026-01-05,XPC7+72|XM33+J3,weekday_evening,17.86,4,9,13,-2.17,Old Airport Road
2026-01-05,WHR9+R6|XJGF+6J,weekday_evening,17.56,4,10,13,-3.25,Central Diagonal 2
2026-01-05,2HVW+G8|XJXR+WG,weekday_evening,17.4,4,11,13,-4.33,North Outer Ring
2026-01-05,XG48+2W|VHWC+C3,weekday_evening,16.64,4,12,13,-5.42,South Outer Ring
2026-01-05,XJPW+92|WJP4+FF,weekday_evening,16.41,4,13,13,-6.5,East Inner Ring
2026-01-06,XJG4+7J|5PX4+HQ,weekday_evening,32.9,4,1,13,6.5,Airport Expy
2026-01-06,VJRQ+2M|RMJJ+F4,weekday_evening,25.89,4,2,13,5.42,Hosur Road
2026-01-06,WH5F+26|WJ8X+F5W,weekday_evening,24.46,4,3,13,4.33,Double Decker Flyover
2026-01-06,WGG8+G5|XH7P+G6,weekday_evening,21.04,4,4,13,3.25,Mysore Road
2026-01-06,2HM2+P8|XJV5+RG,weekday_evening,20.92,4,5,13,2.17,North Inner Ring
2026-01-06,XMW9+G8|WMJR+V4,weekday_evening,20.87,4,6,13,1.08,East Outer Ring
2026-01-06,XHJ7+MG|WJM6+VC,weekday_evening,19.74,4,7,13,0.0,Central Diagonal 1
2026-01-06,XPC7+72|XM33+J3,weekday_evening,18.51,4,8,13,-1.08,Old Airport Road
2026-01-06,WHR9+R6|XJGF+6J,weekday_evening,17.61,4,9,13,-2.17,Central Diagonal 2
2026-01-06,WP44+W8|WJFH+XQ,weekday_evening,17.22,4,10,13,-3.25,Sarjapur Road
2026-01-06,2HVW+G8|XJXR+WG,weekday_evening,17.09,4,11,13,-4.33,North Outer Ring
2026-01-06,XJPW+92|WJP4+FF,weekday_evening,16.3,4,12,13,-5.42,East Inner Ring
2026-01-06,XG48+2W|VHWC+C3,weekday_evening,16.25,4,13,13,-6.5,South Outer Ring
2026-01-07,XJG4+7J|5PX4+HQ,weekday_evening,30.09,4,1,13,6.5,Airport Expy
2026-01-07,VJRQ+2M|RMJJ+F4,weekday_evening,25.11,4,2,13,5.42,Hosur Road
2026-01-07,WH5F+26|WJ8X+F5W,weekday_evening,23.58,4,3,13,4.33,Double Decker Flyover
2026-01-07,XMW9+G8|WMJR+V4,weekday_evening,21.28,4,4,13,3.25,East Outer Ring
2026-01-07,WGG8+G5|XH7P+G6,weekday_evening,20.56,4,5,13,2.17,Mysore Road
2026-01-07,2HM2+P8|XJV5+RG,weekday_evening,20.09,4,6,13,1.08,North Inner Ring
2026-01-07,XHJ7+MG|WJM6+VC,weekday_evening,18.13,4,7,13,0.0,Central Diagonal 1
2026-01-07,WHR9+R6|XJGF+6J,weekday_evening,17.95,4,8,13,-1.08,Central Diagonal 2
2026-01-07,XPC7+72|XM33+J3,weekday_evening,17.94,4,9,13,-2.17,Old Airport Road
2026-01-07,WP44+W8|WJFH+XQ,weekday_evening,16.63,4,10,13,-3.25,Sarjapur Road
2026-01-07,XJPW+92|WJP4+FF,weekday_evening,15.81,4,11,13,-4.33,East Inner Ring
2026-01-07,XG48+2W|VHWC+C3,weekday_evening,15.55,4,12,13,-5.42,South Outer Ring
2026-01-07,2HVW+G8|XJXR+WG,weekday_evening,15.13,4,13,13,-6.5,North Outer Ring
2026-01-08,XJG4+7J|5PX4+HQ,weekday_evening,31.36,4,1,13,6.5,Airport Expy
2026-01-08,VJRQ+2M|RMJJ+F4,weekday_evening,26.61,4,2,13,5.42,Hosur Road
2026-01-08,WH5F+26|WJ8X+F5W,weekday_evening,22.44,4,3,13,4.33,Double Decker Flyover
2026-01-08,WGG8+G5|XH7P+G6,weekday_evening,20.68,4,4,13,3.25,Mysore Road
2026-01-08,XMW9+G8|WMJR+V4,weekday_evening,20.42,4,5,13,2.17,East Outer Ring
2026-01-08,2HM2+P8|XJV5+RG,weekday_evening,19.0,4,6,13,1.08,North Inner Ring
2026-01-08,XHJ7+MG|WJM6+VC,weekday_evening,17.46,4,7,13,0.0,Central Diagonal 1
2026-01-08,WHR9+R6|XJGF+6J,weekday_evening,17.03,4,8,13,-1.08,Central Diagonal 2
2026-01-08,WP44+W8|WJFH+XQ,weekday_evening,16.93,4,9,13,-2.17,Sarjapur Road
2026-01-08,XPC7+72|XM33+J3,weekday_evening,16.69,4,10,13,-3.25,Old Airport Road
2026-01-08,2HVW+G8|XJXR+WG,weekday_evening,16.12,4,11,13,-4.33,North Outer Ring
2026-01-08,XJPW+92|WJP4+FF,weekday_evening,15.69,4,12,13,-5.42,East Inner Ring
2026-01-08,XG48+2W|VHWC+C3,weekday_evening,15.36,4,13,13,-6.5,South Outer Ring
2026-01-09,XJG4+7J|5PX4+HQ,weekday_evening,30.61,4,1,13,6.5,Airport Expy
2026-01-09,VJRQ+2M|RMJJ+F4,weekday_evening,27.39,4,2,13,5.42,Hosur Road
2026-01-09,XMW9+G8|WMJR+V4,weekday_evening,24.54,4,3,13,4.33,East Outer Ring
2026-01-09,WH5F+26|WJ8X+F5W,weekday_evening,20.88,4,4,13,3.25,Double Decker Flyover
2026-01-09,2HM2+P8|XJV5+RG,weekday_evening,18.23,4,5,13,2.17,North Inner Ring
2026-01-09,WGG8+G5|XH7P+G6,weekday_evening,18.13,4,6,13,1.08,Mysore Road
2026-01-09,XPC7+72|XM33+J3,weekday_evening,17.87,4,7,13,0.0,Old Airport Road
2026-01-09,XHJ7+MG|WJM6+VC,weekday_evening,16.76,4,8,13,-1.08,Central Diagonal 1
2026-01-09,WHR9+R6|XJGF+6J,weekday_evening,16.0,4,9,13,-2.17,Central Diagonal 2
2026-01-09,XG48+2W|VHWC+C3,weekday_evening,14.95,4,10,13,-3.25,South Outer Ring
2026-01-09,XJPW+92|WJP4+FF,weekday_evening,14.63,4,11,13,-4.33,East Inner Ring
2026-01-09,2HVW+G8|XJXR+WG,weekday_evening,14.21,4,12,13,-5.42,North Outer Ring
2026-01-09,WP44+W8|WJFH+XQ,weekday_evening,13.7,4,13,13,-6.5,Sarjapur Road
2026-01-12,XJG4+7J|5PX4+HQ,weekday_evening,32.21,4,1,13,6.5,Airport Expy
2026-01-12,VJRQ+2M|RMJJ+F4,weekday_evening,28.04,4,2,13,5.42,Hosur Road
2026-01-12,XMW9+G8|WMJR+V4,weekday_evening,27.0,4,3,13,4.33,East Outer Ring
2026-01-12,WH5F+26|WJ8X+F5W,weekday_evening,23.44,4,4,13,3.25,Double Decker Flyover
2026-01-12,2HM2+P8|XJV5+RG,weekday_evening,19.26,4,5,13,2.17,North Inner Ring
2026-01-12,WGG8+G5|XH7P+G6,weekday_evening,19.2,4,6,13,1.08,Mysore Road
2026-01-12,XHJ7+MG|WJM6+VC,weekday_evening,18.36,4,7,13,0.0,Central Diagonal 1
2026-01-12,XPC7+72|XM33+J3,weekday_evening,18.09,4,8,13,-1.08,Old Airport Road
2026-01-12,WHR9+R6|XJGF+6J,weekday_evening,18.06,4,9,13,-2.17,Central Diagonal 2
2026-01-12,XJPW+92|WJP4+FF,weekday_evening,17.42,4,10,13,-3.25,East Inner Ring
2026-01-12,2HVW+G8|XJXR+WG,weekday_evening,16.77,4,11,13,-4.33,North Outer Ring
2026-01-12,WP44+W8|WJFH+XQ,weekday_evening,16.73,4,12,13,-5.42,Sarjapur Road
2026-01-12,XG48+2W|VHWC+C3,weekday_evening,16.14,4,13,13,-6.5,South Outer Ring
2026-01-13,XJG4+7J|5PX4+HQ,weekday_evening,33.63,4,1,13,6.5,Airport Expy
2026-01-13,VJRQ+2M|RMJJ+F4,weekday_evening,28.25,4,2,13,5.42,Hosur Road
2026-01-13,WH5F+26|WJ8X+F5W,weekday_evening,22.09,4,3,13,4.33,Double Decker Flyover
2026-01-13,XMW9+G8|WMJR+V4,weekday_evening,21.72,4,4,13,3.25,East Outer Ring
2026-01-13,WGG8+G5|XH7P+G6,weekday_evening,20.36,4,5,13,2.17,Mysore Road
2026-01-13,2HM2+P8|XJV5+RG,weekday_evening,19.15,4,6,13,1.08,North Inner Ring
2026-01-13,XHJ7+MG|WJM6+VC,weekday_evening,18.35,4,7,13,0.0,Central Diagonal 1
2026-01-13,WHR9+R6|XJGF+6J,weekday_evening,17.29,4,8,13,-1.08,Central Diagonal 2
2026-01-13,XPC7+72|XM33+J3,weekday_evening,16.76,4,9,13,-2.17,Old Airport Road
2026-01-13,XJPW+92|WJP4+FF,weekday_evening,16.47,4,10,13,-3.25,East Inner Ring
2026-01-13,XG48+2W|VHWC+C3,weekday_evening,16.22,4,11,13,-4.33,South Outer Ring
2026-01-13,WP44+W8|WJFH+XQ,weekday_evening,16.09,4,12,13,-5.42,Sarjapur Road
2026-01-13,2HVW+G8|XJXR+WG,weekday_evening,15.2,4,13,13,-6.5,North Outer Ring
2026-01-14,XJG4+7J|5PX4+HQ,weekday_evening,35.01,4,1,13,6.5,Airport Expy
2026-01-14,VJRQ+2M|RMJJ+F4,weekday_evening,27.73,4,2,13,5.42,Hosur Road
2026-01-14,XMW9+G8|WMJR+V4,weekday_evening,25.97,4,3,13,4.33,East Outer Ring
2026-01-14,WH5F+26|WJ8X+F5W,weekday_evening,23.62,4,4,13,3.25,Double Decker Flyover
2026-01-14,2HM2+P8|XJV5+RG,weekday_evening,20.2,4,5,13,2.17,North Inner Ring
2026-01-14,XPC7+72|XM33+J3,weekday_evening,19.88,4,6,13,1.08,Old Airport Road
2026-01-14,XHJ7+MG|WJM6+VC,weekday_evening,18.96,4,7,13,0.0,Central Diagonal 1
2026-01-14,WP44+W8|WJFH+XQ,weekday_evening,18.67,4,8,13,-1.08,Sarjapur Road
2026-01-14,WGG8+G5|XH7P+G6,weekday_evening,18.11,4,9,13,-2.17,Mysore Road
2026-01-14,WHR9+R6|XJGF+6J,weekday_evening,18.02,4,10,13,-3.25,Central Diagonal 2
2026-01-14,2HVW+G8|XJXR+WG,weekday_evening,17.36,4,11,13,-4.33,North Outer Ring
2026-01-14,XJPW+92|WJP4+FF,weekday_evening,16.57,4,12,13,-5.42,East Inner Ring
2026-01-14,XG48+2W|VHWC+C3,weekday_evening,16.1,4,13,13,-6.5,South Outer Ring
2026-01-15,XJG4+7J|5PX4+HQ,weekday_evening,40.59,4,1,13,6.5,Airport Expy
2026-01-15,XMW9+G8|WMJR+V4,weekday_evening,33.82,4,2,13,5.42,East Outer Ring
2026-01-15,VJRQ+2M|RMJJ+F4,weekday_evening,31.24,4,3,13,4.33,Hosur Road
2026-01-15,WH5F+26|WJ8X+F5W,weekday_evening,25.21,4,4,13,3.25,Double Decker Flyover
2026-01-15,WGG8+G5|XH7P+G6,weekday_evening,24.12,4,5,13,2.17,Mysore Road
2026-01-15,2HVW+G8|XJXR+WG,weekday_evening,23.86,4,6,13,1.08,North Outer Ring
2026-01-15,XPC7+72|XM33+J3,weekday_evening,23.13,4,7,13,0.0,Old Airport Road
2026-01-15,WP44+W8|WJFH+XQ,weekday_evening,21.99,4,8,13,-1.08,Sarjapur Road
2026-01-15,XHJ7+MG|WJM6+VC,weekday_evening,21.51,4,9,13,-2.17,Central Diagonal 1
2026-01-15,2HM2+P8|XJV5+RG,weekday_evening,21.19,4,10,13,-3.25,North Inner Ring
2026-01-15,XJPW+92|WJP4+FF,weekday_evening,19.59,4,11,13,-4.33,East Inner Ring
2026-01-15,XG48+2W|VHWC+C3,weekday_evening,18.72,4,12,13,-5.42,South Outer Ring
2026-01-15,WHR9+R6|XJGF+6J,weekday_evening,18.1,4,13,13,-6.5,Central Diagonal 2
2026-01-16,XJG4+7J|5PX4+HQ,weekday_evening,32.85,4,1,13,6.5,Airport Expy
2026-01-16,VJRQ+2M|RMJJ+F4,weekday_evening,28.68,4,2,13,5.42,Hosur Road
2026-01-16,XMW9+G8|WMJR+V4,weekday_evening,28.6,4,3,13,4.33,East Outer Ring
2026-01-16,WH5F+26|WJ8X+F5W,weekday_evening,24.2,4,4,13,3.25,Double Decker Flyover
2026-01-16,XPC7+72|XM33+J3,weekday_evening,20.39,4,5,13,2.17,Old Airport Road
2026-01-16,WGG8+G5|XH7P+G6,weekday_evening,20.22,4,6,13,1.08,Mysore Road
2026-01-16,2HM2+P8|XJV5+RG,weekday_evening,19.44,4,7,13,0.0,North Inner Ring
2026-01-16,2HVW+G8|XJXR+WG,weekday_evening,19.32,4,8,13,-1.08,North Outer Ring
2026-01-16,XHJ7+MG|WJM6+VC,weekday_evening,19.11,4,9,13,-2.17,Central Diagonal 1
2026-01-16,WP44+W8|WJFH+XQ,weekday_evening,17.6,4,10,13,-3.25,Sarjapur Road
2026-01-16,WHR9+R6|XJGF+6J,weekday_evening,17.09,4,11,13,-4.33,Central Diagonal 2
2026-01-16,XG48+2W|VHWC+C3,weekday_evening,16.7,4,12,13,-5.42,South Outer Ring
2026-01-16,XJPW+92|WJP4+FF,weekday_evening,15.57,4,13,13,-6.5,East Inner Ring
2026-01-19,XJG4+7J|5PX4+HQ,weekday_evening,33.49,4,1,13,6.5,Airport Expy
2026-01-19,VJRQ+2M|RMJJ+F4,weekday_evening,28.03,4,2,13,5.42,Hosur Road
2026-01-19,WH5F+26|WJ8X+F5W,weekday_evening,26.16,4,3,13,4.33,Double Decker Flyover
2026-01-19,XMW9+G8|WMJR+V4,weekday_evening,25.14,4,4,13,3.25,East Outer Ring
2026-01-19,WGG8+G5|XH7P+G6,weekday_evening,21.17,4,5,13,2.17,Mysore Road
2026-01-19,2HVW+G8|XJXR+WG,weekday_evening,20.03,4,6,13,1.08,North Outer Ring
2026-01-19,XHJ7+MG|WJM6+VC,weekday_evening,19.32,4,7,13,0.0,Central Diagonal 1
2026-01-19,XPC7+72|XM33+J3,weekday_evening,18.93,4,8,13,-1.08,Old Airport Road
2026-01-19,2HM2+P8|XJV5+RG,weekday_evening,18.59,4,9,13,-2.17,North Inner Ring
2026-01-19,WHR9+R6|XJGF+6J,weekday_evening,18.56,4,10,13,-3.25,Central Diagonal 2
2026-01-19,XJPW+92|WJP4+FF,weekday_evening,17.97,4,11,13,-4.33,East Inner Ring
2026-01-19,WP44+W8|WJFH+XQ,weekday_evening,17.63,4,12,13,-5.42,Sarjapur Road
2026-01-19,XG48+2W|VHWC+C3,weekday_evening,16.18,4,13,13,-6.5,South Outer Ring
2026-01-20,XJG4+7J|5PX4+HQ,weekday_evening,33.49,4,1,13,6.5,Airport Expy
2026-01-20,VJRQ+2M|RMJJ+F4,weekday_evening,27.32,4,2,13,5.42,Hosur Road
2026-01-20,WH5F+26|WJ8X+F5W,weekday_evening,23.91,4,3,13,4.33,Double Decker Flyover
2026-01-20,XMW9+G8|WMJR+V4,weekday_evening,21.68,4,4,13,3.25,East Outer Ring
2026-01-20,WGG8+G5|XH7P+G6,weekday_evening,21.03,4,5,13,2.17,Mysore Road
2026-01-20,2HM2+P8|XJV5+RG,weekday_evening,18.88,4,6,13,1.08,North Inner Ring
2026-01-20,XHJ7+MG|WJM6+VC,weekday_evening,18.71,4,7,13,0.0,Central Diagonal 1
2026-01-20,2HVW+G8|XJXR+WG,weekday_evening,17.96,4,8,13,-1.08,North Outer Ring
2026-01-20,WP44+W8|WJFH+XQ,weekday_evening,17.96,4,9,13,-2.17,Sarjapur Road
2026-01-20,WHR9+R6|XJGF+6J,weekday_evening,17.51,4,10,13,-3.25,Central Diagonal 2
2026-01-20,XPC7+72|XM33+J3,weekday_evening,16.7,4,11,13,-4.33,Old Airport Road
2026-01-20,XJPW+92|WJP4+FF,weekday_evening,16.5,4,12,13,-5.42,East Inner Ring
2026-01-20,XG48+2W|VHWC+C3,weekday_evening,16.3,4,13,13,-6.5,South Outer Ring
2026-01-21,XJG4+7J|5PX4+HQ,weekday_evening,32.6,4,1,13,6.5,Airport Expy
2026-01-21,VJRQ+2M|RMJJ+F4,weekday_evening,26.53,4,2,13,5.42,Hosur Road
2026-01-21,WH5F+26|WJ8X+F5W,weekday_evening,23.58,4,3,13,4.33,Double Decker Flyover
2026-01-21,XMW9+G8|WMJR+V4,weekday_evening,21.89,4,4,13,3.25,East Outer Ring
2026-01-21,WGG8+G5|XH7P+G6,weekday_evening,20.03,4,5,13,2.17,Mysore Road
2026-01-21,2HM2+P8|XJV5+RG,weekday_evening,18.29,4,6,13,1.08,North Inner Ring
2026-01-21,XHJ7+MG|WJM6+VC,weekday_evening,18.09,4,7,13,0.0,Central Diagonal 1
2026-01-21,WHR9+R6|XJGF+6J,weekday_evening,17.32,4,8,13,-1.08,Central Diagonal 2
2026-01-21,XPC7+72|XM33+J3,weekday_evening,16.59,4,9,13,-2.17,Old Airport Road
2026-01-21,XG48+2W|VHWC+C3,weekday_evening,16.35,4,10,13,-3.25,South Outer Ring
2026-01-21,WP44+W8|WJFH+XQ,weekday_evening,16.22,4,11,13,-4.33,Sarjapur Road
2026-01-21,XJPW+92|WJP4+FF,weekday_evening,15.39,4,12,13,-5.42,East Inner Ring
2026-01-21,2HVW+G8|XJXR+WG,weekday_evening,14.58,4,13,13,-6.5,North Outer Ring
2026-01-22,XJG4+7J|5PX4+HQ,weekday_evening,30.87,4,1,13,6.5,Airport Expy
2026-01-22,VJRQ+2M|RMJJ+F4,weekday_evening,25.28,4,2,13,5.42,Hosur Road
2026-01-22,XMW9+G8|WMJR+V4,weekday_evening,23.36,4,3,13,4.33,East Outer Ring
2026-01-22,WH5F+26|WJ8X+F5W,weekday_evening,22.36,4,4,13,3.25,Double Decker Flyover
2026-01-22,2HM2+P8|XJV5+RG,weekday_evening,18.09,4,5,13,2.17,North Inner Ring
2026-01-22,XHJ7+MG|WJM6+VC,weekday_evening,17.52,4,6,13,1.08,Central Diagonal 1
2026-01-22,WP44+W8|WJFH+XQ,weekday_evening,17.26,4,7,13,0.0,Sarjapur Road
2026-01-22,WHR9+R6|XJGF+6J,weekday_evening,16.97,4,8,13,-1.08,Central Diagonal 2
2026-01-22,XG48+2W|VHWC+C3,weekday_evening,16.96,4,9,13,-2.17,South Outer Ring
2026-01-22,XPC7+72|XM33+J3,weekday_evening,16.74,4,10,13,-3.25,Old Airport Road
2026-01-22,XJPW+92|WJP4+FF,weekday_evening,16.26,4,11,13,-4.33,East Inner Ring
2026-01-22,WGG8+G5|XH7P+G6,weekday_evening,16.01,4,12,13,-5.42,Mysore Road
2026-01-22,2HVW+G8|XJXR+WG,weekday_evening,15.28,4,13,13,-6.5,North Outer Ring
2026-01-23,XJG4+7J|5PX4+HQ,weekday_evening,29.49,4,1,13,6.5,Airport Expy
2026-01-23,XMW9+G8|WMJR+V4,weekday_evening,24.58,4,2,13,5.42,East Outer Ring
2026-01-23,VJRQ+2M|RMJJ+F4,weekday_evening,24.27,4,3,13,4.33,Hosur Road
2026-01-23,WH5F+26|WJ8X+F5W,weekday_evening,21.79,4,4,13,3.25,Double Decker Flyover
2026-01-23,2HM2+P8|XJV5+RG,weekday_evening,17.41,4,5,13,2.17,North Inner Ring
2026-01-23,WP44+W8|WJFH+XQ,weekday_evening,17.34,4,6,13,1.08,Sarjapur Road
2026-01-23,2HVW+G8|XJXR+WG,weekday_evening,16.79,4,7,13,0.0,North Outer Ring
2026-01-23,XJPW+92|WJP4+FF,weekday_evening,16.63,4,8,13,-1.08,East Inner Ring
2026-01-23,XHJ7+MG|WJM6+VC,weekday_evening,16.32,4,9,13,-2.17,Central Diagonal 1
2026-01-23,WHR9+R6|XJGF+6J,weekday_evening,16.23,4,10,13,-3.25,Central Diagonal 2
2026-01-23,XPC7+72|XM33+J3,weekday_evening,16.03,4,11,13,-4.33,Old Airport Road
2026-01-23,WGG8+G5|XH7P+G6,weekday_evening,15.98,4,12,13,-5.42,Mysore Road
2026-01-23,XG48+2W|VHWC+C3,weekday_evening,15.82,4,13,13,-6.5,South Outer Ring
2026-01-26,XJG4+7J|5PX4+HQ,weekday_evening,40.0,4,1,13,6.5,Airport Expy
2026-01-26,VJRQ+2M|RMJJ+F4,weekday_evening,31.4,4,2,13,5.42,Hosur Road
2026-01-26,XMW9+G8|WMJR+V4,weekday_evening,26.34,4,3,13,4.33,East Outer Ring
2026-01-26,WH5F+26|WJ8X+F5W,weekday_evening,24.16,4,4,13,3.25,Double Decker Flyover
2026-01-26,WP44+W8|WJFH+XQ,weekday_evening,23.91,4,5,13,2.17,Sarjapur Road
2026-01-26,XPC7+72|XM33+J3,weekday_evening,23.53,4,6,13,1.08,Old Airport Road
2026-01-26,WGG8+G5|XH7P+G6,weekday_evening,20.99,4,7,13,0.0,Mysore Road
2026-01-26,2HM2+P8|XJV5+RG,weekday_evening,20.95,4,8,13,-1.08,North Inner Ring
2026-01-26,2HVW+G8|XJXR+WG,weekday_evening,20.88,4,9,13,-2.17,North Outer Ring
2026-01-26,XHJ7+MG|WJM6+VC,weekday_evening,20.04,4,10,13,-3.25,Central Diagonal 1
2026-01-26,XJPW+92|WJP4+FF,weekday_evening,19.58,4,11,13,-4.33,East Inner Ring
2026-01-26,WHR9+R6|XJGF+6J,weekday_evening,18.6,4,12,13,-5.42,Central Diagonal 2
2026-01-26,XG48+2W|VHWC+C3,weekday_evening,18.57,4,13,13,-6.5,South Outer Ring
2026-01-27,XJG4+7J|5PX4+HQ,weekday_evening,32.84,4,1,13,6.5,Airport Expy
2026-01-27,VJRQ+2M|RMJJ+F4,weekday_evening,28.25,4,2,13,5.42,Hosur Road
2026-01-27,XMW9+G8|WMJR+V4,weekday_evening,25.22,4,3,13,4.33,East Outer Ring
2026-01-27,WH5F+26|WJ8X+F5W,weekday_evening,24.98,4,4,13,3.25,Double Decker Flyover
2026-01-27,WGG8+G5|XH7P+G6,weekday_evening,20.96,4,5,13,2.17,Mysore Road
2026-01-27,XPC7+72|XM33+J3,weekday_evening,20.96,4,6,13,1.08,Old Airport Road
2026-01-27,2HVW+G8|XJXR+WG,weekday_evening,20.42,4,7,13,0.0,North Outer Ring
2026-01-27,2HM2+P8|XJV5+RG,weekday_evening,20.12,4,8,13,-1.08,North Inner Ring
2026-01-27,XHJ7+MG|WJM6+VC,weekday_evening,19.86,4,9,13,-2.17,Central Diagonal 1
2026-01-27,WP44+W8|WJFH+XQ,weekday_evening,19.54,4,10,13,-3.25,Sarjapur Road
2026-01-27,WHR9+R6|XJGF+6J,weekday_evening,18.49,4,11,13,-4.33,Central Diagonal 2
2026-01-27,XJPW+92|WJP4+FF,weekday_evening,18.46,4,12,13,-5.42,East Inner Ring
2026-01-27,XG48+2W|VHWC+C3,weekday_evening,16.25,4,13,13,-6.5,South Outer Ring
2026-01-28,XJG4+7J|5PX4+HQ,weekday_evening,31.68,4,1,13,6.5,Airport Expy
2026-01-28,VJRQ+2M|RMJJ+F4,weekday_evening,24.77,4,2,13,5.42,Hosur Road
2026-01-28,WH5F+26|WJ8X+F5W,weekday_evening,23.98,4,3,13,4.33,Double Decker Flyover
2026-01-28,XMW9+G8|WMJR+V4,weekday_evening,23.8,4,4,13,3.25,East Outer Ring
2026-01-28,WGG8+G5|XH7P+G6,weekday_evening,21.46,4,5,13,2.17,Mysore Road
2026-01-28,XHJ7+MG|WJM6+VC,weekday_evening,18.62,4,6,13,1.08,Central Diagonal 1
2026-01-28,2HM2+P8|XJV5+RG,weekday_evening,18.35,4,7,13,0.0,North Inner Ring
2026-01-28,WHR9+R6|XJGF+6J,weekday_evening,18.06,4,8,13,-1.08,Central Diagonal 2
2026-01-28,XPC7+72|XM33+J3,weekday_evening,17.61,4,9,13,-2.17,Old Airport Road
2026-01-28,WP44+W8|WJFH+XQ,weekday_evening,17.16,4,10,13,-3.25,Sarjapur Road
2026-01-28,XJPW+92|WJP4+FF,weekday_evening,16.68,4,11,13,-4.33,East Inner Ring
2026-01-28,XG48+2W|VHWC+C3,weekday_evening,16.15,4,12,13,-5.42,South Outer Ring
2026-01-28,2HVW+G8|XJXR+WG,weekday_evening,15.44,4,13,13,-6.5,North Outer Ring
2026-01-29,XJG4+7J|5PX4+HQ,weekday_evening,34.36,3,1,13,6.5,Airport Expy
2026-01-29,VJRQ+2M|RMJJ+F4,weekday_evening,28.62,3,2,13,5.42,Hosur Road
2026-01-29,WH5F+26|WJ8X+F5W,weekday_evening,25.59,3,3,13,4.33,Double Decker Flyover
2026-01-29,XMW9+G8|WMJR+V4,weekday_evening,22.78,3,4,13,3.25,East Outer Ring
2026-01-29,WGG8+G5|XH7P+G6,weekday_evening,20.05,3,5,13,2.17,Mysore Road
2026-01-29,WP44+W8|WJFH+XQ,weekday_evening,19.9,3,6,13,1.08,Sarjapur Road
2026-01-29,2HM2+P8|XJV5+RG,weekday_evening,19.6,3,7,13,0.0,North Inner Ring
2026-01-29,XHJ7+MG|WJM6+VC,weekday_evening,19.3,3,8,13,-1.08,Central Diagonal 1
2026-01-29,XPC7+72|XM33+J3,weekday_evening,18.0,3,9,13,-2.17,Old Airport Road
2026-01-29,WHR9+R6|XJGF+6J,weekday_evening,17.88,3,10,13,-3.25,Central Diagonal 2
2026-01-29,2HVW+G8|XJXR+WG,weekday_evening,17.55,3,11,13,-4.33,North Outer Ring
2026-01-29,XJPW+92|WJP4+FF,weekday_evening,17.41,3,12,13,-5.42,East Inner Ring
2026-01-29,XG48+2W|VHWC+C3,weekday_evening,16.53,3,13,13,-6.5,South Outer Ring
2026-01-30,XJG4+7J|5PX4+HQ,weekday_evening,32.8,4,1,13,6.5,Airport Expy
2026-01-30,VJRQ+2M|RMJJ+F4,weekday_evening,26.24,4,2,13,5.42,Hosur Road
2026-01-30,WH5F+26|WJ8X+F5W,weekday_evening,23.35,4,3,13,4.33,Double Decker Flyover
2026-01-30,XMW9+G8|WMJR+V4,weekday_evening,21.26,4,4,13,3.25,East Outer Ring
2026-01-30,WGG8+G5|XH7P+G6,weekday_evening,19.02,4,5,13,2.17,Mysore Road
2026-01-30,2HM2+P8|XJV5+RG,weekday_evening,18.38,4,6,13,1.08,North Inner Ring
2026-01-30,WP44+W8|WJFH+XQ,weekday_evening,17.66,4,7,13,0.0,Sarjapur Road
2026-01-30,XHJ7+MG|WJM6+VC,weekday_evening,17.01,4,8,13,-1.08,Central Diagonal 1
2026-01-30,2HVW+G8|XJXR+WG,weekday_evening,16.67,4,9,13,-2.17,North Outer Ring
2026-01-30,WHR9+R6|XJGF+6J,weekday_evening,16.32,4,10,13,-3.25,Central Diagonal 2
2026-01-30,XG48+2W|VHWC+C3,weekday_evening,16.24,4,11,13,-4.33,South Outer Ring
2026-01-30,XPC7+72|XM33+J3,weekday_evening,15.98,4,12,13,-5.42,Old Airport Road
2026-01-30,XJPW+92|WJP4+FF,weekday_evening,15.83,4,13,13,-6.5,East Inner Ring
2026-02-02,XJG4+7J|5PX4+HQ,weekday_evening,36.38,3,1,13,6.5,Airport Expy
2026-02-02,VJRQ+2M|RMJJ+F4,weekday_evening,28.62,3,2,13,5.42,Hosur Road
2026-02-02,XMW9+G8|WMJR+V4,weekday_evening,27.93,3,3,13,4.33,East Outer Ring
2026-02-02,WH5F+26|WJ8X+F5W,weekday_evening,26.54,3,4,13,3.25,Double Decker Flyover
2026-02-02,2HVW+G8|XJXR+WG,weekday_evening,22.44,3,5,13,2.17,North Outer Ring
2026-02-02,XHJ7+MG|WJM6+VC,weekday_evening,21.87,3,6,13,1.08,Central Diagonal 1
2026-02-02,WP44+W8|WJFH+XQ,weekday_evening,21.74,3,7,13,0.0,Sarjapur Road
2026-02-02,WGG8+G5|XH7P+G6,weekday_evening,21.14,3,8,13,-1.08,Mysore Road
2026-02-02,XPC7+72|XM33+J3,weekday_evening,20.2,3,9,13,-2.17,Old Airport Road
2026-02-02,XJPW+92|WJP4+FF,weekday_evening,20.1,3,10,13,-3.25,East Inner Ring
2026-02-02,WHR9+R6|XJGF+6J,weekday_evening,20.07,3,11,13,-4.33,Central Diagonal 2
2026-02-02,2HM2+P8|XJV5+RG,weekday_evening,20.06,3,12,13,-5.42,North Inner Ring
2026-02-02,XG48+2W|VHWC+C3,weekday_evening,17.77,3,13,13,-6.5,South Outer Ring
2026-02-03,XJG4+7J|5PX4+HQ,weekday_evening,37.69,3,1,13,6.5,Airport Expy
2026-02-03,WH5F+26|WJ8X+F5W,weekday_evening,28.53,3,2,13,5.42,Double Decker Flyover
2026-02-03,XMW9+G8|WMJR+V4,weekday_evening,26.88,3,3,13,4.33,East Outer Ring
2026-02-03,VJRQ+2M|RMJJ+F4,weekday_evening,25.78,3,4,13,3.25,Hosur Road
2026-02-03,WGG8+G5|XH7P+G6,weekday_evening,24.28,3,5,13,2.17,Mysore Road
2026-02-03,2HVW+G8|XJXR+WG,weekday_evening,23.45,3,6,13,1.08,North Outer Ring
2026-02-03,XHJ7+MG|WJM6+VC,weekday_evening,21.95,3,7,13,0.0,Central Diagonal 1
2026-02-03,2HM2+P8|XJV5+RG,weekday_evening,21.54,3,8,13,-1.08,North Inner Ring
2026-02-03,WHR9+R6|XJGF+6J,weekday_evening,20.3,3,9,13,-2.17,Central Diagonal 2
2026-02-03,XPC7+72|XM33+J3,weekday_evening,20.24,3,10,13,-3.25,Old Airport Road
2026-02-03,WP44+W8|WJFH+XQ,weekday_evening,20.23,3,11,13,-4.33,Sarjapur Road
2026-02-03,XJPW+92|WJP4+FF,weekday_evening,19.61,3,12,13,-5.42,East Inner Ring
2026-02-03,XG48+2W|VHWC+C3,weekday_evening,18.9,3,13,13,-6.5,South Outer Ring
2026-02-04,XJG4+7J|5PX4+HQ,weekday_evening,35.15,3,1,13,6.5,Airport Expy
2026-02-04,VJRQ+2M|RMJJ+F4,weekday_evening,29.35,3,2,13,5.42,Hosur Road
2026-02-04,WH5F+26|WJ8X+F5W,weekday_evening,26.36,3,3,13,4.33,Double Decker Flyover
2026-02-04,XMW9+G8|WMJR+V4,weekday_evening,25.36,3,4,13,3.25,East Outer Ring
2026-02-04,WGG8+G5|XH7P+G6,weekday_evening,22.36,3,5,13,2.17,Mysore Road
2026-02-04,XHJ7+MG|WJM6+VC,weekday_evening,20.67,3,6,13,1.08,Central Diagonal 1
2026-02-04,2HM2+P8|XJV5+RG,weekday_evening,20.41,3,7,13,0.0,North Inner Ring
2026-02-04,WP44+W8|WJFH+XQ,weekday_evening,19.61,3,8,13,-1.08,Sarjapur Road
2026-02-04,WHR9+R6|XJGF+6J,weekday_evening,19.42,3,9,13,-2.17,Central Diagonal 2
2026-02-04,2HVW+G8|XJXR+WG,weekday_evening,19.28,3,10,13,-3.25,North Outer Ring
2026-02-04,XPC7+72|XM33+J3,weekday_evening,18.34,3,11,13,-4.33,Old Airport Road
2026-02-04,XJPW+92|WJP4+FF,weekday_evening,17.79,3,12,13,-5.42,East Inner Ring
2026-02-04,XG48+2W|VHWC+C3,weekday_evening,17.58,3,13,13,-6.5,South Outer Ring
2026-02-05,XJG4+7J|5PX4+HQ,weekday_evening,32.34,3,1,13,6.5,Airport Expy
2026-02-05,VJRQ+2M|RMJJ+F4,weekday_evening,26.82,3,2,13,5.42,Hosur Road
2026-02-05,WH5F+26|WJ8X+F5W,weekday_evening,25.62,3,3,13,4.33,Double Decker Flyover
2026-02-05,WGG8+G5|XH7P+G6,weekday_evening,22.14,3,4,13,3.25,Mysore Road
2026-02-05,XMW9+G8|WMJR+V4,weekday_evening,22.12,3,5,13,2.17,East Outer Ring
2026-02-05,XPC7+72|XM33+J3,weekday_evening,20.18,3,6,13,1.08,Old Airport Road
2026-02-05,XHJ7+MG|WJM6+VC,weekday_evening,19.67,3,7,13,0.0,Central Diagonal 1
2026-02-05,2HM2+P8|XJV5+RG,weekday_evening,19.47,3,8,13,-1.08,North Inner Ring
2026-02-05,WP44+W8|WJFH+XQ,weekday_evening,19.27,3,9,13,-2.17,Sarjapur Road
2026-02-05,WHR9+R6|XJGF+6J,weekday_evening,19.21,3,10,13,-3.25,Central Diagonal 2
2026-02-05,XJPW+92|WJP4+FF,weekday_evening,18.5,3,11,13,-4.33,East Inner Ring
2026-02-05,XG48+2W|VHWC+C3,weekday_evening,17.85,3,12,13,-5.42,South Outer Ring
2026-02-05,2HVW+G8|XJXR+WG,weekday_evening,16.61,3,13,13,-6.5,North Outer Ring
2026-02-09,XJG4+7J|5PX4+HQ,weekday_evening,35.17,2,1,13,6.5,Airport Expy
2026-02-09,XMW9+G8|WMJR+V4,weekday_evening,31.67,2,2,13,5.42,East Outer Ring
2026-02-09,VJRQ+2M|RMJJ+F4,weekday_evening,27.14,2,3,13,4.33,Hosur Road
2026-02-09,WH5F+26|WJ8X+F5W,weekday_evening,25.65,2,4,13,3.25,Double Decker Flyover
2026-02-09,WGG8+G5|XH7P+G6,weekday_evening,21.96,2,5,13,2.17,Mysore Road
2026-02-09,XPC7+72|XM33+J3,weekday_evening,21.58,2,6,13,1.08,Old Airport Road
2026-02-09,2HVW+G8|XJXR+WG,weekday_evening,20.94,2,7,13,0.0,North Outer Ring
2026-02-09,XHJ7+MG|WJM6+VC,weekday_evening,20.07,2,8,13,-1.08,Central Diagonal 1
2026-02-09,2HM2+P8|XJV5+RG,weekday_evening,19.87,2,9,13,-2.17,North Inner Ring
2026-02-09,WP44+W8|WJFH+XQ,weekday_evening,19.47,2,10,13,-3.25,Sarjapur Road
2026-02-09,XJPW+92|WJP4+FF,weekday_evening,18.76,2,11,13,-4.33,East Inner Ring
2026-02-09,WHR9+R6|XJGF+6J,weekday_evening,17.96,2,12,13,-5.42,Central Diagonal 2
2026-02-09,XG48+2W|VHWC+C3,weekday_evening,16.64,2,13,13,-6.5,South Outer Ring
2026-02-10,XJG4+7J|5PX4+HQ,weekday_evening,33.84,3,1,13,6.5,Airport Expy
2026-02-10,VJRQ+2M|RMJJ+F4,weekday_evening,25.53,3,2,13,5.42,Hosur Road
2026-02-10,WH5F+26|WJ8X+F5W,weekday_evening,23.8,3,3,13,4.33,Double Decker Flyover
2026-02-10,WGG8+G5|XH7P+G6,weekday_evening,21.35,3,4,13,3.25,Mysore Road
2026-02-10,XMW9+G8|WMJR+V4,weekday_evening,20.72,3,5,13,2.17,East Outer Ring
2026-02-10,2HM2+P8|XJV5+RG,weekday_evening,19.39,3,6,13,1.08,North Inner Ring
2026-02-10,XPC7+72|XM33+J3,weekday_evening,18.53,3,7,13,0.0,Old Airport Road
2026-02-10,XHJ7+MG|WJM6+VC,weekday_evening,17.97,3,8,13,-1.08,Central Diagonal 1
2026-02-10,2HVW+G8|XJXR+WG,weekday_evening,17.46,3,9,13,-2.17,North Outer Ring
2026-02-10,WP44+W8|WJFH+XQ,weekday_evening,17.34,3,10,13,-3.25,Sarjapur Road
2026-02-10,WHR9+R6|XJGF+6J,weekday_evening,16.97,3,11,13,-4.33,Central Diagonal 2
2026-02-10,XG48+2W|VHWC+C3,weekday_evening,16.69,3,12,13,-5.42,South Outer Ring
2026-02-10,XJPW+92|WJP4+FF,weekday_evening,15.64,3,13,13,-6.5,East Inner Ring
2026-02-11,XJG4+7J|5PX4+HQ,weekday_evening,34.5,2,1,13,6.5,Airport Expy
2026-02-11,VJRQ+2M|RMJJ+F4,weekday_evening,27.6,2,2,13,5.42,Hosur Road
2026-02-11,XMW9+G8|WMJR+V4,weekday_evening,25.0,2,3,13,4.33,East Outer Ring
2026-02-11,WH5F+26|WJ8X+F5W,weekday_evening,24.59,2,4,13,3.25,Double Decker Flyover
2026-02-11,WGG8+G5|XH7P+G6,weekday_evening,20.0,2,5,13,2.17,Mysore Road
2026-02-11,XHJ7+MG|WJM6+VC,weekday_evening,19.44,2,6,13,1.08,Central Diagonal 1
2026-02-11,2HM2+P8|XJV5+RG,weekday_evening,19.33,2,7,13,0.0,North Inner Ring
2026-02-11,XPC7+72|XM33+J3,weekday_evening,17.74,2,8,13,-1.08,Old Airport Road
2026-02-11,XJPW+92|WJP4+FF,weekday_evening,17.32,2,9,13,-2.17,East Inner Ring
2026-02-11,WHR9+R6|XJGF+6J,weekday_evening,17.08,2,10,13,-3.25,Central Diagonal 2
2026-02-11,XG48+2W|VHWC+C3,weekday_evening,16.65,2,11,13,-4.33,South Outer Ring
2026-02-11,WP44+W8|WJFH+XQ,weekday_evening,16.33,2,12,13,-5.42,Sarjapur Road
2026-02-11,2HVW+G8|XJXR+WG,weekday_evening,15.29,2,13,13,-6.5,North Outer Ring
2026-02-12,XJG4+7J|5PX4+HQ,weekday_evening,38.83,1,1,13,6.5,Airport Expy
2026-02-12,VJRQ+2M|RMJJ+F4,weekday_evening,31.2,1,2,13,5.42,Hosur Road
2026-02-12,XMW9+G8|WMJR+V4,weekday_evening,28.57,1,3,13,4.33,East Outer Ring
2026-02-12,WH5F+26|WJ8X+F5W,weekday_evening,26.75,1,4,13,3.25,Double Decker Flyover
2026-02-12,WGG8+G5|XH7P+G6,weekday_evening,23.76,1,5,13,2.17,Mysore Road
2026-02-12,XPC7+72|XM33+J3,weekday_evening,23.56,1,6,13,1.08,Old Airport Road
2026-02-12,2HM2+P8|XJV5+RG,weekday_evening,21.93,1,7,13,0.0,North Inner Ring
2026-02-12,WP44+W8|WJFH+XQ,weekday_evening,21.0,1,8,13,-1.08,Sarjapur Road
2026-02-12,XHJ7+MG|WJM6+VC,weekday_evening,21.0,1,9,13,-2.17,Central Diagonal 1
2026-02-12,2HVW+G8|XJXR+WG,weekday_evening,19.4,1,10,13,-3.25,North Outer Ring
2026-02-12,XJPW+92|WJP4+FF,weekday_evening,19.06,1,11,13,-4.33,East Inner Ring
2026-02-12,WHR9+R6|XJGF+6J,weekday_evening,18.36,1,12,13,-5.42,Central Diagonal 2
2026-02-12,XG48+2W|VHWC+C3,weekday_evening,17.47,1,13,13,-6.5,South Outer Ring
2026-02-13,XJG4+7J|5PX4+HQ,weekday_evening,36.42,3,1,13,6.5,Airport Expy
2026-02-13,VJRQ+2M|RMJJ+F4,weekday_evening,28.97,3,2,13,5.42,Hosur Road
2026-02-13,XMW9+G8|WMJR+V4,weekday_evening,25.19,3,3,13,4.33,East Outer Ring
2026-02-13,WH5F+26|WJ8X+F5W,weekday_evening,22.89,3,4,13,3.25,Double Decker Flyover
2026-02-13,WGG8+G5|XH7P+G6,weekday_evening,20.35,3,5,13,2.17,Mysore Road
2026-02-13,2HM2+P8|XJV5+RG,weekday_evening,19.51,3,6,13,1.08,North Inner Ring
2026-02-13,XHJ7+MG|WJM6+VC,weekday_evening,18.34,3,7,13,0.0,Central Diagonal 1
2026-02-13,XPC7+72|XM33+J3,weekday_evening,18.06,3,8,13,-1.08,Old Airport Road
2026-02-13,WP44+W8|WJFH+XQ,weekday_evening,17.86,3,9,13,-2.17,Sarjapur Road
2026-02-13,WHR9+R6|XJGF+6J,weekday_evening,17.35,3,10,13,-3.25,Central Diagonal 2
2026-02-13,2HVW+G8|XJXR+WG,weekday_evening,17.01,3,11,13,-4.33,North Outer Ring
2026-02-13,XG48+2W|VHWC+C3,weekday_evening,16.74,3,12,13,-5.42,South Outer Ring
2026-02-13,XJPW+92|WJP4+FF,weekday_evening,16.19,3,13,13,-6.5,East Inner Ring
2026-02-16,XJG4+7J|5PX4+HQ,weekday_evening,35.26,4,1,13,6.5,Airport Expy
2026-02-16,XMW9+G8|WMJR+V4,weekday_evening,29.36,4,2,13,5.42,East Outer Ring
2026-02-16,VJRQ+2M|RMJJ+F4,weekday_evening,28.71,4,3,13,4.33,Hosur Road
2026-02-16,WH5F+26|WJ8X+F5W,weekday_evening,25.4,4,4,13,3.25,Double Decker Flyover
2026-02-16,WP44+W8|WJFH+XQ,weekday_evening,21.13,4,5,13,2.17,Sarjapur Road
2026-02-16,XPC7+72|XM33+J3,weekday_evening,20.84,4,6,13,1.08,Old Airport Road
2026-02-16,XHJ7+MG|WJM6+VC,weekday_evening,20.43,4,7,13,0.0,Central Diagonal 1
2026-02-16,2HVW+G8|XJXR+WG,weekday_evening,20.26,4,8,13,-1.08,North Outer Ring
2026-02-16,2HM2+P8|XJV5+RG,weekday_evening,20.05,4,9,13,-2.17,North Inner Ring
2026-02-16,WGG8+G5|XH7P+G6,weekday_evening,19.87,4,10,13,-3.25,Mysore Road
2026-02-16,XJPW+92|WJP4+FF,weekday_evening,18.44,4,11,13,-4.33,East Inner Ring
2026-02-16,WHR9+R6|XJGF+6J,weekday_evening,18.3,4,12,13,-5.42,Central Diagonal 2
2026-02-16,XG48+2W|VHWC+C3,weekday_evening,16.93,4,13,13,-6.5,South Outer Ring
2026-02-17,XJG4+7J|5PX4+HQ,weekday_evening,36.0,4,1,13,6.5,Airport Expy
2026-02-17,VJRQ+2M|RMJJ+F4,weekday_evening,28.51,4,2,13,5.42,Hosur Road
2026-02-17,XMW9+G8|WMJR+V4,weekday_evening,26.0,4,3,13,4.33,East Outer Ring
2026-02-17,WH5F+26|WJ8X+F5W,weekday_evening,25.16,4,4,13,3.25,Double Decker Flyover
2026-02-17,2HM2+P8|XJV5+RG,weekday_evening,20.76,4,5,13,2.17,North Inner Ring
2026-02-17,WGG8+G5|XH7P+G6,weekday_evening,20.12,4,6,13,1.08,Mysore Road
2026-02-17,WP44+W8|WJFH+XQ,weekday_evening,19.75,4,7,13,0.0,Sarjapur Road
2026-02-17,XPC7+72|XM33+J3,weekday_evening,18.5,4,8,13,-1.08,Old Airport Road
2026-02-17,2HVW+G8|XJXR+WG,weekday_evening,18.07,4,9,13,-2.17,North Outer Ring
2026-02-17,XHJ7+MG|WJM6+VC,weekday_evening,17.9,4,10,13,-3.25,Central Diagonal 1
2026-02-17,WHR9+R6|XJGF+6J,weekday_evening,17.73,4,11,13,-4.33,Central Diagonal 2
2026-02-17,XJPW+92|WJP4+FF,weekday_evening,17.51,4,12,13,-5.42,East Inner Ring
2026-02-17,XG48+2W|VHWC+C3,weekday_evening,16.02,4,13,13,-6.5,South Outer Ring
2026-02-18,XJG4+7J|5PX4+HQ,weekday_evening,33.17,4,1,13,6.5,Airport Expy
2026-02-18,VJRQ+2M|RMJJ+F4,weekday_evening,25.56,4,2,13,5.42,Hosur Road
2026-02-18,XMW9+G8|WMJR+V4,weekday_evening,24.32,4,3,13,4.33,East Outer Ring
2026-02-18,WH5F+26|WJ8X+F5W,weekday_evening,23.47,4,4,13,3.25,Double Decker Flyover
2026-02-18,WGG8+G5|XH7P+G6,weekday_evening,19.5,4,5,13,2.17,Mysore Road
2026-02-18,2HM2+P8|XJV5+RG,weekday_evening,19.01,4,6,13,1.08,North Inner Ring
2026-02-18,XHJ7+MG|WJM6+VC,weekday_evening,18.75,4,7,13,0.0,Central Diagonal 1
2026-02-18,XPC7+72|XM33+J3,weekday_evening,18.42,4,8,13,-1.08,Old Airport Road
2026-02-18,WP44+W8|WJFH+XQ,weekday_evening,18.26,4,9,13,-2.17,Sarjapur Road
2026-02-18,2HVW+G8|XJXR+WG,weekday_evening,18.04,4,10,13,-3.25,North Outer Ring
2026-02-18,WHR9+R6|XJGF+6J,weekday_evening,17.95,4,11,13,-4.33,Central Diagonal 2
2026-02-18,XJPW+92|WJP4+FF,weekday_evening,17.06,4,12,13,-5.42,East Inner Ring
2026-02-18,XG48+2W|VHWC+C3,weekday_evening,16.77,4,13,13,-6.5,South Outer Ring
2026-02-19,XJG4+7J|5PX4+HQ,weekday_evening,34.47,4,1,13,6.5,Airport Expy
2026-02-19,VJRQ+2M|RMJJ+F4,weekday_evening,27.6,4,2,13,5.42,Hosur Road
2026-02-19,XMW9+G8|WMJR+V4,weekday_evening,25.98,4,3,13,4.33,East Outer Ring
2026-02-19,WH5F+26|WJ8X+F5W,weekday_evening,23.72,4,4,13,3.25,Double Decker Flyover
2026-02-19,WGG8+G5|XH7P+G6,weekday_evening,21.72,4,5,13,2.17,Mysore Road
2026-02-19,XHJ7+MG|WJM6+VC,weekday_evening,20.5,4,6,13,1.08,Central Diagonal 1
2026-02-19,2HM2+P8|XJV5+RG,weekday_evening,19.71,4,7,13,0.0,North Inner Ring
2026-02-19,XPC7+72|XM33+J3,weekday_evening,19.61,4,8,13,-1.08,Old Airport Road
2026-02-19,2HVW+G8|XJXR+WG,weekday_evening,19.36,4,9,13,-2.17,North Outer Ring
2026-02-19,WP44+W8|WJFH+XQ,weekday_evening,18.61,4,10,13,-3.25,Sarjapur Road
2026-02-19,WHR9+R6|XJGF+6J,weekday_evening,17.96,4,11,13,-4.33,Central Diagonal 2
2026-02-19,XJPW+92|WJP4+FF,weekday_evening,17.93,4,12,13,-5.42,East Inner Ring
2026-02-19,XG48+2W|VHWC+C3,weekday_evening,16.48,4,13,13,-6.5,South Outer Ring
2026-02-20,XJG4+7J|5PX4+HQ,weekday_evening,35.47,4,1,13,6.5,Airport Expy
2026-02-20,VJRQ+2M|RMJJ+F4,weekday_evening,26.78,4,2,13,5.42,Hosur Road
2026-02-20,XMW9+G8|WMJR+V4,weekday_evening,26.21,4,3,13,4.33,East Outer Ring
2026-02-20,WH5F+26|WJ8X+F5W,weekday_evening,23.07,4,4,13,3.25,Double Decker Flyover
2026-02-20,WGG8+G5|XH7P+G6,weekday_evening,21.23,4,5,13,2.17,Mysore Road
2026-02-20,2HM2+P8|XJV5+RG,weekday_evening,20.04,4,6,13,1.08,North Inner Ring
2026-02-20,2HVW+G8|XJXR+WG,weekday_evening,19.38,4,7,13,0.0,North Outer Ring
2026-02-20,XHJ7+MG|WJM6+VC,weekday_evening,19.28,4,8,13,-1.08,Central Diagonal 1
2026-02-20,WP44+W8|WJFH+XQ,weekday_evening,17.87,4,9,13,-2.17,Sarjapur Road
2026-02-20,XPC7+72|XM33+J3,weekday_evening,17.86,4,10,13,-3.25,Old Airport Road
2026-02-20,WHR9+R6|XJGF+6J,weekday_evening,17.22,4,11,13,-4.33,Central Diagonal 2
2026-02-20,XJPW+92|WJP4+FF,weekday_evening,16.73,4,12,13,-5.42,East Inner Ring
2026-02-20,XG48+2W|VHWC+C3,weekday_evening,16.28,4,13,13,-6.5,South Outer Ring
2026-02-23,XJG4+7J|5PX4+HQ,weekday_evening,34.67,4,1,13,6.5,Airport Expy
2026-02-23,XMW9+G8|WMJR+V4,weekday_evening,28.6,4,2,13,5.42,East Outer Ring
2026-02-23,VJRQ+2M|RMJJ+F4,weekday_evening,28.25,4,3,13,4.33,Hosur Road
2026-02-23,WH5F+26|WJ8X+F5W,weekday_evening,25.27,4,4,13,3.25,Double Decker Flyover
2026-02-23,WGG8+G5|XH7P+G6,weekday_evening,21.99,4,5,13,2.17,Mysore Road
2026-02-23,XPC7+72|XM33+J3,weekday_evening,21.25,4,6,13,1.08,Old Airport Road
2026-02-23,WP44+W8|WJFH+XQ,weekday_evening,21.0,4,7,13,0.0,Sarjapur Road
2026-02-23,XHJ7+MG|WJM6+VC,weekday_evening,20.25,4,8,13,-1.08,Central Diagonal 1
2026-02-23,2HM2+P8|XJV5+RG,weekday_evening,19.98,4,9,13,-2.17,North Inner Ring
2026-02-23,2HVW+G8|XJXR+WG,weekday_evening,19.91,4,10,13,-3.25,North Outer Ring
2026-02-23,WHR9+R6|XJGF+6J,weekday_evening,18.75,4,11,13,-4.33,Central Diagonal 2
2026-02-23,XJPW+92|WJP4+FF,weekday_evening,18.7,4,12,13,-5.42,East Inner Ring
2026-02-23,XG48+2W|VHWC+C3,weekday_evening,17.24,4,13,13,-6.5,South Outer Ring
2026-02-24,XJG4+7J|5PX4+HQ,weekday_evening,36.21,4,1,13,6.5,Airport Expy
2026-02-24,VJRQ+2M|RMJJ+F4,weekday_evening,28.92,4,2,13,5.42,Hosur Road
2026-02-24,XMW9+G8|WMJR+V4,weekday_evening,26.78,4,3,13,4.33,East Outer Ring
2026-02-24,WH5F+26|WJ8X+F5W,weekday_evening,25.46,4,4,13,3.25,Double Decker Flyover
2026-02-24,WGG8+G5|XH7P+G6,weekday_evening,22.03,4,5,13,2.17,Mysore Road
2026-02-24,2HM2+P8|XJV5+RG,weekday_evening,20.83,4,6,13,1.08,North Inner Ring
2026-02-24,WP44+W8|WJFH+XQ,weekday_evening,20.62,4,7,13,0.0,Sarjapur Road
2026-02-24,XHJ7+MG|WJM6+VC,weekday_evening,20.25,4,8,13,-1.08,Central Diagonal 1
2026-02-24,XPC7+72|XM33+J3,weekday_evening,20.12,4,9,13,-2.17,Old Airport Road
2026-02-24,2HVW+G8|XJXR+WG,weekday_evening,19.29,4,10,13,-3.25,North Outer Ring
2026-02-24,WHR9+R6|XJGF+6J,weekday_evening,19.06,4,11,13,-4.33,Central Diagonal 2
2026-02-24,XJPW+92|WJP4+FF,weekday_evening,17.81,4,12,13,-5.42,East Inner Ring
2026-02-24,XG48+2W|VHWC+C3,weekday_evening,17.54,4,13,13,-6.5,South Outer Ring
2026-02-25,XJG4+7J|5PX4+HQ,weekday_evening,35.21,4,1,13,6.5,Airport Expy
2026-02-25,VJRQ+2M|RMJJ+F4,weekday_evening,28.49,4,2,13,5.42,Hosur Road
2026-02-25,XMW9+G8|WMJR+V4,weekday_evening,26.41,4,3,13,4.33,East Outer Ring
2026-02-25,WH5F+26|WJ8X+F5W,weekday_evening,24.71,4,4,13,3.25,Double Decker Flyover
2026-02-25,WGG8+G5|XH7P+G6,weekday_evening,21.72,4,5,13,2.17,Mysore Road
2026-02-25,XHJ7+MG|WJM6+VC,weekday_evening,19.58,4,6,13,1.08,Central Diagonal 1
2026-02-25,2HM2+P8|XJV5+RG,weekday_evening,18.88,4,7,13,0.0,North Inner Ring
2026-02-25,2HVW+G8|XJXR+WG,weekday_evening,18.18,4,8,13,-1.08,North Outer Ring
2026-02-25,XJPW+92|WJP4+FF,weekday_evening,17.32,4,9,13,-2.17,East Inner Ring
2026-02-25,WHR9+R6|XJGF+6J,weekday_evening,17.31,4,10,13,-3.25,Central Diagonal 2
2026-02-25,XPC7+72|XM33+J3,weekday_evening,17.12,4,11,13,-4.33,Old Airport Road
2026-02-25,WP44+W8|WJFH+XQ,weekday_evening,17.02,4,12,13,-5.42,Sarjapur Road
2026-02-25,XG48+2W|VHWC+C3,weekday_evening,16.75,4,13,13,-6.5,South Outer Ring
2026-02-26,XJG4+7J|5PX4+HQ,weekday_evening,34.38,4,1,13,6.5,Airport Expy
2026-02-26,VJRQ+2M|RMJJ+F4,weekday_evening,27.58,4,2,13,5.42,Hosur Road
2026-02-26,XMW9+G8|WMJR+V4,weekday_evening,27.39,4,3,13,4.33,East Outer Ring
2026-02-26,WH5F+26|WJ8X+F5W,weekday_evening,24.05,4,4,13,3.25,Double Decker Flyover
2026-02-26,WGG8+G5|XH7P+G6,weekday_evening,22.12,4,5,13,2.17,Mysore Road
2026-02-26,XHJ7+MG|WJM6+VC,weekday_evening,20.12,4,6,13,1.08,Central Diagonal 1
2026-02-26,WP44+W8|WJFH+XQ,weekday_evening,19.8,4,7,13,0.0,Sarjapur Road
2026-02-26,2HM2+P8|XJV5+RG,weekday_evening,19.27,4,8,13,-1.08,North Inner Ring
2026-02-26,XPC7+72|XM33+J3,weekday_evening,18.99,4,9,13,-2.17,Old Airport Road
2026-02-26,2HVW+G8|XJXR+WG,weekday_evening,18.58,4,10,13,-3.25,North Outer Ring
2026-02-26,WHR9+R6|XJGF+6J,weekday_evening,18.55,4,11,13,-4.33,Central Diagonal 2
2026-02-26,XJPW+92|WJP4+FF,weekday_evening,18.02,4,12,13,-5.42,East Inner Ring
2026-02-26,XG48+2W|VHWC+C3,weekday_evening,16.87,4,13,13,-6.5,South Outer Ring
2026-02-27,XJG4+7J|5PX4+HQ,weekday_evening,34.3,4,1,13,6.5,Airport Expy
2026-02-27,VJRQ+2M|RMJJ+F4,weekday_evening,28.19,4,2,13,5.42,Hosur Road
2026-02-27,XMW9+G8|WMJR+V4,weekday_evening,25.57,4,3,13,4.33,East Outer Ring
2026-02-27,WH5F+26|WJ8X+F5W,weekday_evening,23.57,4,4,13,3.25,Double Decker Flyover
2026-02-27,WGG8+G5|XH7P+G6,weekday_evening,19.92,4,5,13,2.17,Mysore Road
2026-02-27,XPC7+72|XM33+J3,weekday_evening,19.63,4,6,13,1.08,Old Airport Road
2026-02-27,2HM2+P8|XJV5+RG,weekday_evening,19.12,4,7,13,0.0,North Inner Ring
2026-02-27,WP44+W8|WJFH+XQ,weekday_evening,18.87,4,8,13,-1.08,Sarjapur Road
2026-02-27,XHJ7+MG|WJM6+VC,weekday_evening,18.84,4,9,13,-2.17,Central Diagonal 1
2026-02-27,2HVW+G8|XJXR+WG,weekday_evening,17.73,4,10,13,-3.25,North Outer Ring
2026-02-27,WHR9+R6|XJGF+6J,weekday_evening,17.16,4,11,13,-4.33,Central Diagonal 2
2026-02-27,XG48+2W|VHWC+C3,weekday_evening,16.71,4,12,13,-5.42,South Outer Ring
2026-02-27,XJPW+92|WJP4+FF,weekday_evening,16.59,4,13,13,-6.5,East Inner Ring
2026-03-02,XJG4+7J|5PX4+HQ,weekday_evening,36.29,4,1,13,6.5,Airport Expy
2026-03-02,XMW9+G8|WMJR+V4,weekday_evening,28.66,4,2,13,5.42,East Outer Ring
2026-03-02,VJRQ+2M|RMJJ+F4,weekday_evening,27.02,4,3,13,4.33,Hosur Road
2026-03-02,WH5F+26|WJ8X+F5W,weekday_evening,26.05,4,4,13,3.25,Double Decker Flyover
2026-03-02,2HVW+G8|XJXR+WG,weekday_evening,22.38,4,5,13,2.17,North Outer Ring
2026-03-02,WGG8+G5|XH7P+G6,weekday_evening,21.72,4,6,13,1.08,Mysore Road
2026-03-02,WP44+W8|WJFH+XQ,weekday_evening,21.04,4,7,13,0.0,Sarjapur Road
2026-03-02,XPC7+72|XM33+J3,weekday_evening,20.75,4,8,13,-1.08,Old Airport Road
2026-03-02,XHJ7+MG|WJM6+VC,weekday_evening,20.72,4,9,13,-2.17,Central Diagonal 1
2026-03-02,2HM2+P8|XJV5+RG,weekday_evening,20.44,4,10,13,-3.25,North Inner Ring
2026-03-02,XJPW+92|WJP4+FF,weekday_evening,18.59,4,11,13,-4.33,East Inner Ring
2026-03-02,WHR9+R6|XJGF+6J,weekday_evening,18.57,4,12,13,-5.42,Central Diagonal 2
2026-03-02,XG48+2W|VHWC+C3,weekday_evening,15.97,4,13,13,-6.5,South Outer Ring
2026-03-03,XJG4+7J|5PX4+HQ,weekday_evening,39.59,4,1,13,6.5,Airport Expy
2026-03-03,VJRQ+2M|RMJJ+F4,weekday_evening,29.88,4,2,13,5.42,Hosur Road
2026-03-03,XMW9+G8|WMJR+V4,weekday_evening,29.29,4,3,13,4.33,East Outer Ring
2026-03-03,WH5F+26|WJ8X+F5W,weekday_evening,25.32,4,4,13,3.25,Double Decker Flyover
2026-03-03,WGG8+G5|XH7P+G6,weekday_evening,23.38,4,5,13,2.17,Mysore Road
2026-03-03,2HVW+G8|XJXR+WG,weekday_evening,23.08,4,6,13,1.08,North Outer Ring
2026-03-03,XPC7+72|XM33+J3,weekday_evening,22.72,4,7,13,0.0,Old Airport Road
2026-03-03,WP44+W8|WJFH+XQ,weekday_evening,22.6,4,8,13,-1.08,Sarjapur Road
2026-03-03,XHJ7+MG|WJM6+VC,weekday_evening,21.51,4,9,13,-2.17,Central Diagonal 1
2026-03-03,2HM2+P8|XJV5+RG,weekday_evening,21.5,4,10,13,-3.25,North Inner Ring
2026-03-03,WHR9+R6|XJGF+6J,weekday_evening,18.9,4,11,13,-4.33,Central Diagonal 2
2026-03-03,XJPW+92|WJP4+FF,weekday_evening,18.43,4,12,13,-5.42,East Inner Ring
2026-03-03,XG48+2W|VHWC+C3,weekday_evening,18.09,4,13,13,-6.5,South Outer Ring
2026-03-04,XJG4+7J|5PX4+HQ,weekday_evening,38.09,4,1,13,6.5,Airport Expy
2026-03-04,XMW9+G8|WMJR+V4,weekday_evening,29.47,4,2,13,5.42,East Outer Ring
2026-03-04,VJRQ+2M|RMJJ+F4,weekday_evening,28.66,4,3,13,4.33,Hosur Road
2026-03-04,WH5F+26|WJ8X+F5W,weekday_evening,25.45,4,4,13,3.25,Double Decker Flyover
2026-03-04,WGG8+G5|XH7P+G6,weekday_evening,22.93,4,5,13,2.17,Mysore Road
2026-03-04,WP44+W8|WJFH+XQ,weekday_evening,22.33,4,6,13,1.08,Sarjapur Road
2026-03-04,XPC7+72|XM33+J3,weekday_evening,21.73,4,7,13,0.0,Old Airport Road
2026-03-04,2HVW+G8|XJXR+WG,weekday_evening,21.23,4,8,13,-1.08,North Outer Ring
2026-03-04,XHJ7+MG|WJM6+VC,weekday_evening,20.78,4,9,13,-2.17,Central Diagonal 1
2026-03-04,2HM2+P8|XJV5+RG,weekday_evening,20.36,4,10,13,-3.25,North Inner Ring
2026-03-04,WHR9+R6|XJGF+6J,weekday_evening,18.01,4,11,13,-4.33,Central Diagonal 2
2026-03-04,XJPW+92|WJP4+FF,weekday_evening,17.74,4,12,13,-5.42,East Inner Ring
2026-03-04,XG48+2W|VHWC+C3,weekday_evening,17.32,4,13,13,-6.5,South Outer Ring
2026-03-05,XJG4+7J|5PX4+HQ,weekday_evening,35.47,3,1,13,6.5,Airport Expy
2026-03-05,VJRQ+2M|RMJJ+F4,weekday_evening,29.35,3,2,13,5.42,Hosur Road
2026-03-05,WH5F+26|WJ8X+F5W,weekday_evening,25.88,3,3,13,4.33,Double Decker Flyover
2026-03-05,XMW9+G8|WMJR+V4,weekday_evening,25.35,3,4,13,3.25,East Outer Ring
2026-03-05,WGG8+G5|XH7P+G6,weekday_evening,21.34,3,5,13,2.17,Mysore Road
2026-03-05,XHJ7+MG|WJM6+VC,weekday_evening,20.76,3,6,13,1.08,Central Diagonal 1
2026-03-05,WP44+W8|WJFH+XQ,weekday_evening,20.65,3,7,13,0.0,Sarjapur Road
2026-03-05,XPC7+72|XM33+J3,weekday_evening,20.09,3,8,13,-1.08,Old Airport Road
2026-03-05,2HM2+P8|XJV5+RG,weekday_evening,19.94,3,9,13,-2.17,North Inner Ring
2026-03-05,XJPW+92|WJP4+FF,weekday_evening,18.7,3,10,13,-3.25,East Inner Ring
2026-03-05,WHR9+R6|XJGF+6J,weekday_evening,18.33,3,11,13,-4.33,Central Diagonal 2
2026-03-05,2HVW+G8|XJXR+WG,weekday_evening,18.06,3,12,13,-5.42,North Outer Ring
2026-03-05,XG48+2W|VHWC+C3,weekday_evening,16.9,3,13,13,-6.5,South Outer Ring
2026-03-06,XJG4+7J|5PX4+HQ,weekday_evening,34.57,4,1,13,6.5,Airport Expy
2026-03-06,VJRQ+2M|RMJJ+F4,weekday_evening,28.77,4,2,13,5.42,Hosur Road
2026-03-06,WH5F+26|WJ8X+F5W,weekday_evening,23.93,4,3,13,4.33,Double Decker Flyover
2026-03-06,XMW9+G8|WMJR+V4,weekday_evening,23.83,4,4,13,3.25,East Outer Ring
2026-03-06,WGG8+G5|XH7P+G6,weekday_evening,20.82,4,5,13,2.17,Mysore Road
2026-03-06,2HM2+P8|XJV5+RG,weekday_evening,18.91,4,6,13,1.08,North Inner Ring
2026-03-06,XHJ7+MG|WJM6+VC,weekday_evening,18.36,4,7,13,0.0,Central Diagonal 1
2026-03-06,WP44+W8|WJFH+XQ,weekday_evening,18.21,4,8,13,-1.08,Sarjapur Road
2026-03-06,2HVW+G8|XJXR+WG,weekday_evening,18.11,4,9,13,-2.17,North Outer Ring
2026-03-06,WHR9+R6|XJGF+6J,weekday_evening,17.13,4,10,13,-3.25,Central Diagonal 2
2026-03-06,XPC7+72|XM33+J3,weekday_evening,16.84,4,11,13,-4.33,Old Airport Road
2026-03-06,XJPW+92|WJP4+FF,weekday_evening,15.96,4,12,13,-5.42,East Inner Ring
2026-03-06,XG48+2W|VHWC+C3,weekday_evening,15.93,4,13,13,-6.5,South Outer Ring
2026-03-09,XJG4+7J|5PX4+HQ,weekday_evening,36.97,3,1,13,6.5,Airport Expy
2026-03-09,VJRQ+2M|RMJJ+F4,weekday_evening,28.3,3,2,13,5.42,Hosur Road
2026-03-09,XMW9+G8|WMJR+V4,weekday_evening,27.73,3,3,13,4.33,East Outer Ring
2026-03-09,WH5F+26|WJ8X+F5W,weekday_evening,26.57,3,4,13,3.25,Double Decker Flyover
2026-03-09,WP44+W8|WJFH+XQ,weekday_evening,22.45,3,5,13,2.17,Sarjapur Road
2026-03-09,2HVW+G8|XJXR+WG,weekday_evening,22.22,3,6,13,1.08,North Outer Ring
2026-03-09,XHJ7+MG|WJM6+VC,weekday_evening,21.17,3,7,13,0.0,Central Diagonal 1
2026-03-09,2HM2+P8|XJV5+RG,weekday_evening,21.05,3,8,13,-1.08,North Inner Ring
2026-03-09,XPC7+72|XM33+J3,weekday_evening,20.95,3,9,13,-2.17,Old Airport Road
2026-03-09,WGG8+G5|XH7P+G6,weekday_evening,20.93,3,10,13,-3.25,Mysore Road
2026-03-09,WHR9+R6|XJGF+6J,weekday_evening,19.59,3,11,13,-4.33,Central Diagonal 2
2026-03-09,XJPW+92|WJP4+FF,weekday_evening,19.39,3,12,13,-5.42,East Inner Ring
2026-03-09,XG48+2W|VHWC+C3,weekday_evening,17.98,3,13,13,-6.5,South Outer Ring
2026-03-10,XJG4+7J|5PX4+HQ,weekday_evening,35.69,3,1,13,6.5,Airport Expy
2026-03-10,VJRQ+2M|RMJJ+F4,weekday_evening,27.81,3,2,13,5.42,Hosur Road
2026-03-10,WH5F+26|WJ8X+F5W,weekday_evening,26.12,3,3,13,4.33,Double Decker Flyover
2026-03-10,XMW9+G8|WMJR+V4,weekday_evening,24.77,3,4,13,3.25,East Outer Ring
2026-03-10,XHJ7+MG|WJM6+VC,weekday_evening,22.1,3,5,13,2.17,Central Diagonal 1
2026-03-10,WGG8+G5|XH7P+G6,weekday_evening,21.34,3,6,13,1.08,Mysore Road
2026-03-10,2HM2+P8|XJV5+RG,weekday_evening,20.9,3,7,13,0.0,North Inner Ring
2026-03-10,WP44+W8|WJFH+XQ,weekday_evening,20.8,3,8,13,-1.08,Sarjapur Road
2026-03-10,XPC7+72|XM33+J3,weekday_evening,18.86,3,9,13,-2.17,Old Airport Road
2026-03-10,WHR9+R6|XJGF+6J,weekday_evening,18.83,3,10,13,-3.25,Central Diagonal 2
2026-03-10,2HVW+G8|XJXR+WG,weekday_evening,18.69,3,11,13,-4.33,North Outer Ring
2026-03-10,XJPW+92|WJP4+FF,weekday_evening,18.57,3,12,13,-5.42,East Inner Ring
2026-03-10,XG48+2W|VHWC+C3,weekday_evening,18.37,3,13,13,-6.5,South Outer Ring
2026-03-11,XJG4+7J|5PX4+HQ,weekday_evening,33.4,3,1,13,6.5,Airport Expy
2026-03-11,VJRQ+2M|RMJJ+F4,weekday_evening,27.28,3,2,13,5.42,Hosur Road
2026-03-11,WH5F+26|WJ8X+F5W,weekday_evening,24.72,3,3,13,4.33,Double Decker Flyover
2026-03-11,XMW9+G8|WMJR+V4,weekday_evening,24.17,3,4,13,3.25,East Outer Ring
2026-03-11,WGG8+G5|XH7P+G6,weekday_evening,22.18,3,5,13,2.17,Mysore Road
2026-03-11,XHJ7+MG|WJM6+VC,weekday_evening,20.75,3,6,13,1.08,Central Diagonal 1
2026-03-11,2HM2+P8|XJV5+RG,weekday_evening,19.53,3,7,13,0.0,North Inner Ring
2026-03-11,2HVW+G8|XJXR+WG,weekday_evening,19.5,3,8,13,-1.08,North Outer Ring
2026-03-11,WP44+W8|WJFH+XQ,weekday_evening,19.09,3,9,13,-2.17,Sarjapur Road
2026-03-11,WHR9+R6|XJGF+6J,weekday_evening,18.59,3,10,13,-3.25,Central Diagonal 2
2026-03-11,XJPW+92|WJP4+FF,weekday_evening,17.82,3,11,13,-4.33,East Inner Ring
2026-03-11,XPC7+72|XM33+J3,weekday_evening,17.33,3,12,13,-5.42,Old Airport Road
2026-03-11,XG48+2W|VHWC+C3,weekday_evening,16.86,3,13,13,-6.5,South Outer Ring
2026-03-12,XJG4+7J|5PX4+HQ,weekday_evening,36.79,3,1,13,6.5,Airport Expy
2026-03-12,VJRQ+2M|RMJJ+F4,weekday_evening,28.3,3,2,13,5.42,Hosur Road
2026-03-12,XMW9+G8|WMJR+V4,weekday_evening,25.71,3,3,13,4.33,East Outer Ring
2026-03-12,WH5F+26|WJ8X+F5W,weekday_evening,24.11,3,4,13,3.25,Double Decker Flyover
2026-03-12,WGG8+G5|XH7P+G6,weekday_evening,22.06,3,5,13,2.17,Mysore Road
2026-03-12,2HM2+P8|XJV5+RG,weekday_evening,20.8,3,6,13,1.08,North Inner Ring
2026-03-12,WP44+W8|WJFH+XQ,weekday_evening,20.56,3,7,13,0.0,Sarjapur Road
2026-03-12,XHJ7+MG|WJM6+VC,weekday_evening,19.15,3,8,13,-1.08,Central Diagonal 1
2026-03-12,XPC7+72|XM33+J3,weekday_evening,19.09,3,9,13,-2.17,Old Airport Road
2026-03-12,2HVW+G8|XJXR+WG,weekday_evening,18.9,3,10,13,-3.25,North Outer Ring
2026-03-12,WHR9+R6|XJGF+6J,weekday_evening,18.65,3,11,13,-4.33,Central Diagonal 2
2026-03-12,XG48+2W|VHWC+C3,weekday_evening,17.83,3,12,13,-5.42,South Outer Ring
2026-03-12,XJPW+92|WJP4+FF,weekday_evening,17.31,3,13,13,-6.5,East Inner Ring
2026-03-13,XJG4+7J|5PX4+HQ,weekday_evening,34.05,4,1,13,6.5,Airport Expy
2026-03-13,XMW9+G8|WMJR+V4,weekday_evening,25.53,4,2,13,5.42,East Outer Ring
2026-03-13,VJRQ+2M|RMJJ+F4,weekday_evening,24.6,4,3,13,4.33,Hosur Road
2026-03-13,WH5F+26|WJ8X+F5W,weekday_evening,23.39,4,4,13,3.25,Double Decker Flyover
2026-03-13,WGG8+G5|XH7P+G6,weekday_evening,20.48,4,5,13,2.17,Mysore Road
2026-03-13,XHJ7+MG|WJM6+VC,weekday_evening,18.98,4,6,13,1.08,Central Diagonal 1
2026-03-13,2HM2+P8|XJV5+RG,weekday_evening,18.94,4,7,13,0.0,North Inner Ring
2026-03-13,2HVW+G8|XJXR+WG,weekday_evening,17.3,4,8,13,-1.08,North Outer Ring
2026-03-13,WHR9+R6|XJGF+6J,weekday_evening,16.84,4,9,13,-2.17,Central Diagonal 2
2026-03-13,XG48+2W|VHWC+C3,weekday_evening,16.66,4,10,13,-3.25,South Outer Ring
2026-03-13,WP44+W8|WJFH+XQ,weekday_evening,16.52,4,11,13,-4.33,Sarjapur Road
2026-03-13,XJPW+92|WJP4+FF,weekday_evening,15.74,4,12,13,-5.42,East Inner Ring
2026-03-13,XPC7+72|XM33+J3,weekday_evening,15.3,4,13,13,-6.5,Old Airport Road
2026-03-16,XJG4+7J|5PX4+HQ,weekday_evening,37.8,3,1,13,6.5,Airport Expy
2026-03-16,VJRQ+2M|RMJJ+F4,weekday_evening,28.85,3,2,13,5.42,Hosur Road
2026-03-16,XMW9+G8|WMJR+V4,weekday_evening,26.91,3,3,13,4.33,East Outer Ring
2026-03-16,WH5F+26|WJ8X+F5W,weekday_evening,25.58,3,4,13,3.25,Double Decker Flyover
2026-03-16,2HVW+G8|XJXR+WG,weekday_evening,22.96,3,5,13,2.17,North Outer Ring
2026-03-16,XHJ7+MG|WJM6+VC,weekday_evening,22.64,3,6,13,1.08,Central Diagonal 1
2026-03-16,WGG8+G5|XH7P+G6,weekday_evening,22.06,3,7,13,0.0,Mysore Road
2026-03-16,WP44+W8|WJFH+XQ,weekday_evening,21.68,3,8,13,-1.08,Sarjapur Road
2026-03-16,2HM2+P8|XJV5+RG,weekday_evening,21.54,3,9,13,-2.17,North Inner Ring
2026-03-16,XPC7+72|XM33+J3,weekday_evening,21.0,3,10,13,-3.25,Old Airport Road
2026-03-16,XJPW+92|WJP4+FF,weekday_evening,19.82,3,11,13,-4.33,East Inner Ring
2026-03-16,WHR9+R6|XJGF+6J,weekday_evening,19.81,3,12,13,-5.42,Central Diagonal 2
2026-03-16,XG48+2W|VHWC+C3,weekday_evening,17.42,3,13,13,-6.5,South Outer Ring
2026-03-17,XJG4+7J|5PX4+HQ,weekday_evening,34.56,3,1,13,6.5,Airport Expy
2026-03-17,VJRQ+2M|RMJJ+F4,weekday_evening,27.24,3,2,13,5.42,Hosur Road
2026-03-17,WH5F+26|WJ8X+F5W,weekday_evening,25.12,3,3,13,4.33,Double Decker Flyover
2026-03-17,XMW9+G8|WMJR+V4,weekday_evening,24.11,3,4,13,3.25,East Outer Ring
2026-03-17,WGG8+G5|XH7P+G6,weekday_evening,23.1,3,5,13,2.17,Mysore Road
2026-03-17,XHJ7+MG|WJM6+VC,weekday_evening,21.53,3,6,13,1.08,Central Diagonal 1
2026-03-17,XPC7+72|XM33+J3,weekday_evening,20.96,3,7,13,0.0,Old Airport Road
2026-03-17,2HM2+P8|XJV5+RG,weekday_evening,20.47,3,8,13,-1.08,North Inner Ring
2026-03-17,2HVW+G8|XJXR+WG,weekday_evening,19.53,3,9,13,-2.17,North Outer Ring
2026-03-17,WP44+W8|WJFH+XQ,weekday_evening,19.12,3,10,13,-3.25,Sarjapur Road
2026-03-17,WHR9+R6|XJGF+6J,weekday_evening,18.51,3,11,13,-4.33,Central Diagonal 2
2026-03-17,XJPW+92|WJP4+FF,weekday_evening,18.29,3,12,13,-5.42,East Inner Ring
2026-03-17,XG48+2W|VHWC+C3,weekday_evening,17.18,3,13,13,-6.5,South Outer Ring
2026-03-18,XJG4+7J|5PX4+HQ,weekday_evening,32.55,3,1,13,6.5,Airport Expy
2026-03-18,XMW9+G8|WMJR+V4,weekday_evening,25.17,3,2,13,5.42,East Outer Ring
2026-03-18,VJRQ+2M|RMJJ+F4,weekday_evening,22.58,3,3,13,4.33,Hosur Road
2026-03-18,WH5F+26|WJ8X+F5W,weekday_evening,22.01,3,4,13,3.25,Double Decker Flyover
2026-03-18,2HM2+P8|XJV5+RG,weekday_evening,19.53,3,5,13,2.17,North Inner Ring
2026-03-18,WGG8+G5|XH7P+G6,weekday_evening,18.25,3,6,13,1.08,Mysore Road
2026-03-18,WHR9+R6|XJGF+6J,weekday_evening,17.83,3,7,13,0.0,Central Diagonal 2
2026-03-18,WP44+W8|WJFH+XQ,weekday_evening,17.66,3,8,13,-1.08,Sarjapur Road
2026-03-18,XPC7+72|XM33+J3,weekday_evening,17.32,3,9,13,-2.17,Old Airport Road
2026-03-18,2HVW+G8|XJXR+WG,weekday_evening,16.64,3,10,13,-3.25,North Outer Ring
2026-03-18,XG48+2W|VHWC+C3,weekday_evening,16.06,3,11,13,-4.33,South Outer Ring
2026-03-18,XJPW+92|WJP4+FF,weekday_evening,15.93,3,12,13,-5.42,East Inner Ring
2026-03-18,XHJ7+MG|WJM6+VC,weekday_evening,14.42,3,13,13,-6.5,Central Diagonal 1
2026-03-19,XJG4+7J|5PX4+HQ,weekday_evening,42.34,3,1,13,6.5,Airport Expy
2026-03-19,VJRQ+2M|RMJJ+F4,weekday_evening,31.8,3,2,13,5.42,Hosur Road
2026-03-19,XMW9+G8|WMJR+V4,weekday_evening,30.84,3,3,13,4.33,East Outer Ring
2026-03-19,WH5F+26|WJ8X+F5W,weekday_evening,26.33,3,4,13,3.25,Double Decker Flyover
2026-03-19,2HVW+G8|XJXR+WG,weekday_evening,26.11,3,5,13,2.17,North Outer Ring
2026-03-19,XPC7+72|XM33+J3,weekday_evening,25.6,3,6,13,1.08,Old Airport Road
2026-03-19,WP44+W8|WJFH+XQ,weekday_evening,25.1,3,7,13,0.0,Sarjapur Road
2026-03-19,WGG8+G5|XH7P+G6,weekday_evening,23.84,3,8,13,-1.08,Mysore Road
2026-03-19,2HM2+P8|XJV5+RG,weekday_evening,23.4,3,9,13,-2.17,North Inner Ring
2026-03-19,XHJ7+MG|WJM6+VC,weekday_evening,23.33,3,10,13,-3.25,Central Diagonal 1
2026-03-19,XJPW+92|WJP4+FF,weekday_evening,20.86,3,11,13,-4.33,East Inner Ring
2026-03-19,XG48+2W|VHWC+C3,weekday_evening,20.79,3,12,13,-5.42,South Outer Ring
2026-03-19,WHR9+R6|XJGF+6J,weekday_evening,18.89,3,13,13,-6.5,Central Diagonal 2
2026-03-20,XJG4+7J|5PX4+HQ,weekday_evening,38.76,4,1,13,6.5,Airport Expy
2026-03-20,VJRQ+2M|RMJJ+F4,weekday_evening,29.88,4,2,13,5.42,Hosur Road
2026-03-20,XMW9+G8|WMJR+V4,weekday_evening,27.8,4,3,13,4.33,East Outer Ring
2026-03-20,WH5F+26|WJ8X+F5W,weekday_evening,26.57,4,4,13,3.25,Double Decker Flyover
2026-03-20,WGG8+G5|XH7P+G6,weekday_evening,24.36,4,5,13,2.17,Mysore Road
2026-03-20,2HVW+G8|XJXR+WG,weekday_evening,23.66,4,6,13,1.08,North Outer Ring
2026-03-20,XPC7+72|XM33+J3,weekday_evening,23.48,4,7,13,0.0,Old Airport Road
2026-03-20,WP44+W8|WJFH+XQ,weekday_evening,23.13,4,8,13,-1.08,Sarjapur Road
2026-03-20,XHJ7+MG|WJM6+VC,weekday_evening,21.49,4,9,13,-2.17,Central Diagonal 1
2026-03-20,2HM2+P8|XJV5+RG,weekday_evening,20.96,4,10,13,-3.25,North Inner Ring
2026-03-20,XG48+2W|VHWC+C3,weekday_evening,18.51,4,11,13,-4.33,South Outer Ring
2026-03-20,WHR9+R6|XJGF+6J,weekday_evening,18.37,4,12,13,-5.42,Central Diagonal 2
2026-03-20,XJPW+92|WJP4+FF,weekday_evening,17.87,4,13,13,-6.5,East Inner Ring
2026-03-23,XJG4+7J|5PX4+HQ,weekday_evening,37.0,3,1,13,6.5,Airport Expy
2026-03-23,VJRQ+2M|RMJJ+F4,weekday_evening,29.47,3,2,13,5.42,Hosur Road
2026-03-23,XMW9+G8|WMJR+V4,weekday_evening,27.43,3,3,13,4.33,East Outer Ring
2026-03-23,WH5F+26|WJ8X+F5W,weekday_evening,24.93,3,4,13,3.25,Double Decker Flyover
2026-03-23,XPC7+72|XM33+J3,weekday_evening,21.14,3,5,13,2.17,Old Airport Road
2026-03-23,2HVW+G8|XJXR+WG,weekday_evening,21.09,3,6,13,1.08,North Outer Ring
2026-03-23,XHJ7+MG|WJM6+VC,weekday_evening,20.86,3,7,13,0.0,Central Diagonal 1
2026-03-23,WP44+W8|WJFH+XQ,weekday_evening,20.83,3,8,13,-1.08,Sarjapur Road
2026-03-23,WGG8+G5|XH7P+G6,weekday_evening,20.79,3,9,13,-2.17,Mysore Road
2026-03-23,2HM2+P8|XJV5+RG,weekday_evening,20.08,3,10,13,-3.25,North Inner Ring
2026-03-23,XJPW+92|WJP4+FF,weekday_evening,18.53,3,11,13,-4.33,East Inner Ring
2026-03-23,WHR9+R6|XJGF+6J,weekday_evening,18.4,3,12,13,-5.42,Central Diagonal 2
2026-03-23,XG48+2W|VHWC+C3,weekday_evening,16.7,3,13,13,-6.5,South Outer Ring
2026-03-24,XJG4+7J|5PX4+HQ,weekday_evening,37.65,3,1,13,6.5,Airport Expy
2026-03-24,VJRQ+2M|RMJJ+F4,weekday_evening,28.62,3,2,13,5.42,Hosur Road
2026-03-24,WH5F+26|WJ8X+F5W,weekday_evening,25.3,3,3,13,4.33,Double Decker Flyover
2026-03-24,XMW9+G8|WMJR+V4,weekday_evening,22.85,3,4,13,3.25,East Outer Ring
2026-03-24,WGG8+G5|XH7P+G6,weekday_evening,22.18,3,5,13,2.17,Mysore Road
2026-03-24,XHJ7+MG|WJM6+VC,weekday_evening,21.46,3,6,13,1.08,Central Diagonal 1
2026-03-24,2HVW+G8|XJXR+WG,weekday_evening,20.86,3,7,13,0.0,North Outer Ring
2026-03-24,2HM2+P8|XJV5+RG,weekday_evening,19.86,3,8,13,-1.08,North Inner Ring
2026-03-24,WP44+W8|WJFH+XQ,weekday_evening,19.8,3,9,13,-2.17,Sarjapur Road
2026-03-24,XPC7+72|XM33+J3,weekday_evening,19.52,3,10,13,-3.25,Old Airport Road
2026-03-24,WHR9+R6|XJGF+6J,weekday_evening,18.85,3,11,13,-4.33,Central Diagonal 2
2026-03-24,XJPW+92|WJP4+FF,weekday_evening,18.56,3,12,13,-5.42,East Inner Ring
2026-03-24,XG48+2W|VHWC+C3,weekday_evening,16.99,3,13,13,-6.5,South Outer Ring
2026-03-25,XJG4+7J|5PX4+HQ,weekday_evening,33.97,3,1,13,6.5,Airport Expy
2026-03-25,XMW9+G8|WMJR+V4,weekday_evening,26.2,3,2,13,5.42,East Outer Ring
2026-03-25,VJRQ+2M|RMJJ+F4,weekday_evening,24.8,3,3,13,4.33,Hosur Road
2026-03-25,WH5F+26|WJ8X+F5W,weekday_evening,24.29,3,4,13,3.25,Double Decker Flyover
2026-03-25,WGG8+G5|XH7P+G6,weekday_evening,20.57,3,5,13,2.17,Mysore Road
2026-03-25,XHJ7+MG|WJM6+VC,weekday_evening,19.39,3,6,13,1.08,Central Diagonal 1
2026-03-25,2HM2+P8|XJV5+RG,weekday_evening,19.27,3,7,13,0.0,North Inner Ring
2026-03-25,WHR9+R6|XJGF+6J,weekday_evening,17.93,3,8,13,-1.08,Central Diagonal 2
2026-03-25,XJPW+92|WJP4+FF,weekday_evening,17.85,3,9,13,-2.17,East Inner Ring
2026-03-25,WP44+W8|WJFH+XQ,weekday_evening,17.15,3,10,13,-3.25,Sarjapur Road
2026-03-25,XPC7+72|XM33+J3,weekday_evening,16.79,3,11,13,-4.33,Old Airport Road
2026-03-25,XG48+2W|VHWC+C3,weekday_evening,15.54,3,12,13,-5.42,South Outer Ring
2026-03-25,2HVW+G8|XJXR+WG,weekday_evening,15.52,3,13,13,-6.5,North Outer Ring
2026-03-26,XJG4+7J|5PX4+HQ,weekday_evening,34.12,2,1,13,6.5,Airport Expy
2026-03-26,VJRQ+2M|RMJJ+F4,weekday_evening,27.16,2,2,13,5.42,Hosur Road
2026-03-26,XMW9+G8|WMJR+V4,weekday_evening,25.48,2,3,13,4.33,East Outer Ring
2026-03-26,WH5F+26|WJ8X+F5W,weekday_evening,24.4,2,4,13,3.25,Double Decker Flyover
2026-03-26,WGG8+G5|XH7P+G6,weekday_evening,21.32,2,5,13,2.17,Mysore Road
2026-03-26,XPC7+72|XM33+J3,weekday_evening,20.41,2,6,13,1.08,Old Airport Road
2026-03-26,XHJ7+MG|WJM6+VC,weekday_evening,19.82,2,7,13,0.0,Central Diagonal 1
2026-03-26,2HM2+P8|XJV5+RG,weekday_evening,18.84,2,8,13,-1.08,North Inner Ring
2026-03-26,2HVW+G8|XJXR+WG,weekday_evening,18.64,2,9,13,-2.17,North Outer Ring
2026-03-26,XJPW+92|WJP4+FF,weekday_evening,17.67,2,10,13,-3.25,East Inner Ring
2026-03-26,WHR9+R6|XJGF+6J,weekday_evening,17.5,2,11,13,-4.33,Central Diagonal 2
2026-03-26,XG48+2W|VHWC+C3,weekday_evening,15.91,2,12,13,-5.42,South Outer Ring
2026-03-26,WP44+W8|WJFH+XQ,weekday_evening,15.84,2,13,13,-6.5,Sarjapur Road
2026-03-27,XJG4+7J|5PX4+HQ,weekday_evening,34.79,3,1,13,6.5,Airport Expy
2026-03-27,VJRQ+2M|RMJJ+F4,weekday_evening,24.84,3,2,13,5.42,Hosur Road
2026-03-27,WH5F+26|WJ8X+F5W,weekday_evening,23.09,3,3,13,4.33,Double Decker Flyover
2026-03-27,XMW9+G8|WMJR+V4,weekday_evening,22.71,3,4,13,3.25,East Outer Ring
2026-03-27,2HM2+P8|XJV5+RG,weekday_evening,19.36,3,5,13,2.17,North Inner Ring
2026-03-27,WGG8+G5|XH7P+G6,weekday_evening,19.09,3,6,13,1.08,Mysore Road
2026-03-27,XPC7+72|XM33+J3,weekday_evening,19.02,3,7,13,0.0,Old Airport Road
2026-03-27,XHJ7+MG|WJM6+VC,weekday_evening,18.99,3,8,13,-1.08,Central Diagonal 1
2026-03-27,2HVW+G8|XJXR+WG,weekday_evening,17.57,3,9,13,-2.17,North Outer Ring
2026-03-27,WHR9+R6|XJGF+6J,weekday_evening,16.9,3,10,13,-3.25,Central Diagonal 2
2026-03-27,XG48+2W|VHWC+C3,weekday_evening,16.6,3,11,13,-4.33,South Outer Ring
2026-03-27,XJPW+92|WJP4+FF,weekday_evening,16.05,3,12,13,-5.42,East Inner Ring
2026-03-27,WP44+W8|WJFH+XQ,weekday_evening,13.74,3,13,13,-6.5,Sarjapur Road
2026-03-30,XJG4+7J|5PX4+HQ,weekday_evening,35.35,3,1,13,6.5,Airport Expy
2026-03-30,VJRQ+2M|RMJJ+F4,weekday_evening,25.93,3,2,13,5.42,Hosur Road
2026-03-30,XMW9+G8|WMJR+V4,weekday_evening,24.56,3,3,13,4.33,East Outer Ring
2026-03-30,WH5F+26|WJ8X+F5W,weekday_evening,22.65,3,4,13,3.25,Double Decker Flyover
2026-03-30,2HM2+P8|XJV5+RG,weekday_evening,19.92,3,5,13,2.17,North Inner Ring
2026-03-30,WGG8+G5|XH7P+G6,weekday_evening,19.9,3,6,13,1.08,Mysore Road
2026-03-30,WP44+W8|WJFH+XQ,weekday_evening,18.74,3,7,13,0.0,Sarjapur Road
2026-03-30,XHJ7+MG|WJM6+VC,weekday_evening,18.36,3,8,13,-1.08,Central Diagonal 1
2026-03-30,2HVW+G8|XJXR+WG,weekday_evening,18.34,3,9,13,-2.17,North Outer Ring
2026-03-30,XPC7+72|XM33+J3,weekday_evening,16.94,3,10,13,-3.25,Old Airport Road
2026-03-30,WHR9+R6|XJGF+6J,weekday_evening,16.9,3,11,13,-4.33,Central Diagonal 2
2026-03-30,XJPW+92|WJP4+FF,weekday_evening,16.7,3,12,13,-5.42,East Inner Ring
2026-03-30,XG48+2W|VHWC+C3,weekday_evening,15.4,3,13,13,-6.5,South Outer Ring
2026-03-31,XJG4+7J|5PX4+HQ,weekday_evening,39.35,3,1,13,6.5,Airport Expy
2026-03-31,VJRQ+2M|RMJJ+F4,weekday_evening,28.62,3,2,13,5.42,Hosur Road
2026-03-31,XMW9+G8|WMJR+V4,weekday_evening,26.15,3,3,13,4.33,East Outer Ring
2026-03-31,WH5F+26|WJ8X+F5W,weekday_evening,25.37,3,4,13,3.25,Double Decker Flyover
2026-03-31,2HM2+P8|XJV5+RG,weekday_evening,21.63,3,5,13,2.17,North Inner Ring
2026-03-31,WGG8+G5|XH7P+G6,weekday_evening,21.27,3,6,13,1.08,Mysore Road
2026-03-31,XHJ7+MG|WJM6+VC,weekday_evening,21.21,3,7,13,0.0,Central Diagonal 1
2026-03-31,XPC7+72|XM33+J3,weekday_evening,19.34,3,8,13,-1.08,Old Airport Road
2026-03-31,WP44+W8|WJFH+XQ,weekday_evening,19.23,3,9,13,-2.17,Sarjapur Road
2026-03-31,2HVW+G8|XJXR+WG,weekday_evening,19.12,3,10,13,-3.25,North Outer Ring
2026-03-31,WHR9+R6|XJGF+6J,weekday_evening,18.99,3,11,13,-4.33,Central Diagonal 2
2026-03-31,XG48+2W|VHWC+C3,weekday_evening,17.92,3,12,13,-5.42,South Outer Ring
2026-03-31,XJPW+92|WJP4+FF,weekday_evening,17.92,3,13,13,-6.5,East Inner Ring
2026-04-01,XJG4+7J|5PX4+HQ,weekday_evening,34.36,3,1,13,6.5,Airport Expy
2026-04-01,XMW9+G8|WMJR+V4,weekday_evening,25.36,3,2,13,5.42,East Outer Ring
2026-04-01,VJRQ+2M|RMJJ+F4,weekday_evening,24.77,3,3,13,4.33,Hosur Road
2026-04-01,WH5F+26|WJ8X+F5W,weekday_evening,23.21,3,4,13,3.25,Double Decker Flyover
2026-04-01,2HM2+P8|XJV5+RG,weekday_evening,18.98,3,5,13,2.17,North Inner Ring
2026-04-01,XHJ7+MG|WJM6+VC,weekday_evening,18.37,3,6,13,1.08,Central Diagonal 1
2026-04-01,WGG8+G5|XH7P+G6,weekday_evening,17.64,3,7,13,0.0,Mysore Road
2026-04-01,XPC7+72|XM33+J3,weekday_evening,17.31,3,8,13,-1.08,Old Airport Road
2026-04-01,WHR9+R6|XJGF+6J,weekday_evening,16.87,3,9,13,-2.17,Central Diagonal 2
2026-04-01,XJPW+92|WJP4+FF,weekday_evening,16.7,3,10,13,-3.25,East Inner Ring
2026-04-01,WP44+W8|WJFH+XQ,weekday_evening,16.55,3,11,13,-4.33,Sarjapur Road
2026-04-01,XG48+2W|VHWC+C3,weekday_evening,15.94,3,12,13,-5.42,South Outer Ring
2026-04-01,2HVW+G8|XJXR+WG,weekday_evening,13.48,3,13,13,-6.5,North Outer Ring
2026-04-02,XJG4+7J|5PX4+HQ,weekday_evening,33.27,2,1,13,6.5,Airport Expy
2026-04-02,VJRQ+2M|RMJJ+F4,weekday_evening,25.74,2,2,13,5.42,Hosur Road
2026-04-02,XMW9+G8|WMJR+V4,weekday_evening,25.03,2,3,13,4.33,East Outer Ring
2026-04-02,WH5F+26|WJ8X+F5W,weekday_evening,22.94,2,4,13,3.25,Double Decker Flyover
2026-04-02,WGG8+G5|XH7P+G6,weekday_evening,20.0,2,5,13,2.17,Mysore Road
2026-04-02,2HM2+P8|XJV5+RG,weekday_evening,19.52,2,6,13,1.08,North Inner Ring
2026-04-02,WP44+W8|WJFH+XQ,weekday_evening,18.79,2,7,13,0.0,Sarjapur Road
2026-04-02,XHJ7+MG|WJM6+VC,weekday_evening,18.01,2,8,13,-1.08,Central Diagonal 1
2026-04-02,XPC7+72|XM33+J3,weekday_evening,17.54,2,9,13,-2.17,Old Airport Road
2026-04-02,WHR9+R6|XJGF+6J,weekday_evening,16.33,2,10,13,-3.25,Central Diagonal 2
2026-04-02,XG48+2W|VHWC+C3,weekday_evening,16.0,2,11,13,-4.33,South Outer Ring
2026-04-02,2HVW+G8|XJXR+WG,weekday_evening,15.66,2,12,13,-5.42,North Outer Ring
2026-04-02,XJPW+92|WJP4+FF,weekday_evening,15.6,2,13,13,-6.5,East Inner Ring
2026-04-03,XJG4+7J|5PX4+HQ,weekday_evening,34.07,3,1,13,6.5,Airport Expy
2026-04-03,VJRQ+2M|RMJJ+F4,weekday_evening,28.48,3,2,13,5.42,Hosur Road
2026-04-03,XMW9+G8|WMJR+V4,weekday_evening,28.07,3,3,13,4.33,East Outer Ring
2026-04-03,WH5F+26|WJ8X+F5W,weekday_evening,24.51,3,4,13,3.25,Double Decker Flyover
2026-04-03,WP44+W8|WJFH+XQ,weekday_evening,21.91,3,5,13,2.17,Sarjapur Road
2026-04-03,WGG8+G5|XH7P+G6,weekday_evening,21.85,3,6,13,1.08,Mysore Road
2026-04-03,2HVW+G8|XJXR+WG,weekday_evening,21.38,3,7,13,0.0,North Outer Ring
2026-04-03,2HM2+P8|XJV5+RG,weekday_evening,20.43,3,8,13,-1.08,North Inner Ring
2026-04-03,XPC7+72|XM33+J3,weekday_evening,20.32,3,9,13,-2.17,Old Airport Road
2026-04-03,XHJ7+MG|WJM6+VC,weekday_evening,19.78,3,10,13,-3.25,Central Diagonal 1
2026-04-03,XG48+2W|VHWC+C3,weekday_evening,17.15,3,11,13,-4.33,South Outer Ring
2026-04-03,WHR9+R6|XJGF+6J,weekday_evening,16.95,3,12,13,-5.42,Central Diagonal 2
2026-04-03,XJPW+92|WJP4+FF,weekday_evening,16.89,3,13,13,-6.5,East Inner Ring
2026-04-06,XJG4+7J|5PX4+HQ,weekday_evening,35.57,4,1,13,6.5,Airport Expy
2026-04-06,VJRQ+2M|RMJJ+F4,weekday_evening,26.24,4,2,13,5.42,Hosur Road
2026-04-06,XMW9+G8|WMJR+V4,weekday_evening,25.2,4,3,13,4.33,East Outer Ring
2026-04-06,WH5F+26|WJ8X+F5W,weekday_evening,23.96,4,4,13,3.25,Double Decker Flyover
2026-04-06,WGG8+G5|XH7P+G6,weekday_evening,20.82,4,5,13,2.17,Mysore Road
2026-04-06,XHJ7+MG|WJM6+VC,weekday_evening,20.2,4,6,13,1.08,Central Diagonal 1
2026-04-06,WP44+W8|WJFH+XQ,weekday_evening,19.85,4,7,13,0.0,Sarjapur Road
2026-04-06,2HM2+P8|XJV5+RG,weekday_evening,19.44,4,8,13,-1.08,North Inner Ring
2026-04-06,XPC7+72|XM33+J3,weekday_evening,18.83,4,9,13,-2.17,Old Airport Road
2026-04-06,XJPW+92|WJP4+FF,weekday_evening,18.11,4,10,13,-3.25,East Inner Ring
2026-04-06,2HVW+G8|XJXR+WG,weekday_evening,17.81,4,11,13,-4.33,North Outer Ring
2026-04-06,WHR9+R6|XJGF+6J,weekday_evening,17.49,4,12,13,-5.42,Central Diagonal 2
2026-04-06,XG48+2W|VHWC+C3,weekday_evening,16.37,4,13,13,-6.5,South Outer Ring
2026-04-07,XJG4+7J|5PX4+HQ,weekday_evening,34.31,4,1,13,6.5,Airport Expy
2026-04-07,VJRQ+2M|RMJJ+F4,weekday_evening,26.3,4,2,13,5.42,Hosur Road
2026-04-07,XMW9+G8|WMJR+V4,weekday_evening,23.29,4,3,13,4.33,East Outer Ring
2026-04-07,WH5F+26|WJ8X+F5W,weekday_evening,22.83,4,4,13,3.25,Double Decker Flyover
2026-04-07,WGG8+G5|XH7P+G6,weekday_evening,20.68,4,5,13,2.17,Mysore Road
2026-04-07,2HM2+P8|XJV5+RG,weekday_evening,19.52,4,6,13,1.08,North Inner Ring
2026-04-07,XHJ7+MG|WJM6+VC,weekday_evening,19.21,4,7,13,0.0,Central Diagonal 1
2026-04-07,WP44+W8|WJFH+XQ,weekday_evening,18.01,4,8,13,-1.08,Sarjapur Road
2026-04-07,WHR9+R6|XJGF+6J,weekday_evening,16.89,4,9,13,-2.17,Central Diagonal 2
2026-04-07,XJPW+92|WJP4+FF,weekday_evening,16.87,4,10,13,-3.25,East Inner Ring
2026-04-07,XG48+2W|VHWC+C3,weekday_evening,16.52,4,11,13,-4.33,South Outer Ring
2026-04-07,XPC7+72|XM33+J3,weekday_evening,15.97,4,12,13,-5.42,Old Airport Road
2026-04-07,2HVW+G8|XJXR+WG,weekday_evening,14.6,4,13,13,-6.5,North Outer Ring
2026-04-08,XJG4+7J|5PX4+HQ,weekday_evening,34.02,3,1,13,6.5,Airport Expy
2026-04-08,VJRQ+2M|RMJJ+F4,weekday_evening,26.22,3,2,13,5.42,Hosur Road
2026-04-08,WH5F+26|WJ8X+F5W,weekday_evening,24.19,3,3,13,4.33,Double Decker Flyover
2026-04-08,WGG8+G5|XH7P+G6,weekday_evening,21.35,3,4,13,3.25,Mysore Road
2026-04-08,XMW9+G8|WMJR+V4,weekday_evening,19.94,3,5,13,2.17,East Outer Ring
2026-04-08,2HM2+P8|XJV5+RG,weekday_evening,19.11,3,6,13,1.08,North Inner Ring
2026-04-08,XHJ7+MG|WJM6+VC,weekday_evening,18.24,3,7,13,0.0,Central Diagonal 1
2026-04-08,WP44+W8|WJFH+XQ,weekday_evening,17.66,3,8,13,-1.08,Sarjapur Road
2026-04-08,WHR9+R6|XJGF+6J,weekday_evening,16.92,3,9,13,-2.17,Central Diagonal 2
2026-04-08,XJPW+92|WJP4+FF,weekday_evening,16.15,3,10,13,-3.25,East Inner Ring
2026-04-08,XG48+2W|VHWC+C3,weekday_evening,15.93,3,11,13,-4.33,South Outer Ring
2026-04-08,2HVW+G8|XJXR+WG,weekday_evening,14.74,3,12,13,-5.42,North Outer Ring
2026-04-08,XPC7+72|XM33+J3,weekday_evening,14.24,3,13,13,-6.5,Old Airport Road
2026-04-09,XJG4+7J|5PX4+HQ,weekday_evening,34.17,4,1,13,6.5,Airport Expy
2026-04-09,VJRQ+2M|RMJJ+F4,weekday_evening,27.08,4,2,13,5.42,Hosur Road
2026-04-09,WH5F+26|WJ8X+F5W,weekday_evening,23.66,4,3,13,4.33,Double Decker Flyover
2026-04-09,XMW9+G8|WMJR+V4,weekday_evening,23.23,4,4,13,3.25,East Outer Ring
2026-04-09,WGG8+G5|XH7P+G6,weekday_evening,21.31,4,5,13,2.17,Mysore Road
2026-04-09,WP44+W8|WJFH+XQ,weekday_evening,20.4,4,6,13,1.08,Sarjapur Road
2026-04-09,2HM2+P8|XJV5+RG,weekday_evening,19.64,4,7,13,0.0,North Inner Ring
2026-04-09,XHJ7+MG|WJM6+VC,weekday_evening,18.89,4,8,13,-1.08,Central Diagonal 1
2026-04-09,2HVW+G8|XJXR+WG,weekday_evening,18.81,4,9,13,-2.17,North Outer Ring
2026-04-09,XJPW+92|WJP4+FF,weekday_evening,17.67,4,10,13,-3.25,East Inner Ring
2026-04-09,WHR9+R6|XJGF+6J,weekday_evening,17.66,4,11,13,-4.33,Central Diagonal 2
2026-04-09,XPC7+72|XM33+J3,weekday_evening,17.27,4,12,13,-5.42,Old Airport Road
2026-04-09,XG48+2W|VHWC+C3,weekday_evening,16.11,4,13,13,-6.5,South Outer Ring
2026-04-10,XJG4+7J|5PX4+HQ,weekday_evening,31.09,4,1,13,6.5,Airport Expy
2026-04-10,VJRQ+2M|RMJJ+F4,weekday_evening,23.84,4,2,13,5.42,Hosur Road
2026-04-10,XMW9+G8|WMJR+V4,weekday_evening,23.7,4,3,13,4.33,East Outer Ring
2026-04-10,WH5F+26|WJ8X+F5W,weekday_evening,23.36,4,4,13,3.25,Double Decker Flyover
2026-04-10,WGG8+G5|XH7P+G6,weekday_evening,18.91,4,5,13,2.17,Mysore Road
2026-04-10,WP44+W8|WJFH+XQ,weekday_evening,18.48,4,6,13,1.08,Sarjapur Road
2026-04-10,XPC7+72|XM33+J3,weekday_evening,17.18,4,7,13,0.0,Old Airport Road
2026-04-10,2HM2+P8|XJV5+RG,weekday_evening,17.12,4,8,13,-1.08,North Inner Ring
2026-04-10,XHJ7+MG|WJM6+VC,weekday_evening,16.91,4,9,13,-2.17,Central Diagonal 1
2026-04-10,WHR9+R6|XJGF+6J,weekday_evening,16.08,4,10,13,-3.25,Central Diagonal 2
2026-04-10,XG48+2W|VHWC+C3,weekday_evening,16.08,4,11,13,-4.33,South Outer Ring
2026-04-10,XJPW+92|WJP4+FF,weekday_evening,15.99,4,12,13,-5.42,East Inner Ring
2026-04-10,2HVW+G8|XJXR+WG,weekday_evening,14.25,4,13,13,-6.5,North Outer Ring
2026-04-13,XJG4+7J|5PX4+HQ,weekday_evening,37.02,2,1,13,6.5,Airport Expy
2026-04-13,XMW9+G8|WMJR+V4,weekday_evening,26.5,2,2,13,5.42,East Outer Ring
2026-04-13,VJRQ+2M|RMJJ+F4,weekday_evening,26.41,2,3,13,4.33,Hosur Road
2026-04-13,WH5F+26|WJ8X+F5W,weekday_evening,24.28,2,4,13,3.25,Double Decker Flyover
2026-04-13,XHJ7+MG|WJM6+VC,weekday_evening,21.81,2,5,13,2.17,Central Diagonal 1
2026-04-13,WP44+W8|WJFH+XQ,weekday_evening,21.48,2,6,13,1.08,Sarjapur Road
2026-04-13,WGG8+G5|XH7P+G6,weekday_evening,20.85,2,7,13,0.0,Mysore Road
2026-04-13,XPC7+72|XM33+J3,weekday_evening,20.85,2,8,13,-1.08,Old Airport Road
2026-04-13,XJPW+92|WJP4+FF,weekday_evening,19.84,2,9,13,-2.17,East Inner Ring
2026-04-13,2HM2+P8|XJV5+RG,weekday_evening,19.77,2,10,13,-3.25,North Inner Ring
2026-04-13,2HVW+G8|XJXR+WG,weekday_evening,18.95,2,11,13,-4.33,North Outer Ring
2026-04-13,WHR9+R6|XJGF+6J,weekday_evening,17.96,2,12,13,-5.42,Central Diagonal 2
2026-04-13,XG48+2W|VHWC+C3,weekday_evening,16.12,2,13,13,-6.5,South Outer Ring
2026-04-14,XJG4+7J|5PX4+HQ,weekday_evening,38.02,2,1,13,6.5,Airport Expy
2026-04-14,VJRQ+2M|RMJJ+F4,weekday_evening,27.34,2,2,13,5.42,Hosur Road
2026-04-14,XMW9+G8|WMJR+V4,weekday_evening,25.97,2,3,13,4.33,East Outer Ring
2026-04-14,WH5F+26|WJ8X+F5W,weekday_evening,25.18,2,4,13,3.25,Double Decker Flyover
2026-04-14,2HVW+G8|XJXR+WG,weekday_evening,21.22,2,5,13,2.17,North Outer Ring
2026-04-14,2HM2+P8|XJV5+RG,weekday_evening,20.62,2,6,13,1.08,North Inner Ring
2026-04-14,WGG8+G5|XH7P+G6,weekday_evening,20.37,2,7,13,0.0,Mysore Road
2026-04-14,XHJ7+MG|WJM6+VC,weekday_evening,20.17,2,8,13,-1.08,Central Diagonal 1
2026-04-14,XPC7+72|XM33+J3,weekday_evening,19.54,2,9,13,-2.17,Old Airport Road
2026-04-14,XJPW+92|WJP4+FF,weekday_evening,18.76,2,10,13,-3.25,East Inner Ring
2026-04-14,WP44+W8|WJFH+XQ,weekday_evening,18.38,2,11,13,-4.33,Sarjapur Road
2026-04-14,WHR9+R6|XJGF+6J,weekday_evening,17.75,2,12,13,-5.42,Central Diagonal 2
2026-04-14,XG48+2W|VHWC+C3,weekday_evening,17.12,2,13,13,-6.5,South Outer Ring
2026-04-15,XJG4+7J|5PX4+HQ,weekday_evening,31.92,3,1,13,6.5,Airport Expy
2026-04-15,XMW9+G8|WMJR+V4,weekday_evening,25.47,3,2,13,5.42,East Outer Ring
2026-04-15,VJRQ+2M|RMJJ+F4,weekday_evening,24.03,3,3,13,4.33,Hosur Road
2026-04-15,WH5F+26|WJ8X+F5W,weekday_evening,23.26,3,4,13,3.25,Double Decker Flyover
2026-04-15,WGG8+G5|XH7P+G6,weekday_evening,19.91,3,5,13,2.17,Mysore Road
2026-04-15,2HM2+P8|XJV5+RG,weekday_evening,18.05,3,6,13,1.08,North Inner Ring
2026-04-15,XHJ7+MG|WJM6+VC,weekday_evening,17.21,3,7,13,0.0,Central Diagonal 1
2026-04-15,WP44+W8|WJFH+XQ,weekday_evening,16.94,3,8,13,-1.08,Sarjapur Road
2026-04-15,WHR9+R6|XJGF+6J,weekday_evening,15.6,3,9,13,-2.17,Central Diagonal 2
2026-04-15,XG48+2W|VHWC+C3,weekday_evening,15.34,3,10,13,-3.25,South Outer Ring
2026-04-15,XPC7+72|XM33+J3,weekday_evening,15.18,3,11,13,-4.33,Old Airport Road
2026-04-15,2HVW+G8|XJXR+WG,weekday_evening,15.14,3,12,13,-5.42,North Outer Ring
2026-04-15,XJPW+92|WJP4+FF,weekday_evening,14.97,3,13,13,-6.5,East Inner Ring
2026-04-16,XJG4+7J|5PX4+HQ,weekday_evening,34.94,2,1,13,6.5,Airport Expy
2026-04-16,XMW9+G8|WMJR+V4,weekday_evening,26.25,2,2,13,5.42,East Outer Ring
2026-04-16,VJRQ+2M|RMJJ+F4,weekday_evening,25.12,2,3,13,4.33,Hosur Road
2026-04-16,WH5F+26|WJ8X+F5W,weekday_evening,23.8,2,4,13,3.25,Double Decker Flyover
2026-04-16,2HVW+G8|XJXR+WG,weekday_evening,20.68,2,5,13,2.17,North Outer Ring
2026-04-16,XHJ7+MG|WJM6+VC,weekday_evening,20.51,2,6,13,1.08,Central Diagonal 1
2026-04-16,2HM2+P8|XJV5+RG,weekday_evening,20.04,2,7,13,0.0,North Inner Ring
2026-04-16,WGG8+G5|XH7P+G6,weekday_evening,19.61,2,8,13,-1.08,Mysore Road
2026-04-16,XJPW+92|WJP4+FF,weekday_evening,18.74,2,9,13,-2.17,East Inner Ring
2026-04-16,WHR9+R6|XJGF+6J,weekday_evening,18.62,2,10,13,-3.25,Central Diagonal 2
2026-04-16,WP44+W8|WJFH+XQ,weekday_evening,18.07,2,11,13,-4.33,Sarjapur Road
2026-04-16,XPC7+72|XM33+J3,weekday_evening,17.9,2,12,13,-5.42,Old Airport Road
2026-04-16,XG48+2W|VHWC+C3,weekday_evening,17.68,2,13,13,-6.5,South Outer Ring
2026-04-17,XJG4+7J|5PX4+HQ,weekday_evening,30.55,3,1,13,6.5,Airport Expy
2026-04-17,XMW9+G8|WMJR+V4,weekday_evening,26.38,3,2,13,5.42,East Outer Ring
2026-04-17,WH5F+26|WJ8X+F5W,weekday_evening,23.18,3,3,13,4.33,Double Decker Flyover
2026-04-17,VJRQ+2M|RMJJ+F4,weekday_evening,23.15,3,4,13,3.25,Hosur Road
2026-04-17,WGG8+G5|XH7P+G6,weekday_evening,19.04,3,5,13,2.17,Mysore Road
2026-04-17,2HVW+G8|XJXR+WG,weekday_evening,17.72,3,6,13,1.08,North Outer Ring
2026-04-17,WP44+W8|WJFH+XQ,weekday_evening,17.12,3,7,13,0.0,Sarjapur Road
2026-04-17,2HM2+P8|XJV5+RG,weekday_evening,16.92,3,8,13,-1.08,North Inner Ring
2026-04-17,XHJ7+MG|WJM6+VC,weekday_evening,16.72,3,9,13,-2.17,Central Diagonal 1
2026-04-17,XPC7+72|XM33+J3,weekday_evening,15.85,3,10,13,-3.25,Old Airport Road
2026-04-17,XG48+2W|VHWC+C3,weekday_evening,15.83,3,11,13,-4.33,South Outer Ring
2026-04-17,WHR9+R6|XJGF+6J,weekday_evening,15.34,3,12,13,-5.42,Central Diagonal 2
2026-04-17,XJPW+92|WJP4+FF,weekday_evening,15.05,3,13,13,-6.5,East Inner Ring
2026-04-20,XJG4+7J|5PX4+HQ,weekday_evening,35.44,4,1,13,6.5,Airport Expy
2026-04-20,XMW9+G8|WMJR+V4,weekday_evening,28.86,4,2,13,5.42,East Outer Ring
2026-04-20,VJRQ+2M|RMJJ+F4,weekday_evening,26.22,4,3,13,4.33,Hosur Road
2026-04-20,WH5F+26|WJ8X+F5W,weekday_evening,23.92,4,4,13,3.25,Double Decker Flyover
2026-04-20,WGG8+G5|XH7P+G6,weekday_evening,20.95,4,5,13,2.17,Mysore Road
2026-04-20,XHJ7+MG|WJM6+VC,weekday_evening,20.19,4,6,13,1.08,Central Diagonal 1
2026-04-20,WP44+W8|WJFH+XQ,weekday_evening,19.9,4,7,13,0.0,Sarjapur Road
2026-04-20,2HM2+P8|XJV5+RG,weekday_evening,19.76,4,8,13,-1.08,North Inner Ring
2026-04-20,XPC7+72|XM33+J3,weekday_evening,19.51,4,9,13,-2.17,Old Airport Road
2026-04-20,XJPW+92|WJP4+FF,weekday_evening,18.21,4,10,13,-3.25,East Inner Ring
2026-04-20,WHR9+R6|XJGF+6J,weekday_evening,18.13,4,11,13,-4.33,Central Diagonal 2
2026-04-20,2HVW+G8|XJXR+WG,weekday_evening,17.27,4,12,13,-5.42,North Outer Ring
2026-04-20,XG48+2W|VHWC+C3,weekday_evening,15.85,4,13,13,-6.5,South Outer Ring
2026-04-21,XJG4+7J|5PX4+HQ,weekday_evening,36.04,2,1,13,6.5,Airport Expy
2026-04-21,VJRQ+2M|RMJJ+F4,weekday_evening,26.25,2,2,13,5.42,Hosur Road
2026-04-21,XMW9+G8|WMJR+V4,weekday_evening,26.15,2,3,13,4.33,East Outer Ring
2026-04-21,WH5F+26|WJ8X+F5W,weekday_evening,24.06,2,4,13,3.25,Double Decker Flyover
2026-04-21,WP44+W8|WJFH+XQ,weekday_evening,19.99,2,5,13,2.17,Sarjapur Road
2026-04-21,XHJ7+MG|WJM6+VC,weekday_evening,19.48,2,6,13,1.08,Central Diagonal 1
2026-04-21,2HM2+P8|XJV5+RG,weekday_evening,19.33,2,7,13,0.0,North Inner Ring
2026-04-21,XPC7+72|XM33+J3,weekday_evening,19.26,2,8,13,-1.08,Old Airport Road
2026-04-21,WGG8+G5|XH7P+G6,weekday_evening,19.24,2,9,13,-2.17,Mysore Road
2026-04-21,2HVW+G8|XJXR+WG,weekday_evening,18.47,2,10,13,-3.25,North Outer Ring
2026-04-21,XJPW+92|WJP4+FF,weekday_evening,18.24,2,11,13,-4.33,East Inner Ring
2026-04-21,WHR9+R6|XJGF+6J,weekday_evening,18.2,2,12,13,-5.42,Central Diagonal 2
2026-04-21,XG48+2W|VHWC+C3,weekday_evening,15.76,2,13,13,-6.5,South Outer Ring
2026-04-22,XJG4+7J|5PX4+HQ,weekday_evening,34.2,2,1,13,6.5,Airport Expy
2026-04-22,XMW9+G8|WMJR+V4,weekday_evening,26.35,2,2,13,5.42,East Outer Ring
2026-04-22,VJRQ+2M|RMJJ+F4,weekday_evening,25.37,2,3,13,4.33,Hosur Road
2026-04-22,WH5F+26|WJ8X+F5W,weekday_evening,20.13,2,4,13,3.25,Double Decker Flyover
2026-04-22,WGG8+G5|XH7P+G6,weekday_evening,18.24,2,5,13,2.17,Mysore Road
2026-04-22,WHR9+R6|XJGF+6J,weekday_evening,17.96,2,6,13,1.08,Central Diagonal 2
2026-04-22,2HM2+P8|XJV5+RG,weekday_evening,17.72,2,7,13,0.0,North Inner Ring
2026-04-22,WP44+W8|WJFH+XQ,weekday_evening,17.24,2,8,13,-1.08,Sarjapur Road
2026-04-22,XHJ7+MG|WJM6+VC,weekday_evening,17.24,2,9,13,-2.17,Central Diagonal 1
2026-04-22,XPC7+72|XM33+J3,weekday_evening,16.6,2,10,13,-3.25,Old Airport Road
2026-04-22,XG48+2W|VHWC+C3,weekday_evening,16.16,2,11,13,-4.33,South Outer Ring
2026-04-22,XJPW+92|WJP4+FF,weekday_evening,15.64,2,12,13,-5.42,East Inner Ring
2026-04-22,2HVW+G8|XJXR+WG,weekday_evening,14.08,2,13,13,-6.5,North Outer Ring
2026-04-23,XJG4+7J|5PX4+HQ,weekday_evening,35.94,2,1,13,6.5,Airport Expy
2026-04-23,XMW9+G8|WMJR+V4,weekday_evening,30.33,2,2,13,5.42,East Outer Ring
2026-04-23,VJRQ+2M|RMJJ+F4,weekday_evening,29.14,2,3,13,4.33,Hosur Road
2026-04-23,WH5F+26|WJ8X+F5W,weekday_evening,23.27,2,4,13,3.25,Double Decker Flyover
2026-04-23,WGG8+G5|XH7P+G6,weekday_evening,21.78,2,5,13,2.17,Mysore Road
2026-04-23,XPC7+72|XM33+J3,weekday_evening,21.66,2,6,13,1.08,Old Airport Road
2026-04-23,WP44+W8|WJFH+XQ,weekday_evening,21.36,2,7,13,0.0,Sarjapur Road
2026-04-23,2HVW+G8|XJXR+WG,weekday_evening,20.52,2,8,13,-1.08,North Outer Ring
2026-04-23,XHJ7+MG|WJM6+VC,weekday_evening,20.46,2,9,13,-2.17,Central Diagonal 1
2026-04-23,WHR9+R6|XJGF+6J,weekday_evening,19.38,2,10,13,-3.25,Central Diagonal 2
2026-04-23,2HM2+P8|XJV5+RG,weekday_evening,19.11,2,11,13,-4.33,North Inner Ring
2026-04-23,XJPW+92|WJP4+FF,weekday_evening,18.93,2,12,13,-5.42,East Inner Ring
2026-04-23,XG48+2W|VHWC+C3,weekday_evening,16.02,2,13,13,-6.5,South Outer Ring
2026-04-24,XJG4+7J|5PX4+HQ,weekday_evening,31.52,3,1,13,6.5,Airport Expy
2026-04-24,XMW9+G8|WMJR+V4,weekday_evening,28.56,3,2,13,5.42,East Outer Ring
2026-04-24,VJRQ+2M|RMJJ+F4,weekday_evening,25.87,3,3,13,4.33,Hosur Road
2026-04-24,WH5F+26|WJ8X+F5W,weekday_evening,22.55,3,4,13,3.25,Double Decker Flyover
2026-04-24,WGG8+G5|XH7P+G6,weekday_evening,19.43,3,5,13,2.17,Mysore Road
2026-04-24,WP44+W8|WJFH+XQ,weekday_evening,17.8,3,6,13,1.08,Sarjapur Road
2026-04-24,2HM2+P8|XJV5+RG,weekday_evening,17.09,3,7,13,0.0,North Inner Ring
2026-04-24,2HVW+G8|XJXR+WG,weekday_evening,16.77,3,8,13,-1.08,North Outer Ring
2026-04-24,XHJ7+MG|WJM6+VC,weekday_evening,16.55,3,9,13,-2.17,Central Diagonal 1
2026-04-24,XPC7+72|XM33+J3,weekday_evening,16.49,3,10,13,-3.25,Old Airport Road
2026-04-24,XJPW+92|WJP4+FF,weekday_evening,16.03,3,11,13,-4.33,East Inner Ring
2026-04-24,XG48+2W|VHWC+C3,weekday_evening,14.84,3,12,13,-5.42,South Outer Ring
2026-04-24,WHR9+R6|XJGF+6J,weekday_evening,14.58,3,13,13,-6.5,Central Diagonal 2
2026-04-27,XJG4+7J|5PX4+HQ,weekday_evening,38.07,2,1,13,6.5,Airport Expy
2026-04-27,XMW9+G8|WMJR+V4,weekday_evening,31.81,2,2,13,5.42,East Outer Ring
2026-04-27,VJRQ+2M|RMJJ+F4,weekday_evening,28.49,2,3,13,4.33,Hosur Road
2026-04-27,WH5F+26|WJ8X+F5W,weekday_evening,26.08,2,4,13,3.25,Double Decker Flyover
2026-04-27,WP44+W8|WJFH+XQ,weekday_evening,24.11,2,5,13,2.17,Sarjapur Road
2026-04-27,2HVW+G8|XJXR+WG,weekday_evening,23.89,2,6,13,1.08,North Outer Ring
2026-04-27,XPC7+72|XM33+J3,weekday_evening,22.89,2,7,13,0.0,Old Airport Road
2026-04-27,WGG8+G5|XH7P+G6,weekday_evening,21.91,2,8,13,-1.08,Mysore Road
2026-04-27,2HM2+P8|XJV5+RG,weekday_evening,20.94,2,9,13,-2.17,North Inner Ring
2026-04-27,XHJ7+MG|WJM6+VC,weekday_evening,20.61,2,10,13,-3.25,Central Diagonal 1
2026-04-27,XJPW+92|WJP4+FF,weekday_evening,20.31,2,11,13,-4.33,East Inner Ring
2026-04-27,WHR9+R6|XJGF+6J,weekday_evening,20.24,2,12,13,-5.42,Central Diagonal 2
2026-04-27,XG48+2W|VHWC+C3,weekday_evening,18.06,2,13,13,-6.5,South Outer Ring
2026-04-28,XJG4+7J|5PX4+HQ,weekday_evening,31.66,1,1,13,6.5,Airport Expy
2026-04-28,XMW9+G8|WMJR+V4,weekday_evening,26.73,1,2,13,5.42,East Outer Ring
2026-04-28,VJRQ+2M|RMJJ+F4,weekday_evening,25.75,1,3,13,4.33,Hosur Road
2026-04-28,WH5F+26|WJ8X+F5W,weekday_evening,24.24,1,4,13,3.25,Double Decker Flyover
2026-04-28,2HVW+G8|XJXR+WG,weekday_evening,21.56,1,5,13,2.17,North Outer Ring
2026-04-28,XHJ7+MG|WJM6+VC,weekday_evening,21.0,1,6,13,1.08,Central Diagonal 1
2026-04-28,2HM2+P8|XJV5+RG,weekday_evening,19.27,1,7,13,0.0,North Inner Ring
2026-04-28,XPC7+72|XM33+J3,weekday_evening,18.8,1,8,13,-1.08,Old Airport Road
2026-04-28,WGG8+G5|XH7P+G6,weekday_evening,18.56,1,9,13,-2.17,Mysore Road
2026-04-28,WHR9+R6|XJGF+6J,weekday_evening,18.34,1,10,13,-3.25,Central Diagonal 2
2026-04-28,XJPW+92|WJP4+FF,weekday_evening,18.34,1,11,13,-4.33,East Inner Ring
2026-04-28,WP44+W8|WJFH+XQ,weekday_evening,18.29,1,12,13,-5.42,Sarjapur Road
2026-04-28,XG48+2W|VHWC+C3,weekday_evening,15.57,1,13,13,-6.5,South Outer Ring
2026-04-29,XJG4+7J|5PX4+HQ,weekday_evening,27.36,2,1,13,6.5,Airport Expy
2026-04-29,VJRQ+2M|RMJJ+F4,weekday_evening,24.76,2,2,13,5.42,Hosur Road
2026-04-29,WH5F+26|WJ8X+F5W,weekday_evening,19.28,2,3,13,4.33,Double Decker Flyover
2026-04-29,2HVW+G8|XJXR+WG,weekday_evening,16.64,2,4,13,3.25,North Outer Ring
2026-04-29,WP44+W8|WJFH+XQ,weekday_evening,16.01,2,5,13,2.17,Sarjapur Road
2026-04-29,2HM2+P8|XJV5+RG,weekday_evening,14.49,2,6,13,1.08,North Inner Ring
2026-04-29,XPC7+72|XM33+J3,weekday_evening,13.96,2,7,13,0.0,Old Airport Road
2026-04-29,XHJ7+MG|WJM6+VC,weekday_evening,13.78,2,8,13,-1.08,Central Diagonal 1
2026-04-29,XG48+2W|VHWC+C3,weekday_evening,13.04,2,9,13,-2.17,South Outer Ring
2026-04-29,WGG8+G5|XH7P+G6,weekday_evening,12.46,2,10,13,-3.25,Mysore Road
2026-04-29,XJPW+92|WJP4+FF,weekday_evening,12.34,2,11,13,-4.33,East Inner Ring
2026-04-29,XMW9+G8|WMJR+V4,weekday_evening,11.26,2,12,13,-5.42,East Outer Ring
2026-04-29,WHR9+R6|XJGF+6J,weekday_evening,9.68,2,13,13,-6.5,Central Diagonal 2
2026-04-30,XJG4+7J|5PX4+HQ,weekday_evening,35.42,2,1,13,6.5,Airport Expy
2026-04-30,XMW9+G8|WMJR+V4,weekday_evening,24.67,2,2,13,5.42,East Outer Ring
2026-04-30,VJRQ+2M|RMJJ+F4,weekday_evening,22.95,2,3,13,4.33,Hosur Road
2026-04-30,WH5F+26|WJ8X+F5W,weekday_evening,22.94,2,4,13,3.25,Double Decker Flyover
2026-04-30,2HM2+P8|XJV5+RG,weekday_evening,19.77,2,5,13,2.17,North Inner Ring
2026-04-30,WHR9+R6|XJGF+6J,weekday_evening,19.62,2,6,13,1.08,Central Diagonal 2
2026-04-30,2HVW+G8|XJXR+WG,weekday_evening,18.71,2,7,13,0.0,North Outer Ring
2026-04-30,WGG8+G5|XH7P+G6,weekday_evening,18.42,2,8,13,-1.08,Mysore Road
2026-04-30,XPC7+72|XM33+J3,weekday_evening,18.07,2,9,13,-2.17,Old Airport Road
2026-04-30,WP44+W8|WJFH+XQ,weekday_evening,18.02,2,10,13,-3.25,Sarjapur Road
2026-04-30,XG48+2W|VHWC+C3,weekday_evening,17.95,2,11,13,-4.33,South Outer Ring
2026-04-30,XHJ7+MG|WJM6+VC,weekday_evening,16.83,2,12,13,-5.42,Central Diagonal 1
2026-04-30,XJPW+92|WJP4+FF,weekday_evening,16.68,2,13,13,-6.5,East Inner Ring
2026-05-01,XJG4+7J|5PX4+HQ,weekday_evening,40.79,2,1,13,6.5,Airport Expy
2026-05-01,XMW9+G8|WMJR+V4,weekday_evening,31.81,2,2,13,5.42,East Outer Ring
2026-05-01,VJRQ+2M|RMJJ+F4,weekday_evening,30.16,2,3,13,4.33,Hosur Road
2026-05-01,XPC7+72|XM33+J3,weekday_evening,23.11,2,4,13,3.25,Old Airport Road
2026-05-01,WP44+W8|WJFH+XQ,weekday_evening,22.44,2,5,13,2.17,Sarjapur Road
2026-05-01,2HVW+G8|XJXR+WG,weekday_evening,22.05,2,6,13,1.08,North Outer Ring
2026-05-01,WGG8+G5|XH7P+G6,weekday_evening,21.16,2,7,13,0.0,Mysore Road
2026-05-01,2HM2+P8|XJV5+RG,weekday_evening,20.07,2,8,13,-1.08,North Inner Ring
2026-05-01,WH5F+26|WJ8X+F5W,weekday_evening,19.32,2,9,13,-2.17,Double Decker Flyover
2026-05-01,XHJ7+MG|WJM6+VC,weekday_evening,18.43,2,10,13,-3.25,Central Diagonal 1
2026-05-01,XG48+2W|VHWC+C3,weekday_evening,17.01,2,11,13,-4.33,South Outer Ring
2026-05-01,XJPW+92|WJP4+FF,weekday_evening,16.54,2,12,13,-5.42,East Inner Ring
2026-05-01,WHR9+R6|XJGF+6J,weekday_evening,15.72,2,13,13,-6.5,Central Diagonal 2
2026-05-04,XJG4+7J|5PX4+HQ,weekday_evening,34.06,2,1,13,6.5,Airport Expy
2026-05-04,XMW9+G8|WMJR+V4,weekday_evening,29.85,2,2,13,5.42,East Outer Ring
2026-05-04,VJRQ+2M|RMJJ+F4,weekday_evening,28.15,2,3,13,4.33,Hosur Road
2026-05-04,WH5F+26|WJ8X+F5W,weekday_evening,22.88,2,4,13,3.25,Double Decker Flyover
2026-05-04,WGG8+G5|XH7P+G6,weekday_evening,21.21,2,5,13,2.17,Mysore Road
2026-05-04,XHJ7+MG|WJM6+VC,weekday_evening,21.02,2,6,13,1.08,Central Diagonal 1
2026-05-04,XPC7+72|XM33+J3,weekday_evening,20.92,2,7,13,0.0,Old Airport Road
2026-05-04,WP44+W8|WJFH+XQ,weekday_evening,20.11,2,8,13,-1.08,Sarjapur Road
2026-05-04,2HVW+G8|XJXR+WG,weekday_evening,20.09,2,9,13,-2.17,North Outer Ring
2026-05-04,WHR9+R6|XJGF+6J,weekday_evening,19.17,2,10,13,-3.25,Central Diagonal 2
2026-05-04,2HM2+P8|XJV5+RG,weekday_evening,19.12,2,11,13,-4.33,North Inner Ring
2026-05-04,XJPW+92|WJP4+FF,weekday_evening,18.46,2,12,13,-5.42,East Inner Ring
2026-05-04,XG48+2W|VHWC+C3,weekday_evening,15.87,2,13,13,-6.5,South Outer Ring
2026-05-05,XJG4+7J|5PX4+HQ,weekday_evening,28.83,2,1,13,6.5,Airport Expy
2026-05-05,VJRQ+2M|RMJJ+F4,weekday_evening,22.92,2,2,13,5.42,Hosur Road
2026-05-05,WGG8+G5|XH7P+G6,weekday_evening,21.21,2,3,13,4.33,Mysore Road
2026-05-05,WH5F+26|WJ8X+F5W,weekday_evening,21.05,2,4,13,3.25,Double Decker Flyover
2026-05-05,XMW9+G8|WMJR+V4,weekday_evening,19.68,2,5,13,2.17,East Outer Ring
2026-05-05,2HM2+P8|XJV5+RG,weekday_evening,17.84,2,6,13,1.08,North Inner Ring
2026-05-05,XHJ7+MG|WJM6+VC,weekday_evening,16.95,2,7,13,0.0,Central Diagonal 1
2026-05-05,WHR9+R6|XJGF+6J,weekday_evening,15.79,2,8,13,-1.08,Central Diagonal 2
2026-05-05,XG48+2W|VHWC+C3,weekday_evening,14.85,2,9,13,-2.17,South Outer Ring
2026-05-05,WP44+W8|WJFH+XQ,weekday_evening,14.54,2,10,13,-3.25,Sarjapur Road
2026-05-05,2HVW+G8|XJXR+WG,weekday_evening,14.51,2,11,13,-4.33,North Outer Ring
2026-05-05,XJPW+92|WJP4+FF,weekday_evening,14.47,2,12,13,-5.42,East Inner Ring
2026-05-05,XPC7+72|XM33+J3,weekday_evening,14.29,2,13,13,-6.5,Old Airport Road
2026-05-06,XJG4+7J|5PX4+HQ,weekday_evening,31.18,1,1,13,6.5,Airport Expy
2026-05-06,VJRQ+2M|RMJJ+F4,weekday_evening,28.09,1,2,13,5.42,Hosur Road
2026-05-06,XMW9+G8|WMJR+V4,weekday_evening,28.0,1,3,13,4.33,East Outer Ring
2026-05-06,WH5F+26|WJ8X+F5W,weekday_evening,23.31,1,4,13,3.25,Double Decker Flyover
2026-05-06,XHJ7+MG|WJM6+VC,weekday_evening,21.0,1,5,13,2.17,Central Diagonal 1
2026-05-06,WHR9+R6|XJGF+6J,weekday_evening,18.34,1,6,13,1.08,Central Diagonal 2
2026-05-06,XPC7+72|XM33+J3,weekday_evening,18.19,1,7,13,0.0,Old Airport Road
2026-05-06,2HM2+P8|XJV5+RG,weekday_evening,17.49,1,8,13,-1.08,North Inner Ring
2026-05-06,WGG8+G5|XH7P+G6,weekday_evening,16.97,1,9,13,-2.17,Mysore Road
2026-05-06,XJPW+92|WJP4+FF,weekday_evening,16.46,1,10,13,-3.25,East Inner Ring
2026-05-06,2HVW+G8|XJXR+WG,weekday_evening,15.73,1,11,13,-4.33,North Outer Ring
2026-05-06,WP44+W8|WJFH+XQ,weekday_evening,15.54,1,12,13,-5.42,Sarjapur Road
2026-05-06,XG48+2W|VHWC+C3,weekday_evening,14.34,1,13,13,-6.5,South Outer Ring
2026-05-07,XJG4+7J|5PX4+HQ,weekday_evening,34.19,3,1,13,6.5,Airport Expy
2026-05-07,XMW9+G8|WMJR+V4,weekday_evening,27.67,3,2,13,5.42,East Outer Ring
2026-05-07,VJRQ+2M|RMJJ+F4,weekday_evening,25.61,3,3,13,4.33,Hosur Road
2026-05-07,WH5F+26|WJ8X+F5W,weekday_evening,21.53,3,4,13,3.25,Double Decker Flyover
2026-05-07,WP44+W8|WJFH+XQ,weekday_evening,20.11,3,5,13,2.17,Sarjapur Road
2026-05-07,XHJ7+MG|WJM6+VC,weekday_evening,19.73,3,6,13,1.08,Central Diagonal 1
2026-05-07,WGG8+G5|XH7P+G6,weekday_evening,19.57,3,7,13,0.0,Mysore Road
2026-05-07,2HM2+P8|XJV5+RG,weekday_evening,19.19,3,8,13,-1.08,North Inner Ring
2026-05-07,2HVW+G8|XJXR+WG,weekday_evening,19.08,3,9,13,-2.17,North Outer Ring
2026-05-07,XPC7+72|XM33+J3,weekday_evening,18.18,3,10,13,-3.25,Old Airport Road
2026-05-07,XJPW+92|WJP4+FF,weekday_evening,17.06,3,11,13,-4.33,East Inner Ring
2026-05-07,WHR9+R6|XJGF+6J,weekday_evening,16.55,3,12,13,-5.42,Central Diagonal 2
2026-05-07,XG48+2W|VHWC+C3,weekday_evening,16.02,3,13,13,-6.5,South Outer Ring
2026-05-08,XJG4+7J|5PX4+HQ,weekday_evening,33.03,3,1,13,6.5,Airport Expy
2026-05-08,XMW9+G8|WMJR+V4,weekday_evening,29.02,3,2,13,5.42,East Outer Ring
2026-05-08,VJRQ+2M|RMJJ+F4,weekday_evening,23.93,3,3,13,4.33,Hosur Road
2026-05-08,WH5F+26|WJ8X+F5W,weekday_evening,19.84,3,4,13,3.25,Double Decker Flyover
2026-05-08,WGG8+G5|XH7P+G6,weekday_evening,18.64,3,5,13,2.17,Mysore Road
2026-05-08,WP44+W8|WJFH+XQ,weekday_evening,17.56,3,6,13,1.08,Sarjapur Road
2026-05-08,XPC7+72|XM33+J3,weekday_evening,17.47,3,7,13,0.0,Old Airport Road
2026-05-08,2HM2+P8|XJV5+RG,weekday_evening,17.43,3,8,13,-1.08,North Inner Ring
2026-05-08,2HVW+G8|XJXR+WG,weekday_evening,16.23,3,9,13,-2.17,North Outer Ring
2026-05-08,XHJ7+MG|WJM6+VC,weekday_evening,16.19,3,10,13,-3.25,Central Diagonal 1
2026-05-08,XJPW+92|WJP4+FF,weekday_evening,15.44,3,11,13,-4.33,East Inner Ring
2026-05-08,XG48+2W|VHWC+C3,weekday_evening,15.32,3,12,13,-5.42,South Outer Ring
2026-05-08,WHR9+R6|XJGF+6J,weekday_evening,13.55,3,13,13,-6.5,Central Diagonal 2
2026-05-11,XJG4+7J|5PX4+HQ,weekday_evening,36.09,2,1,13,6.5,Airport Expy
2026-05-11,XMW9+G8|WMJR+V4,weekday_evening,30.17,2,2,13,5.42,East Outer Ring
2026-05-11,VJRQ+2M|RMJJ+F4,weekday_evening,25.51,2,3,13,4.33,Hosur Road
2026-05-11,WH5F+26|WJ8X+F5W,weekday_evening,22.36,2,4,13,3.25,Double Decker Flyover
2026-05-11,WGG8+G5|XH7P+G6,weekday_evening,21.96,2,5,13,2.17,Mysore Road
2026-05-11,WP44+W8|WJFH+XQ,weekday_evening,21.94,2,6,13,1.08,Sarjapur Road
2026-05-11,2HVW+G8|XJXR+WG,weekday_evening,21.63,2,7,13,0.0,North Outer Ring
2026-05-11,XPC7+72|XM33+J3,weekday_evening,21.36,2,8,13,-1.08,Old Airport Road
2026-05-11,XHJ7+MG|WJM6+VC,weekday_evening,20.75,2,9,13,-2.17,Central Diagonal 1
2026-05-11,2HM2+P8|XJV5+RG,weekday_evening,20.61,2,10,13,-3.25,North Inner Ring
2026-05-11,WHR9+R6|XJGF+6J,weekday_evening,18.27,2,11,13,-4.33,Central Diagonal 2
2026-05-11,XJPW+92|WJP4+FF,weekday_evening,18.01,2,12,13,-5.42,East Inner Ring
2026-05-11,XG48+2W|VHWC+C3,weekday_evening,17.02,2,13,13,-6.5,South Outer Ring
2026-05-12,XJG4+7J|5PX4+HQ,weekday_evening,34.45,2,1,13,6.5,Airport Expy
2026-05-12,VJRQ+2M|RMJJ+F4,weekday_evening,26.16,2,2,13,5.42,Hosur Road
2026-05-12,WH5F+26|WJ8X+F5W,weekday_evening,22.11,2,3,13,4.33,Double Decker Flyover
2026-05-12,XMW9+G8|WMJR+V4,weekday_evening,20.64,2,4,13,3.25,East Outer Ring
2026-05-12,2HVW+G8|XJXR+WG,weekday_evening,19.99,2,5,13,2.17,North Outer Ring
2026-05-12,2HM2+P8|XJV5+RG,weekday_evening,19.51,2,6,13,1.08,North Inner Ring
2026-05-12,XHJ7+MG|WJM6+VC,weekday_evening,19.48,2,7,13,0.0,Central Diagonal 1
2026-05-12,WGG8+G5|XH7P+G6,weekday_evening,18.9,2,8,13,-1.08,Mysore Road
2026-05-12,WP44+W8|WJFH+XQ,weekday_evening,18.7,2,9,13,-2.17,Sarjapur Road
2026-05-12,XPC7+72|XM33+J3,weekday_evening,18.68,2,10,13,-3.25,Old Airport Road
2026-05-12,WHR9+R6|XJGF+6J,weekday_evening,17.64,2,11,13,-4.33,Central Diagonal 2
2026-05-12,XJPW+92|WJP4+FF,weekday_evening,17.45,2,12,13,-5.42,East Inner Ring
2026-05-12,XG48+2W|VHWC+C3,weekday_evening,15.94,2,13,13,-6.5,South Outer Ring
2026-05-13,XJG4+7J|5PX4+HQ,weekday_evening,30.04,2,1,13,6.5,Airport Expy
2026-05-13,VJRQ+2M|RMJJ+F4,weekday_evening,19.66,2,2,13,5.42,Hosur Road
2026-05-13,WH5F+26|WJ8X+F5W,weekday_evening,18.05,2,3,13,4.33,Double Decker Flyover
2026-05-13,XMW9+G8|WMJR+V4,weekday_evening,17.68,2,4,13,3.25,East Outer Ring
2026-05-13,XHJ7+MG|WJM6+VC,weekday_evening,16.01,2,5,13,2.17,Central Diagonal 1
2026-05-13,2HM2+P8|XJV5+RG,weekday_evening,16.0,2,6,13,1.08,North Inner Ring
2026-05-13,XPC7+72|XM33+J3,weekday_evening,15.95,2,7,13,0.0,Old Airport Road
2026-05-13,WGG8+G5|XH7P+G6,weekday_evening,15.64,2,8,13,-1.08,Mysore Road
2026-05-13,WHR9+R6|XJGF+6J,weekday_evening,14.38,2,9,13,-2.17,Central Diagonal 2
2026-05-13,WP44+W8|WJFH+XQ,weekday_evening,14.09,2,10,13,-3.25,Sarjapur Road
2026-05-13,XJPW+92|WJP4+FF,weekday_evening,14.04,2,11,13,-4.33,East Inner Ring
2026-05-13,XG48+2W|VHWC+C3,weekday_evening,13.81,2,12,13,-5.42,South Outer Ring
2026-05-13,2HVW+G8|XJXR+WG,weekday_evening,13.1,2,13,13,-6.5,North Outer Ring
2026-05-14,XJG4+7J|5PX4+HQ,weekday_evening,37.08,3,1,13,6.5,Airport Expy
2026-05-14,XMW9+G8|WMJR+V4,weekday_evening,27.06,3,2,13,5.42,East Outer Ring
2026-05-14,VJRQ+2M|RMJJ+F4,weekday_evening,26.98,3,3,13,4.33,Hosur Road
2026-05-14,WH5F+26|WJ8X+F5W,weekday_evening,23.04,3,4,13,3.25,Double Decker Flyover
2026-05-14,WGG8+G5|XH7P+G6,weekday_evening,20.45,3,5,13,2.17,Mysore Road
2026-05-14,XPC7+72|XM33+J3,weekday_evening,19.89,3,6,13,1.08,Old Airport Road
2026-05-14,2HM2+P8|XJV5+RG,weekday_evening,19.84,3,7,13,0.0,North Inner Ring
2026-05-14,XHJ7+MG|WJM6+VC,weekday_evening,19.52,3,8,13,-1.08,Central Diagonal 1
2026-05-14,WP44+W8|WJFH+XQ,weekday_evening,18.8,3,9,13,-2.17,Sarjapur Road
2026-05-14,XJPW+92|WJP4+FF,weekday_evening,17.65,3,10,13,-3.25,East Inner Ring
2026-05-14,WHR9+R6|XJGF+6J,weekday_evening,17.53,3,11,13,-4.33,Central Diagonal 2
2026-05-14,XG48+2W|VHWC+C3,weekday_evening,16.81,3,12,13,-5.42,South Outer Ring
2026-05-14,2HVW+G8|XJXR+WG,weekday_evening,16.65,3,13,13,-6.5,North Outer Ring
2026-05-15,XJG4+7J|5PX4+HQ,weekday_evening,34.09,3,1,13,6.5,Airport Expy
2026-05-15,XMW9+G8|WMJR+V4,weekday_evening,26.76,3,2,13,5.42,East Outer Ring
2026-05-15,VJRQ+2M|RMJJ+F4,weekday_evening,23.47,3,3,13,4.33,Hosur Road
2026-05-15,WGG8+G5|XH7P+G6,weekday_evening,21.14,3,4,13,3.25,Mysore Road
2026-05-15,WH5F+26|WJ8X+F5W,weekday_evening,19.29,3,5,13,2.17,Double Decker Flyover
2026-05-15,2HM2+P8|XJV5+RG,weekday_evening,18.03,3,6,13,1.08,North Inner Ring
2026-05-15,XHJ7+MG|WJM6+VC,weekday_evening,17.73,3,7,13,0.0,Central Diagonal 1
2026-05-15,2HVW+G8|XJXR+WG,weekday_evening,17.25,3,8,13,-1.08,North Outer Ring
2026-05-15,XPC7+72|XM33+J3,weekday_evening,17.17,3,9,13,-2.17,Old Airport Road
2026-05-15,WP44+W8|WJFH+XQ,weekday_evening,16.92,3,10,13,-3.25,Sarjapur Road
2026-05-15,XJPW+92|WJP4+FF,weekday_evening,15.87,3,11,13,-4.33,East Inner Ring
2026-05-15,XG48+2W|VHWC+C3,weekday_evening,15.38,3,12,13,-5.42,South Outer Ring
2026-05-15,WHR9+R6|XJGF+6J,weekday_evening,14.94,3,13,13,-6.5,Central Diagonal 2
2026-05-18,XJG4+7J|5PX4+HQ,weekday_evening,27.48,4,1,13,6.5,Airport Expy
2026-05-18,VJRQ+2M|RMJJ+F4,weekday_evening,26.56,4,2,13,5.42,Hosur Road
2026-05-18,WH5F+26|WJ8X+F5W,weekday_evening,21.84,4,3,13,4.33,Double Decker Flyover
2026-05-18,XMW9+G8|WMJR+V4,weekday_evening,21.37,4,4,13,3.25,East Outer Ring
2026-05-18,WGG8+G5|XH7P+G6,weekday_evening,20.11,4,5,13,2.17,Mysore Road
2026-05-18,2HM2+P8|XJV5+RG,weekday_evening,18.98,4,6,13,1.08,North Inner Ring
2026-05-18,XHJ7+MG|WJM6+VC,weekday_evening,18.36,4,7,13,0.0,Central Diagonal 1
2026-05-18,XJPW+92|WJP4+FF,weekday_evening,17.59,4,8,13,-1.08,East Inner Ring
2026-05-18,WHR9+R6|XJGF+6J,weekday_evening,16.58,4,9,13,-2.17,Central Diagonal 2
2026-05-18,WP44+W8|WJFH+XQ,weekday_evening,16.24,4,10,13,-3.25,Sarjapur Road
2026-05-18,XPC7+72|XM33+J3,weekday_evening,15.77,4,11,13,-4.33,Old Airport Road
2026-05-18,XG48+2W|VHWC+C3,weekday_evening,15.61,4,12,13,-5.42,South Outer Ring
2026-05-18,2HVW+G8|XJXR+WG,weekday_evening,13.74,4,13,13,-6.5,North Outer Ring
2026-05-19,XJG4+7J|5PX4+HQ,weekday_evening,34.41,4,1,13,6.5,Airport Expy
2026-05-19,VJRQ+2M|RMJJ+F4,weekday_evening,24.92,4,2,13,5.42,Hosur Road
2026-05-19,XMW9+G8|WMJR+V4,weekday_evening,23.26,4,3,13,4.33,East Outer Ring
2026-05-19,WGG8+G5|XH7P+G6,weekday_evening,21.35,4,4,13,3.25,Mysore Road
2026-05-19,2HM2+P8|XJV5+RG,weekday_evening,20.09,4,5,13,2.17,North Inner Ring
2026-05-19,WH5F+26|WJ8X+F5W,weekday_evening,19.45,4,6,13,1.08,Double Decker Flyover
2026-05-19,2HVW+G8|XJXR+WG,weekday_evening,19.41,4,7,13,0.0,North Outer Ring
2026-05-19,XHJ7+MG|WJM6+VC,weekday_evening,18.68,4,8,13,-1.08,Central Diagonal 1
2026-05-19,WP44+W8|WJFH+XQ,weekday_evening,17.0,4,9,13,-2.17,Sarjapur Road
2026-05-19,WHR9+R6|XJGF+6J,weekday_evening,16.67,4,10,13,-3.25,Central Diagonal 2
2026-05-19,XJPW+92|WJP4+FF,weekday_evening,16.1,4,11,13,-4.33,East Inner Ring
2026-05-19,XG48+2W|VHWC+C3,weekday_evening,15.61,4,12,13,-5.42,South Outer Ring
2026-05-19,XPC7+72|XM33+J3,weekday_evening,15.57,4,13,13,-6.5,Old Airport Road
2026-05-20,XJG4+7J|5PX4+HQ,weekday_evening,31.98,4,1,13,6.5,Airport Expy
2026-05-20,VJRQ+2M|RMJJ+F4,weekday_evening,23.29,4,2,13,5.42,Hosur Road
2026-05-20,WGG8+G5|XH7P+G6,weekday_evening,20.34,4,3,13,4.33,Mysore Road
2026-05-20,XMW9+G8|WMJR+V4,weekday_evening,20.34,4,4,13,3.25,East Outer Ring
2026-05-20,WH5F+26|WJ8X+F5W,weekday_evening,20.03,4,5,13,2.17,Double Decker Flyover
2026-05-20,2HM2+P8|XJV5+RG,weekday_evening,17.93,4,6,13,1.08,North Inner Ring
2026-05-20,XHJ7+MG|WJM6+VC,weekday_evening,17.7,4,7,13,0.0,Central Diagonal 1
2026-05-20,WP44+W8|WJFH+XQ,weekday_evening,16.66,4,8,13,-1.08,Sarjapur Road
2026-05-20,2HVW+G8|XJXR+WG,weekday_evening,16.31,4,9,13,-2.17,North Outer Ring
2026-05-20,WHR9+R6|XJGF+6J,weekday_evening,16.02,4,10,13,-3.25,Central Diagonal 2
2026-05-20,XJPW+92|WJP4+FF,weekday_evening,15.46,4,11,13,-4.33,East Inner Ring
2026-05-20,XPC7+72|XM33+J3,weekday_evening,15.01,4,12,13,-5.42,Old Airport Road
2026-05-20,XG48+2W|VHWC+C3,weekday_evening,14.91,4,13,13,-6.5,South Outer Ring
2026-05-21,XJG4+7J|5PX4+HQ,weekday_evening,31.73,4,1,13,6.5,Airport Expy
2026-05-21,VJRQ+2M|RMJJ+F4,weekday_evening,22.78,4,2,13,5.42,Hosur Road
2026-05-21,WH5F+26|WJ8X+F5W,weekday_evening,19.87,4,3,13,4.33,Double Decker Flyover
2026-05-21,XMW9+G8|WMJR+V4,weekday_evening,17.83,4,4,13,3.25,East Outer Ring
2026-05-21,WGG8+G5|XH7P+G6,weekday_evening,17.58,4,5,13,2.17,Mysore Road
2026-05-21,2HVW+G8|XJXR+WG,weekday_evening,17.09,4,6,13,1.08,North Outer Ring
2026-05-21,WP44+W8|WJFH+XQ,weekday_evening,17.03,4,7,13,0.0,Sarjapur Road
2026-05-21,2HM2+P8|XJV5+RG,weekday_evening,16.63,4,8,13,-1.08,North Inner Ring
2026-05-21,XHJ7+MG|WJM6+VC,weekday_evening,15.11,4,9,13,-2.17,Central Diagonal 1
2026-05-21,WHR9+R6|XJGF+6J,weekday_evening,14.67,4,10,13,-3.25,Central Diagonal 2
2026-05-21,XG48+2W|VHWC+C3,weekday_evening,14.65,4,11,13,-4.33,South Outer Ring
2026-05-21,XJPW+92|WJP4+FF,weekday_evening,14.47,4,12,13,-5.42,East Inner Ring
2026-05-21,XPC7+72|XM33+J3,weekday_evening,14.32,4,13,13,-6.5,Old Airport Road
2026-05-22,XJG4+7J|5PX4+HQ,weekday_evening,32.19,4,1,13,6.5,Airport Expy
2026-05-22,XMW9+G8|WMJR+V4,weekday_evening,24.19,4,2,13,5.42,East Outer Ring
2026-05-22,VJRQ+2M|RMJJ+F4,weekday_evening,23.91,4,3,13,4.33,Hosur Road
2026-05-22,WH5F+26|WJ8X+F5W,weekday_evening,19.25,4,4,13,3.25,Double Decker Flyover
2026-05-22,WGG8+G5|XH7P+G6,weekday_evening,17.3,4,5,13,2.17,Mysore Road
2026-05-22,2HM2+P8|XJV5+RG,weekday_evening,17.22,4,6,13,1.08,North Inner Ring
2026-05-22,XHJ7+MG|WJM6+VC,weekday_evening,16.96,4,7,13,0.0,Central Diagonal 1
2026-05-22,2HVW+G8|XJXR+WG,weekday_evening,16.65,4,8,13,-1.08,North Outer Ring
2026-05-22,WP44+W8|WJFH+XQ,weekday_evening,16.1,4,9,13,-2.17,Sarjapur Road
2026-05-22,XPC7+72|XM33+J3,weekday_evening,15.18,4,10,13,-3.25,Old Airport Road
2026-05-22,WHR9+R6|XJGF+6J,weekday_evening,15.14,4,11,13,-4.33,Central Diagonal 2
2026-05-22,XG48+2W|VHWC+C3,weekday_evening,14.81,4,12,13,-5.42,South Outer Ring
2026-05-22,XJPW+92|WJP4+FF,weekday_evening,14.66,4,13,13,-6.5,East Inner Ring
2026-05-25,XJG4+7J|5PX4+HQ,weekday_evening,32.46,4,1,12,6.0,Airport Expy
2026-05-25,XMW9+G8|WMJR+V4,weekday_evening,25.25,4,2,12,4.91,East Outer Ring
2026-05-25,VJRQ+2M|RMJJ+F4,weekday_evening,25.12,4,3,12,3.82,Hosur Road
2026-05-25,WH5F+26|WJ8X+F5W,weekday_evening,22.56,4,4,12,2.73,Double Decker Flyover
2026-05-25,WGG8+G5|XH7P+G6,weekday_evening,18.53,4,5,12,1.64,Mysore Road
2026-05-25,2HVW+G8|XJXR+WG,weekday_evening,18.14,4,6,12,0.55,North Outer Ring
2026-05-25,WP44+W8|WJFH+XQ,weekday_evening,18.14,4,7,12,-0.55,Sarjapur Road
2026-05-25,2HM2+P8|XJV5+RG,weekday_evening,17.65,4,8,12,-1.64,North Inner Ring
2026-05-25,XPC7+72|XM33+J3,weekday_evening,17.33,4,9,12,-2.73,Old Airport Road
2026-05-25,XHJ7+MG|WJM6+VC,weekday_evening,17.11,4,10,12,-3.82,Central Diagonal 1
2026-05-25,XJPW+92|WJP4+FF,weekday_evening,16.5,4,11,12,-4.91,East Inner Ring
2026-05-25,WHR9+R6|XJGF+6J,weekday_evening,16.22,4,12,12,-6.0,Central Diagonal 2
2026-05-26,XJG4+7J|5PX4+HQ,weekday_evening,28.81,4,1,12,6.0,Airport Expy
2026-05-26,VJRQ+2M|RMJJ+F4,weekday_evening,23.28,4,2,12,4.91,Hosur Road
2026-05-26,WH5F+26|WJ8X+F5W,weekday_evening,21.9,4,3,12,3.82,Double Decker Flyover
2026-05-26,XMW9+G8|WMJR+V4,weekday_evening,18.46,4,4,12,2.73,East Outer Ring
2026-05-26,WGG8+G5|XH7P+G6,weekday_evening,17.42,4,5,12,1.64,Mysore Road
2026-05-26,2HVW+G8|XJXR+WG,weekday_evening,17.2,4,6,12,0.55,North Outer Ring
2026-05-26,XHJ7+MG|WJM6+VC,weekday_evening,17.14,4,7,12,-0.55,Central Diagonal 1
2026-05-26,2HM2+P8|XJV5+RG,weekday_evening,16.87,4,8,12,-1.64,North Inner Ring
2026-05-26,WHR9+R6|XJGF+6J,weekday_evening,16.14,4,9,12,-2.73,Central Diagonal 2
2026-05-26,WP44+W8|WJFH+XQ,weekday_evening,16.07,4,10,12,-3.82,Sarjapur Road
2026-05-26,XPC7+72|XM33+J3,weekday_evening,15.27,4,11,12,-4.91,Old Airport Road
2026-05-26,XJPW+92|WJP4+FF,weekday_evening,14.99,4,12,12,-6.0,East Inner Ring
2026-05-27,XJG4+7J|5PX4+HQ,weekday_evening,31.51,4,1,12,6.0,Airport Expy
2026-05-27,VJRQ+2M|RMJJ+F4,weekday_evening,25.43,4,2,12,4.91,Hosur Road
2026-05-27,XMW9+G8|WMJR+V4,weekday_evening,22.75,4,3,12,3.82,East Outer Ring
2026-05-27,WH5F+26|WJ8X+F5W,weekday_evening,20.59,4,4,12,2.73,Double Decker Flyover
2026-05-27,XHJ7+MG|WJM6+VC,weekday_evening,17.82,4,5,12,1.64,Central Diagonal 1
2026-05-27,2HVW+G8|XJXR+WG,weekday_evening,17.77,4,6,12,0.55,North Outer Ring
2026-05-27,WGG8+G5|XH7P+G6,weekday_evening,17.24,4,7,12,-0.55,Mysore Road
2026-05-27,2HM2+P8|XJV5+RG,weekday_evening,16.75,4,8,12,-1.64,North Inner Ring
2026-05-27,XPC7+72|XM33+J3,weekday_evening,16.19,4,9,12,-2.73,Old Airport Road
2026-05-27,WHR9+R6|XJGF+6J,weekday_evening,15.93,4,10,12,-3.82,Central Diagonal 2
2026-05-27,XJPW+92|WJP4+FF,weekday_evening,15.92,4,11,12,-4.91,East Inner Ring
2026-05-27,WP44+W8|WJFH+XQ,weekday_evening,15.8,4,12,12,-6.0,Sarjapur Road
2026-05-28,XJG4+7J|5PX4+HQ,weekday_evening,37.17,4,1,12,6.0,Airport Expy
2026-05-28,XMW9+G8|WMJR+V4,weekday_evening,30.29,4,2,12,4.91,East Outer Ring
2026-05-28,VJRQ+2M|RMJJ+F4,weekday_evening,26.54,4,3,12,3.82,Hosur Road
2026-05-28,XPC7+72|XM33+J3,weekday_evening,20.85,4,4,12,2.73,Old Airport Road
2026-05-28,2HM2+P8|XJV5+RG,weekday_evening,20.79,4,5,12,1.64,North Inner Ring
2026-05-28,WGG8+G5|XH7P+G6,weekday_evening,20.53,4,6,12,0.55,Mysore Road
2026-05-28,2HVW+G8|XJXR+WG,weekday_evening,20.2,4,7,12,-0.55,North Outer Ring
2026-05-28,WH5F+26|WJ8X+F5W,weekday_evening,18.46,4,8,12,-1.64,Double Decker Flyover
2026-05-28,WP44+W8|WJFH+XQ,weekday_evening,17.27,4,9,12,-2.73,Sarjapur Road
2026-05-28,XHJ7+MG|WJM6+VC,weekday_evening,17.04,4,10,12,-3.82,Central Diagonal 1
2026-05-28,XJPW+92|WJP4+FF,weekday_evening,16.14,4,11,12,-4.91,East Inner Ring
2026-05-28,WHR9+R6|XJGF+6J,weekday_evening,15.55,4,12,12,-6.0,Central Diagonal 2
2026-05-29,XJG4+7J|5PX4+HQ,weekday_evening,29.58,4,1,12,6.0,Airport Expy
2026-05-29,VJRQ+2M|RMJJ+F4,weekday_evening,24.71,4,2,12,4.91,Hosur Road
2026-05-29,XMW9+G8|WMJR+V4,weekday_evening,23.72,4,3,12,3.82,East Outer Ring
2026-05-29,WH5F+26|WJ8X+F5W,weekday_evening,18.92,4,4,12,2.73,Double Decker Flyover
2026-05-29,2HVW+G8|XJXR+WG,weekday_evening,17.09,4,5,12,1.64,North Outer Ring
2026-05-29,WGG8+G5|XH7P+G6,weekday_evening,16.66,4,6,12,0.55,Mysore Road
2026-05-29,XHJ7+MG|WJM6+VC,weekday_evening,15.54,4,7,12,-0.55,Central Diagonal 1
2026-05-29,WP44+W8|WJFH+XQ,weekday_evening,15.14,4,8,12,-1.64,Sarjapur Road
2026-05-29,2HM2+P8|XJV5+RG,weekday_evening,15.09,4,9,12,-2.73,North Inner Ring
2026-05-29,XPC7+72|XM33+J3,weekday_evening,14.78,4,10,12,-3.82,Old Airport Road
2026-05-29,XJPW+92|WJP4+FF,weekday_evening,14.23,4,11,12,-4.91,East Inner Ring
2026-05-29,WHR9+R6|XJGF+6J,weekday_evening,13.44,4,12,12,-6.0,Central Diagonal 2
2026-06-01,XJG4+7J|5PX4+HQ,weekday_evening,31.97,4,1,12,6.0,Airport Expy
2026-06-01,XMW9+G8|WMJR+V4,weekday_evening,27.19,4,2,12,4.91,East Outer Ring
2026-06-01,VJRQ+2M|RMJJ+F4,weekday_evening,25.74,4,3,12,3.82,Hosur Road
2026-06-01,WH5F+26|WJ8X+F5W,weekday_evening,21.11,4,4,12,2.73,Double Decker Flyover
2026-06-01,2HVW+G8|XJXR+WG,weekday_evening,19.47,4,5,12,1.64,North Outer Ring
2026-06-01,WGG8+G5|XH7P+G6,weekday_evening,19.44,4,6,12,0.55,Mysore Road
2026-06-01,2HM2+P8|XJV5+RG,weekday_evening,19.37,4,7,12,-0.55,North Inner Ring
2026-06-01,XHJ7+MG|WJM6+VC,weekday_evening,18.48,4,8,12,-1.64,Central Diagonal 1
2026-06-01,XJPW+92|WJP4+FF,weekday_evening,16.89,4,9,12,-2.73,East Inner Ring
2026-06-01,WHR9+R6|XJGF+6J,weekday_evening,16.42,4,10,12,-3.82,Central Diagonal 2
2026-06-01,WP44+W8|WJFH+XQ,weekday_evening,15.97,4,11,12,-4.91,Sarjapur Road
2026-06-01,XPC7+72|XM33+J3,weekday_evening,15.83,4,12,12,-6.0,Old Airport Road
2026-06-02,XJG4+7J|5PX4+HQ,weekday_evening,29.3,4,1,12,6.0,Airport Expy
2026-06-02,VJRQ+2M|RMJJ+F4,weekday_evening,25.71,4,2,12,4.91,Hosur Road
2026-06-02,WH5F+26|WJ8X+F5W,weekday_evening,22.96,4,3,12,3.82,Double Decker Flyover
2026-06-02,WGG8+G5|XH7P+G6,weekday_evening,19.84,4,4,12,2.73,Mysore Road
2026-06-02,2HM2+P8|XJV5+RG,weekday_evening,17.59,4,5,12,1.64,North Inner Ring
2026-06-02,2HVW+G8|XJXR+WG,weekday_evening,17.53,4,6,12,0.55,North Outer Ring
2026-06-02,XHJ7+MG|WJM6+VC,weekday_evening,17.52,4,7,12,-0.55,Central Diagonal 1
2026-06-02,WP44+W8|WJFH+XQ,weekday_evening,15.46,4,8,12,-1.64,Sarjapur Road
2026-06-02,WHR9+R6|XJGF+6J,weekday_evening,15.16,4,9,12,-2.73,Central Diagonal 2
2026-06-02,XJPW+92|WJP4+FF,weekday_evening,14.78,4,10,12,-3.82,East Inner Ring
2026-06-02,XPC7+72|XM33+J3,weekday_evening,10.3,4,11,12,-4.91,Old Airport Road
2026-06-02,XMW9+G8|WMJR+V4,weekday_evening,8.27,4,12,12,-6.0,East Outer Ring
2026-06-03,XJG4+7J|5PX4+HQ,weekday_evening,31.92,4,1,12,6.0,Airport Expy
2026-06-03,VJRQ+2M|RMJJ+F4,weekday_evening,21.69,4,2,12,4.91,Hosur Road
2026-06-03,WH5F+26|WJ8X+F5W,weekday_evening,20.89,4,3,12,3.82,Double Decker Flyover
2026-06-03,WGG8+G5|XH7P+G6,weekday_evening,19.9,4,4,12,2.73,Mysore Road
2026-06-03,2HM2+P8|XJV5+RG,weekday_evening,17.98,4,5,12,1.64,North Inner Ring
2026-06-03,XHJ7+MG|WJM6+VC,weekday_evening,17.83,4,6,12,0.55,Central Diagonal 1
2026-06-03,XMW9+G8|WMJR+V4,weekday_evening,17.83,4,7,12,-0.55,East Outer Ring
2026-06-03,2HVW+G8|XJXR+WG,weekday_evening,16.17,4,8,12,-1.64,North Outer Ring
2026-06-03,XJPW+92|WJP4+FF,weekday_evening,15.22,4,9,12,-2.73,East Inner Ring
2026-06-03,WHR9+R6|XJGF+6J,weekday_evening,15.17,4,10,12,-3.82,Central Diagonal 2
2026-06-03,WP44+W8|WJFH+XQ,weekday_evening,15.04,4,11,12,-4.91,Sarjapur Road
2026-06-03,XPC7+72|XM33+J3,weekday_evening,13.88,4,12,12,-6.0,Old Airport Road
2026-06-04,XJG4+7J|5PX4+HQ,weekday_evening,30.56,4,1,12,6.0,Airport Expy
2026-06-04,XMW9+G8|WMJR+V4,weekday_evening,22.82,4,2,12,4.91,East Outer Ring
2026-06-04,VJRQ+2M|RMJJ+F4,weekday_evening,21.99,4,3,12,3.82,Hosur Road
2026-06-04,WH5F+26|WJ8X+F5W,weekday_evening,21.31,4,4,12,2.73,Double Decker Flyover
2026-06-04,WGG8+G5|XH7P+G6,weekday_evening,20.53,4,5,12,1.64,Mysore Road
2026-06-04,2HM2+P8|XJV5+RG,weekday_evening,19.63,4,6,12,0.55,North Inner Ring
2026-06-04,2HVW+G8|XJXR+WG,weekday_evening,18.21,4,7,12,-0.55,North Outer Ring
2026-06-04,XHJ7+MG|WJM6+VC,weekday_evening,17.19,4,8,12,-1.64,Central Diagonal 1
2026-06-04,XPC7+72|XM33+J3,weekday_evening,15.6,4,9,12,-2.73,Old Airport Road
2026-06-04,WP44+W8|WJFH+XQ,weekday_evening,15.4,4,10,12,-3.82,Sarjapur Road
2026-06-04,WHR9+R6|XJGF+6J,weekday_evening,15.28,4,11,12,-4.91,Central Diagonal 2
2026-06-04,XJPW+92|WJP4+FF,weekday_evening,14.85,4,12,12,-6.0,East Inner Ring
2026-06-05,XJG4+7J|5PX4+HQ,weekday_evening,30.95,4,1,12,6.0,Airport Expy
2026-06-05,XMW9+G8|WMJR+V4,weekday_evening,24.46,4,2,12,4.91,East Outer Ring
2026-06-05,VJRQ+2M|RMJJ+F4,weekday_evening,23.49,4,3,12,3.82,Hosur Road
2026-06-05,WH5F+26|WJ8X+F5W,weekday_evening,21.28,4,4,12,2.73,Double Decker Flyover
2026-06-05,WGG8+G5|XH7P+G6,weekday_evening,18.86,4,5,12,1.64,Mysore Road
2026-06-05,XHJ7+MG|WJM6+VC,weekday_evening,17.25,4,6,12,0.55,Central Diagonal 1
2026-06-05,2HM2+P8|XJV5+RG,weekday_evening,17.02,4,7,12,-0.55,North Inner Ring
2026-06-05,WP44+W8|WJFH+XQ,weekday_evening,15.47,4,8,12,-1.64,Sarjapur Road
2026-06-05,2HVW+G8|XJXR+WG,weekday_evening,15.04,4,9,12,-2.73,North Outer Ring
2026-06-05,XJPW+92|WJP4+FF,weekday_evening,14.92,4,10,12,-3.82,East Inner Ring
2026-06-05,XPC7+72|XM33+J3,weekday_evening,14.23,4,11,12,-4.91,Old Airport Road
2026-06-05,WHR9+R6|XJGF+6J,weekday_evening,14.22,4,12,12,-6.0,Central Diagonal 2
2026-06-08,XJG4+7J|5PX4+HQ,weekday_evening,31.53,4,1,12,6.0,Airport Expy
2026-06-08,XMW9+G8|WMJR+V4,weekday_evening,25.64,4,2,12,4.91,East Outer Ring
2026-06-08,VJRQ+2M|RMJJ+F4,weekday_evening,23.58,4,3,12,3.82,Hosur Road
2026-06-08,WH5F+26|WJ8X+F5W,weekday_evening,22.31,4,4,12,2.73,Double Decker Flyover
2026-06-08,WGG8+G5|XH7P+G6,weekday_evening,19.8,4,5,12,1.64,Mysore Road
2026-06-08,XHJ7+MG|WJM6+VC,weekday_evening,18.75,4,6,12,0.55,Central Diagonal 1
2026-06-08,2HVW+G8|XJXR+WG,weekday_evening,18.2,4,7,12,-0.55,North Outer Ring
2026-06-08,2HM2+P8|XJV5+RG,weekday_evening,17.42,4,8,12,-1.64,North Inner Ring
2026-06-08,WP44+W8|WJFH+XQ,weekday_evening,16.68,4,9,12,-2.73,Sarjapur Road
2026-06-08,WHR9+R6|XJGF+6J,weekday_evening,16.57,4,10,12,-3.82,Central Diagonal 2
2026-06-08,XPC7+72|XM33+J3,weekday_evening,16.2,4,11,12,-4.91,Old Airport Road
2026-06-08,XJPW+92|WJP4+FF,weekday_evening,15.78,4,12,12,-6.0,East Inner Ring
2026-06-09,XJG4+7J|5PX4+HQ,weekday_evening,33.41,12,1,12,6.0,Airport Expy
2026-06-09,VJRQ+2M|RMJJ+F4,weekday_evening,24.66,12,2,12,4.91,Hosur Road
2026-06-09,XMW9+G8|WMJR+V4,weekday_evening,23.12,12,3,12,3.82,East Outer Ring
2026-06-09,WH5F+26|WJ8X+F5W,weekday_evening,22.97,12,4,12,2.73,Double Decker Flyover
2026-06-09,WGG8+G5|XH7P+G6,weekday_evening,20.1,12,5,12,1.64,Mysore Road
2026-06-09,2HM2+P8|XJV5+RG,weekday_evening,19.84,12,6,12,0.55,North Inner Ring
2026-06-09,XHJ7+MG|WJM6+VC,weekday_evening,18.8,12,7,12,-0.55,Central Diagonal 1
2026-06-09,2HVW+G8|XJXR+WG,weekday_evening,18.4,12,8,12,-1.64,North Outer Ring
2026-06-09,WHR9+R6|XJGF+6J,weekday_evening,17.01,12,9,12,-2.73,Central Diagonal 2
2026-06-09,XJPW+92|WJP4+FF,weekday_evening,16.29,12,10,12,-3.82,East Inner Ring
2026-06-09,XPC7+72|XM33+J3,weekday_evening,16.29,12,11,12,-4.91,Old Airport Road
2026-06-09,WP44+W8|WJFH+XQ,weekday_evening,15.88,12,12,12,-6.0,Sarjapur Road
2026-06-10,XJG4+7J|5PX4+HQ,weekday_evening,28.53,9,1,12,6.0,Airport Expy
2026-06-10,VJRQ+2M|RMJJ+F4,weekday_evening,21.91,9,2,12,4.91,Hosur Road
2026-06-10,WH5F+26|WJ8X+F5W,weekday_evening,21.79,9,3,12,3.82,Double Decker Flyover
2026-06-10,XMW9+G8|WMJR+V4,weekday_evening,20.6,9,4,12,2.73,East Outer Ring
2026-06-10,WGG8+G5|XH7P+G6,weekday_evening,18.15,9,5,12,1.64,Mysore Road
2026-06-10,XHJ7+MG|WJM6+VC,weekday_evening,17.54,9,6,12,0.55,Central Diagonal 1
2026-06-10,2HM2+P8|XJV5+RG,weekday_evening,16.85,9,7,12,-0.55,North Inner Ring
2026-06-10,2HVW+G8|XJXR+WG,weekday_evening,15.84,9,8,12,-1.64,North Outer Ring
2026-06-10,WP44+W8|WJFH+XQ,weekday_evening,15.73,9,9,12,-2.73,Sarjapur Road
2026-06-10,WHR9+R6|XJGF+6J,weekday_evening,15.57,9,10,12,-3.82,Central Diagonal 2
2026-06-10,XJPW+92|WJP4+FF,weekday_evening,14.91,9,11,12,-4.91,East Inner Ring
2026-06-10,XPC7+72|XM33+J3,weekday_evening,14.65,9,12,12,-6.0,Old Airport Road
2025-09-27,XJG4+7J|5PX4+HQ,weekends,37.11,16,1,11,5.5,Airport Expy
2025-09-27,XMW9+G8|WMJR+V4,weekends,31.23,16,2,11,4.4,East Outer Ring
2025-09-27,VJRQ+2M|RMJJ+F4,weekends,25.78,16,3,11,3.3,Hosur Road
2025-09-27,WH5F+26|WJ8X+F5W,weekends,25.17,16,4,11,2.2,Double Decker Flyover
2025-09-27,XPC7+72|XM33+J3,weekends,22.93,16,5,11,1.1,Old Airport Road
2025-09-27,XJPW+92|WJP4+FF,weekends,19.83,16,6,11,0.0,East Inner Ring
2025-09-27,2HM2+P8|XJV5+RG,weekends,19.75,16,7,11,-1.1,North Inner Ring
2025-09-27,XHJ7+MG|WJM6+VC,weekends,19.15,16,8,11,-2.2,Central Diagonal 1
2025-09-27,2HVW+G8|XJXR+WG,weekends,18.51,16,9,11,-3.3,North Outer Ring
2025-09-27,WHR9+R6|XJGF+6J,weekends,17.43,16,10,11,-4.4,Central Diagonal 2
2025-09-27,XG48+2W|VHWC+C3,weekends,16.83,16,11,11,-5.5,South Outer Ring
2025-09-28,XJG4+7J|5PX4+HQ,weekends,41.72,16,1,11,5.5,Airport Expy
2025-09-28,XMW9+G8|WMJR+V4,weekends,35.25,16,2,11,4.4,East Outer Ring
2025-09-28,VJRQ+2M|RMJJ+F4,weekends,31.38,16,3,11,3.3,Hosur Road
2025-09-28,WH5F+26|WJ8X+F5W,weekends,26.31,16,4,11,2.2,Double Decker Flyover
2025-09-28,XPC7+72|XM33+J3,weekends,23.88,16,5,11,1.1,Old Airport Road
2025-09-28,XHJ7+MG|WJM6+VC,weekends,22.34,16,6,11,0.0,Central Diagonal 1
2025-09-28,2HM2+P8|XJV5+RG,weekends,21.71,16,7,11,-1.1,North Inner Ring
2025-09-28,XJPW+92|WJP4+FF,weekends,21.58,16,8,11,-2.2,East Inner Ring
2025-09-28,2HVW+G8|XJXR+WG,weekends,20.83,16,9,11,-3.3,North Outer Ring
2025-09-28,WHR9+R6|XJGF+6J,weekends,19.76,16,10,11,-4.4,Central Diagonal 2
2025-09-28,XG48+2W|VHWC+C3,weekends,19.2,16,11,11,-5.5,South Outer Ring
2025-10-04,XJG4+7J|5PX4+HQ,weekends,39.86,16,1,12,6.0,Airport Expy
2025-10-04,XMW9+G8|WMJR+V4,weekends,33.17,16,2,12,4.91,East Outer Ring
2025-10-04,VJRQ+2M|RMJJ+F4,weekends,30.41,16,3,12,3.82,Hosur Road
2025-10-04,WH5F+26|WJ8X+F5W,weekends,26.74,16,4,12,2.73,Double Decker Flyover
2025-10-04,XPC7+72|XM33+J3,weekends,24.33,16,5,12,1.64,Old Airport Road
2025-10-04,2HM2+P8|XJV5+RG,weekends,21.6,16,6,12,0.55,North Inner Ring
2025-10-04,2HVW+G8|XJXR+WG,weekends,21.26,16,7,12,-0.55,North Outer Ring
2025-10-04,WGG8+G5|XH7P+G6,weekends,20.82,16,8,12,-1.64,Mysore Road
2025-10-04,XJPW+92|WJP4+FF,weekends,20.39,16,9,12,-2.73,East Inner Ring
2025-10-04,XHJ7+MG|WJM6+VC,weekends,20.36,16,10,12,-3.82,Central Diagonal 1
2025-10-04,WHR9+R6|XJGF+6J,weekends,18.41,16,11,12,-4.91,Central Diagonal 2
2025-10-04,XG48+2W|VHWC+C3,weekends,17.97,16,12,12,-6.0,South Outer Ring
2025-10-05,XJG4+7J|5PX4+HQ,weekends,42.69,16,1,12,6.0,Airport Expy
2025-10-05,XMW9+G8|WMJR+V4,weekends,32.78,16,2,12,4.91,East Outer Ring
2025-10-05,VJRQ+2M|RMJJ+F4,weekends,31.69,16,3,12,3.82,Hosur Road
2025-10-05,WH5F+26|WJ8X+F5W,weekends,28.13,16,4,12,2.73,Double Decker Flyover
2025-10-05,XPC7+72|XM33+J3,weekends,25.72,16,5,12,1.64,Old Airport Road
2025-10-05,WGG8+G5|XH7P+G6,weekends,23.79,16,6,12,0.55,Mysore Road
2025-10-05,XHJ7+MG|WJM6+VC,weekends,22.91,16,7,12,-0.55,Central Diagonal 1
2025-10-05,2HM2+P8|XJV5+RG,weekends,22.67,16,8,12,-1.64,North Inner Ring
2025-10-05,2HVW+G8|XJXR+WG,weekends,22.55,16,9,12,-2.73,North Outer Ring
2025-10-05,XJPW+92|WJP4+FF,weekends,21.45,16,10,12,-3.82,East Inner Ring
2025-10-05,WHR9+R6|XJGF+6J,weekends,20.0,16,11,12,-4.91,Central Diagonal 2
2025-10-05,XG48+2W|VHWC+C3,weekends,19.98,16,12,12,-6.0,South Outer Ring
2025-10-11,XJG4+7J|5PX4+HQ,weekends,37.23,16,1,13,6.5,Airport Expy
2025-10-11,XMW9+G8|WMJR+V4,weekends,31.02,16,2,13,5.42,East Outer Ring
2025-10-11,VJRQ+2M|RMJJ+F4,weekends,25.56,16,3,13,4.33,Hosur Road
2025-10-11,WH5F+26|WJ8X+F5W,weekends,24.92,16,4,13,3.25,Double Decker Flyover
2025-10-11,XPC7+72|XM33+J3,weekends,21.9,16,5,13,2.17,Old Airport Road
2025-10-11,2HM2+P8|XJV5+RG,weekends,19.11,16,6,13,1.08,North Inner Ring
2025-10-11,XHJ7+MG|WJM6+VC,weekends,18.7,16,7,13,0.0,Central Diagonal 1
2025-10-11,XJPW+92|WJP4+FF,weekends,18.6,16,8,13,-1.08,East Inner Ring
2025-10-11,WP44+W8|WJFH+XQ,weekends,18.43,16,9,13,-2.17,Sarjapur Road
2025-10-11,2HVW+G8|XJXR+WG,weekends,18.03,16,10,13,-3.25,North Outer Ring
2025-10-11,WGG8+G5|XH7P+G6,weekends,17.57,16,11,13,-4.33,Mysore Road
2025-10-11,WHR9+R6|XJGF+6J,weekends,16.69,16,12,13,-5.42,Central Diagonal 2
2025-10-11,XG48+2W|VHWC+C3,weekends,16.59,16,13,13,-6.5,South Outer Ring
2025-10-12,XJG4+7J|5PX4+HQ,weekends,41.5,16,1,13,6.5,Airport Expy
2025-10-12,XMW9+G8|WMJR+V4,weekends,32.58,16,2,13,5.42,East Outer Ring
2025-10-12,VJRQ+2M|RMJJ+F4,weekends,30.79,16,3,13,4.33,Hosur Road
2025-10-12,WH5F+26|WJ8X+F5W,weekends,27.39,16,4,13,3.25,Double Decker Flyover
2025-10-12,XPC7+72|XM33+J3,weekends,23.88,16,5,13,2.17,Old Airport Road
2025-10-12,2HM2+P8|XJV5+RG,weekends,22.78,16,6,13,1.08,North Inner Ring
2025-10-12,WP44+W8|WJFH+XQ,weekends,22.51,16,7,13,0.0,Sarjapur Road
2025-10-12,XHJ7+MG|WJM6+VC,weekends,22.05,16,8,13,-1.08,Central Diagonal 1
2025-10-12,WGG8+G5|XH7P+G6,weekends,21.5,16,9,13,-2.17,Mysore Road
2025-10-12,XJPW+92|WJP4+FF,weekends,20.71,16,10,13,-3.25,East Inner Ring
2025-10-12,2HVW+G8|XJXR+WG,weekends,20.61,16,11,13,-4.33,North Outer Ring
2025-10-12,WHR9+R6|XJGF+6J,weekends,19.26,16,12,13,-5.42,Central Diagonal 2
2025-10-12,XG48+2W|VHWC+C3,weekends,18.92,16,13,13,-6.5,South Outer Ring
2025-10-18,XJG4+7J|5PX4+HQ,weekends,36.63,16,1,13,6.5,Airport Expy
2025-10-18,XMW9+G8|WMJR+V4,weekends,31.41,16,2,13,5.42,East Outer Ring
2025-10-18,VJRQ+2M|RMJJ+F4,weekends,26.37,16,3,13,4.33,Hosur Road
2025-10-18,WH5F+26|WJ8X+F5W,weekends,24.64,16,4,13,3.25,Double Decker Flyover
2025-10-18,XPC7+72|XM33+J3,weekends,22.47,16,5,13,2.17,Old Airport Road
2025-10-18,WP44+W8|WJFH+XQ,weekends,19.57,16,6,13,1.08,Sarjapur Road
2025-10-18,XJPW+92|WJP4+FF,weekends,19.44,16,7,13,0.0,East Inner Ring
2025-10-18,2HM2+P8|XJV5+RG,weekends,19.43,16,8,13,-1.08,North Inner Ring
2025-10-18,2HVW+G8|XJXR+WG,weekends,18.46,16,9,13,-2.17,North Outer Ring
2025-10-18,XHJ7+MG|WJM6+VC,weekends,18.29,16,10,13,-3.25,Central Diagonal 1
2025-10-18,WGG8+G5|XH7P+G6,weekends,18.15,16,11,13,-4.33,Mysore Road
2025-10-18,WHR9+R6|XJGF+6J,weekends,17.26,16,12,13,-5.42,Central Diagonal 2
2025-10-18,XG48+2W|VHWC+C3,weekends,16.41,16,13,13,-6.5,South Outer Ring
2025-10-19,XJG4+7J|5PX4+HQ,weekends,42.99,16,1,13,6.5,Airport Expy
2025-10-19,XMW9+G8|WMJR+V4,weekends,36.01,16,2,13,5.42,East Outer Ring
2025-10-19,VJRQ+2M|RMJJ+F4,weekends,30.62,16,3,13,4.33,Hosur Road
2025-10-19,WH5F+26|WJ8X+F5W,weekends,28.42,16,4,13,3.25,Double Decker Flyover
2025-10-19,XPC7+72|XM33+J3,weekends,25.7,16,5,13,2.17,Old Airport Road
2025-10-19,WGG8+G5|XH7P+G6,weekends,24.27,16,6,13,1.08,Mysore Road
2025-10-19,WP44+W8|WJFH+XQ,weekends,23.68,16,7,13,0.0,Sarjapur Road
2025-10-19,2HM2+P8|XJV5+RG,weekends,23.19,16,8,13,-1.08,North Inner Ring
2025-10-19,XHJ7+MG|WJM6+VC,weekends,22.96,16,9,13,-2.17,Central Diagonal 1
2025-10-19,2HVW+G8|XJXR+WG,weekends,22.18,16,10,13,-3.25,North Outer Ring
2025-10-19,XJPW+92|WJP4+FF,weekends,21.66,16,11,13,-4.33,East Inner Ring
2025-10-19,WHR9+R6|XJGF+6J,weekends,19.33,16,12,13,-5.42,Central Diagonal 2
2025-10-19,XG48+2W|VHWC+C3,weekends,19.28,16,13,13,-6.5,South Outer Ring
2025-10-25,XJG4+7J|5PX4+HQ,weekends,39.32,16,1,13,6.5,Airport Expy
2025-10-25,XMW9+G8|WMJR+V4,weekends,32.94,16,2,13,5.42,East Outer Ring
2025-10-25,VJRQ+2M|RMJJ+F4,weekends,28.06,16,3,13,4.33,Hosur Road
2025-10-25,WH5F+26|WJ8X+F5W,weekends,25.7,16,4,13,3.25,Double Decker Flyover
2025-10-25,XPC7+72|XM33+J3,weekends,23.93,16,5,13,2.17,Old Airport Road
2025-10-25,WP44+W8|WJFH+XQ,weekends,21.07,16,6,13,1.08,Sarjapur Road
2025-10-25,2HM2+P8|XJV5+RG,weekends,20.99,16,7,13,0.0,North Inner Ring
2025-10-25,XHJ7+MG|WJM6+VC,weekends,19.92,16,8,13,-1.08,Central Diagonal 1
2025-10-25,XJPW+92|WJP4+FF,weekends,19.9,16,9,13,-2.17,East Inner Ring
2025-10-25,2HVW+G8|XJXR+WG,weekends,19.55,16,10,13,-3.25,North Outer Ring
2025-10-25,WGG8+G5|XH7P+G6,weekends,19.44,16,11,13,-4.33,Mysore Road
2025-10-25,WHR9+R6|XJGF+6J,weekends,17.46,16,12,13,-5.42,Central Diagonal 2
2025-10-25,XG48+2W|VHWC+C3,weekends,16.89,16,13,13,-6.5,South Outer Ring
2025-10-26,XJG4+7J|5PX4+HQ,weekends,43.18,16,1,13,6.5,Airport Expy
2025-10-26,XMW9+G8|WMJR+V4,weekends,35.47,16,2,13,5.42,East Outer Ring
2025-10-26,VJRQ+2M|RMJJ+F4,weekends,31.47,16,3,13,4.33,Hosur Road
2025-10-26,WH5F+26|WJ8X+F5W,weekends,27.42,16,4,13,3.25,Double Decker Flyover
2025-10-26,XPC7+72|XM33+J3,weekends,25.49,16,5,13,2.17,Old Airport Road
2025-10-26,WP44+W8|WJFH+XQ,weekends,24.19,16,6,13,1.08,Sarjapur Road
2025-10-26,WGG8+G5|XH7P+G6,weekends,24.06,16,7,13,0.0,Mysore Road
2025-10-26,XHJ7+MG|WJM6+VC,weekends,23.45,16,8,13,-1.08,Central Diagonal 1
2025-10-26,2HM2+P8|XJV5+RG,weekends,23.03,16,9,13,-2.17,North Inner Ring
2025-10-26,2HVW+G8|XJXR+WG,weekends,22.03,16,10,13,-3.25,North Outer Ring
2025-10-26,XJPW+92|WJP4+FF,weekends,21.44,16,11,13,-4.33,East Inner Ring
2025-10-26,WHR9+R6|XJGF+6J,weekends,19.55,16,12,13,-5.42,Central Diagonal 2
2025-10-26,XG48+2W|VHWC+C3,weekends,19.26,16,13,13,-6.5,South Outer Ring
2025-11-01,XJG4+7J|5PX4+HQ,weekends,40.84,16,1,13,6.5,Airport Expy
2025-11-01,XMW9+G8|WMJR+V4,weekends,35.95,16,2,13,5.42,East Outer Ring
2025-11-01,VJRQ+2M|RMJJ+F4,weekends,31.29,16,3,13,4.33,Hosur Road
2025-11-01,WH5F+26|WJ8X+F5W,weekends,27.55,16,4,13,3.25,Double Decker Flyover
2025-11-01,XPC7+72|XM33+J3,weekends,23.86,16,5,13,2.17,Old Airport Road
2025-11-01,WGG8+G5|XH7P+G6,weekends,22.12,16,6,13,1.08,Mysore Road
2025-11-01,2HM2+P8|XJV5+RG,weekends,22.1,16,7,13,0.0,North Inner Ring
2025-11-01,2HVW+G8|XJXR+WG,weekends,21.56,16,8,13,-1.08,North Outer Ring
2025-11-01,XHJ7+MG|WJM6+VC,weekends,21.14,16,9,13,-2.17,Central Diagonal 1
2025-11-01,WP44+W8|WJFH+XQ,weekends,21.08,16,10,13,-3.25,Sarjapur Road
2025-11-01,XJPW+92|WJP4+FF,weekends,20.71,16,11,13,-4.33,East Inner Ring
2025-11-01,WHR9+R6|XJGF+6J,weekends,18.53,16,12,13,-5.42,Central Diagonal 2
2025-11-01,XG48+2W|VHWC+C3,weekends,17.68,16,13,13,-6.5,South Outer Ring
2025-11-02,XJG4+7J|5PX4+HQ,weekends,42.28,16,1,13,6.5,Airport Expy
2025-11-02,XMW9+G8|WMJR+V4,weekends,35.46,16,2,13,5.42,East Outer Ring
2025-11-02,VJRQ+2M|RMJJ+F4,weekends,31.68,16,3,13,4.33,Hosur Road
2025-11-02,WH5F+26|WJ8X+F5W,weekends,28.02,16,4,13,3.25,Double Decker Flyover
2025-11-02,XPC7+72|XM33+J3,weekends,24.23,16,5,13,2.17,Old Airport Road
2025-11-02,WGG8+G5|XH7P+G6,weekends,23.46,16,6,13,1.08,Mysore Road
2025-11-02,2HM2+P8|XJV5+RG,weekends,23.01,16,7,13,0.0,North Inner Ring
2025-11-02,XHJ7+MG|WJM6+VC,weekends,22.51,16,8,13,-1.08,Central Diagonal 1
2025-11-02,WP44+W8|WJFH+XQ,weekends,22.44,16,9,13,-2.17,Sarjapur Road
2025-11-02,2HVW+G8|XJXR+WG,weekends,21.66,16,10,13,-3.25,North Outer Ring
2025-11-02,XJPW+92|WJP4+FF,weekends,21.44,16,11,13,-4.33,East Inner Ring
2025-11-02,WHR9+R6|XJGF+6J,weekends,19.51,16,12,13,-5.42,Central Diagonal 2
2025-11-02,XG48+2W|VHWC+C3,weekends,19.0,16,13,13,-6.5,South Outer Ring
2025-11-08,XJG4+7J|5PX4+HQ,weekends,36.54,16,1,13,6.5,Airport Expy
2025-11-08,XMW9+G8|WMJR+V4,weekends,31.57,16,2,13,5.42,East Outer Ring
2025-11-08,VJRQ+2M|RMJJ+F4,weekends,26.78,16,3,13,4.33,Hosur Road
2025-11-08,WH5F+26|WJ8X+F5W,weekends,25.35,16,4,13,3.25,Double Decker Flyover
2025-11-08,XPC7+72|XM33+J3,weekends,22.44,16,5,13,2.17,Old Airport Road
2025-11-08,2HM2+P8|XJV5+RG,weekends,20.22,16,6,13,1.08,North Inner Ring
2025-11-08,XHJ7+MG|WJM6+VC,weekends,19.94,16,7,13,0.0,Central Diagonal 1
2025-11-08,WGG8+G5|XH7P+G6,weekends,19.77,16,8,13,-1.08,Mysore Road
2025-11-08,2HVW+G8|XJXR+WG,weekends,19.56,16,9,13,-2.17,North Outer Ring
2025-11-08,XJPW+92|WJP4+FF,weekends,19.47,16,10,13,-3.25,East Inner Ring
2025-11-08,WP44+W8|WJFH+XQ,weekends,19.22,16,11,13,-4.33,Sarjapur Road
2025-11-08,WHR9+R6|XJGF+6J,weekends,17.52,16,12,13,-5.42,Central Diagonal 2
2025-11-08,XG48+2W|VHWC+C3,weekends,17.26,16,13,13,-6.5,South Outer Ring
2025-11-09,XJG4+7J|5PX4+HQ,weekends,40.74,16,1,13,6.5,Airport Expy
2025-11-09,XMW9+G8|WMJR+V4,weekends,34.65,16,2,13,5.42,East Outer Ring
2025-11-09,VJRQ+2M|RMJJ+F4,weekends,31.11,16,3,13,4.33,Hosur Road
2025-11-09,WH5F+26|WJ8X+F5W,weekends,26.81,16,4,13,3.25,Double Decker Flyover
2025-11-09,XPC7+72|XM33+J3,weekends,24.12,16,5,13,2.17,Old Airport Road
2025-11-09,WGG8+G5|XH7P+G6,weekends,23.58,16,6,13,1.08,Mysore Road
2025-11-09,2HM2+P8|XJV5+RG,weekends,22.8,16,7,13,0.0,North Inner Ring
2025-11-09,XHJ7+MG|WJM6+VC,weekends,22.18,16,8,13,-1.08,Central Diagonal 1
2025-11-09,WP44+W8|WJFH+XQ,weekends,21.91,16,9,13,-2.17,Sarjapur Road
2025-11-09,2HVW+G8|XJXR+WG,weekends,21.34,16,10,13,-3.25,North Outer Ring
2025-11-09,XJPW+92|WJP4+FF,weekends,21.04,16,11,13,-4.33,East Inner Ring
2025-11-09,WHR9+R6|XJGF+6J,weekends,19.53,16,12,13,-5.42,Central Diagonal 2
2025-11-09,XG48+2W|VHWC+C3,weekends,18.87,16,13,13,-6.5,South Outer Ring
2025-11-15,XJG4+7J|5PX4+HQ,weekends,35.45,16,1,13,6.5,Airport Expy
2025-11-15,XMW9+G8|WMJR+V4,weekends,30.39,16,2,13,5.42,East Outer Ring
2025-11-15,VJRQ+2M|RMJJ+F4,weekends,27.31,16,3,13,4.33,Hosur Road
2025-11-15,WH5F+26|WJ8X+F5W,weekends,24.96,16,4,13,3.25,Double Decker Flyover
2025-11-15,XPC7+72|XM33+J3,weekends,21.16,16,5,13,2.17,Old Airport Road
2025-11-15,2HM2+P8|XJV5+RG,weekends,20.12,16,6,13,1.08,North Inner Ring
2025-11-15,WGG8+G5|XH7P+G6,weekends,19.55,16,7,13,0.0,Mysore Road
2025-11-15,XJPW+92|WJP4+FF,weekends,19.23,16,8,13,-1.08,East Inner Ring
2025-11-15,2HVW+G8|XJXR+WG,weekends,19.01,16,9,13,-2.17,North Outer Ring
2025-11-15,WP44+W8|WJFH+XQ,weekends,18.88,16,10,13,-3.25,Sarjapur Road
2025-11-15,XHJ7+MG|WJM6+VC,weekends,18.83,16,11,13,-4.33,Central Diagonal 1
2025-11-15,XG48+2W|VHWC+C3,weekends,17.1,16,12,13,-5.42,South Outer Ring
2025-11-15,WHR9+R6|XJGF+6J,weekends,15.91,16,13,13,-6.5,Central Diagonal 2
2025-11-16,XJG4+7J|5PX4+HQ,weekends,40.56,16,1,13,6.5,Airport Expy
2025-11-16,XMW9+G8|WMJR+V4,weekends,33.98,16,2,13,5.42,East Outer Ring
2025-11-16,VJRQ+2M|RMJJ+F4,weekends,31.64,16,3,13,4.33,Hosur Road
2025-11-16,WH5F+26|WJ8X+F5W,weekends,27.45,16,4,13,3.25,Double Decker Flyover
2025-11-16,XPC7+72|XM33+J3,weekends,24.89,16,5,13,2.17,Old Airport Road
2025-11-16,WGG8+G5|XH7P+G6,weekends,24.85,16,6,13,1.08,Mysore Road
2025-11-16,WP44+W8|WJFH+XQ,weekends,22.85,16,7,13,0.0,Sarjapur Road
2025-11-16,2HM2+P8|XJV5+RG,weekends,22.69,16,8,13,-1.08,North Inner Ring
2025-11-16,XHJ7+MG|WJM6+VC,weekends,22.56,16,9,13,-2.17,Central Diagonal 1
2025-11-16,2HVW+G8|XJXR+WG,weekends,21.71,16,10,13,-3.25,North Outer Ring
2025-11-16,XJPW+92|WJP4+FF,weekends,21.38,16,11,13,-4.33,East Inner Ring
2025-11-16,XG48+2W|VHWC+C3,weekends,19.97,16,12,13,-5.42,South Outer Ring
2025-11-16,WHR9+R6|XJGF+6J,weekends,17.03,16,13,13,-6.5,Central Diagonal 2
2025-11-22,XJG4+7J|5PX4+HQ,weekends,36.42,16,1,13,6.5,Airport Expy
2025-11-22,XMW9+G8|WMJR+V4,weekends,30.77,16,2,13,5.42,East Outer Ring
2025-11-22,VJRQ+2M|RMJJ+F4,weekends,27.69,16,3,13,4.33,Hosur Road
2025-11-22,WH5F+26|WJ8X+F5W,weekends,24.56,16,4,13,3.25,Double Decker Flyover
2025-11-22,XPC7+72|XM33+J3,weekends,22.34,16,5,13,2.17,Old Airport Road
2025-11-22,2HM2+P8|XJV5+RG,weekends,20.48,16,6,13,1.08,North Inner Ring
2025-11-22,2HVW+G8|XJXR+WG,weekends,19.84,16,7,13,0.0,North Outer Ring
2025-11-22,XJPW+92|WJP4+FF,weekends,19.84,16,8,13,-1.08,East Inner Ring
2025-11-22,WP44+W8|WJFH+XQ,weekends,19.67,16,9,13,-2.17,Sarjapur Road
2025-11-22,WGG8+G5|XH7P+G6,weekends,19.65,16,10,13,-3.25,Mysore Road
2025-11-22,XHJ7+MG|WJM6+VC,weekends,18.06,16,11,13,-4.33,Central Diagonal 1
2025-11-22,XG48+2W|VHWC+C3,weekends,17.69,16,12,13,-5.42,South Outer Ring
2025-11-22,WHR9+R6|XJGF+6J,weekends,16.83,16,13,13,-6.5,Central Diagonal 2
2025-11-23,XJG4+7J|5PX4+HQ,weekends,40.71,15,1,13,6.5,Airport Expy
2025-11-23,XMW9+G8|WMJR+V4,weekends,34.63,15,2,13,5.42,East Outer Ring
2025-11-23,VJRQ+2M|RMJJ+F4,weekends,32.1,15,3,13,4.33,Hosur Road
2025-11-23,WH5F+26|WJ8X+F5W,weekends,27.01,15,4,13,3.25,Double Decker Flyover
2025-11-23,XPC7+72|XM33+J3,weekends,24.92,15,5,13,2.17,Old Airport Road
2025-11-23,WGG8+G5|XH7P+G6,weekends,24.75,15,6,13,1.08,Mysore Road
2025-11-23,2HM2+P8|XJV5+RG,weekends,22.39,15,7,13,0.0,North Inner Ring
2025-11-23,WP44+W8|WJFH+XQ,weekends,22.3,15,8,13,-1.08,Sarjapur Road
2025-11-23,XHJ7+MG|WJM6+VC,weekends,22.27,15,9,13,-2.17,Central Diagonal 1
2025-11-23,2HVW+G8|XJXR+WG,weekends,21.67,15,10,13,-3.25,North Outer Ring
2025-11-23,XJPW+92|WJP4+FF,weekends,21.65,15,11,13,-4.33,East Inner Ring
2025-11-23,XG48+2W|VHWC+C3,weekends,19.62,15,12,13,-5.42,South Outer Ring
2025-11-23,WHR9+R6|XJGF+6J,weekends,18.72,15,13,13,-6.5,Central Diagonal 2
2025-11-29,XJG4+7J|5PX4+HQ,weekends,36.24,16,1,13,6.5,Airport Expy
2025-11-29,XMW9+G8|WMJR+V4,weekends,31.88,16,2,13,5.42,East Outer Ring
2025-11-29,VJRQ+2M|RMJJ+F4,weekends,27.65,16,3,13,4.33,Hosur Road
2025-11-29,WH5F+26|WJ8X+F5W,weekends,24.99,16,4,13,3.25,Double Decker Flyover
2025-11-29,WP44+W8|WJFH+XQ,weekends,21.92,16,5,13,2.17,Sarjapur Road
2025-11-29,XPC7+72|XM33+J3,weekends,21.84,16,6,13,1.08,Old Airport Road
2025-11-29,2HM2+P8|XJV5+RG,weekends,19.99,16,7,13,0.0,North Inner Ring
2025-11-29,2HVW+G8|XJXR+WG,weekends,19.96,16,8,13,-1.08,North Outer Ring
2025-11-29,XJPW+92|WJP4+FF,weekends,19.62,16,9,13,-2.17,East Inner Ring
2025-11-29,WGG8+G5|XH7P+G6,weekends,19.09,16,10,13,-3.25,Mysore Road
2025-11-29,XHJ7+MG|WJM6+VC,weekends,18.55,16,11,13,-4.33,Central Diagonal 1
2025-11-29,XG48+2W|VHWC+C3,weekends,17.26,16,12,13,-5.42,South Outer Ring
2025-11-29,WHR9+R6|XJGF+6J,weekends,17.0,16,13,13,-6.5,Central Diagonal 2
2025-11-30,XJG4+7J|5PX4+HQ,weekends,39.16,15,1,13,6.5,Airport Expy
2025-11-30,XMW9+G8|WMJR+V4,weekends,33.1,15,2,13,5.42,East Outer Ring
2025-11-30,VJRQ+2M|RMJJ+F4,weekends,30.11,15,3,13,4.33,Hosur Road
2025-11-30,WH5F+26|WJ8X+F5W,weekends,26.34,15,4,13,3.25,Double Decker Flyover
2025-11-30,WP44+W8|WJFH+XQ,weekends,24.0,15,5,13,2.17,Sarjapur Road
2025-11-30,XPC7+72|XM33+J3,weekends,23.45,15,6,13,1.08,Old Airport Road
2025-11-30,WGG8+G5|XH7P+G6,weekends,23.08,15,7,13,0.0,Mysore Road
2025-11-30,2HM2+P8|XJV5+RG,weekends,21.89,15,8,13,-1.08,North Inner Ring
2025-11-30,XJPW+92|WJP4+FF,weekends,20.86,15,9,13,-2.17,East Inner Ring
2025-11-30,XHJ7+MG|WJM6+VC,weekends,20.63,15,10,13,-3.25,Central Diagonal 1
2025-11-30,2HVW+G8|XJXR+WG,weekends,20.36,15,11,13,-4.33,North Outer Ring
2025-11-30,WHR9+R6|XJGF+6J,weekends,19.15,15,12,13,-5.42,Central Diagonal 2
2025-11-30,XG48+2W|VHWC+C3,weekends,18.97,15,13,13,-6.5,South Outer Ring
2025-12-06,XJG4+7J|5PX4+HQ,weekends,36.21,16,1,13,6.5,Airport Expy
2025-12-06,XMW9+G8|WMJR+V4,weekends,31.77,16,2,13,5.42,East Outer Ring
2025-12-06,VJRQ+2M|RMJJ+F4,weekends,28.58,16,3,13,4.33,Hosur Road
2025-12-06,WH5F+26|WJ8X+F5W,weekends,25.06,16,4,13,3.25,Double Decker Flyover
2025-12-06,XPC7+72|XM33+J3,weekends,21.49,16,5,13,2.17,Old Airport Road
2025-12-06,WP44+W8|WJFH+XQ,weekends,21.4,16,6,13,1.08,Sarjapur Road
2025-12-06,2HM2+P8|XJV5+RG,weekends,20.23,16,7,13,0.0,North Inner Ring
2025-12-06,XJPW+92|WJP4+FF,weekends,19.77,16,8,13,-1.08,East Inner Ring
2025-12-06,WGG8+G5|XH7P+G6,weekends,19.34,16,9,13,-2.17,Mysore Road
2025-12-06,2HVW+G8|XJXR+WG,weekends,18.26,16,10,13,-3.25,North Outer Ring
2025-12-06,XHJ7+MG|WJM6+VC,weekends,18.07,16,11,13,-4.33,Central Diagonal 1
2025-12-06,XG48+2W|VHWC+C3,weekends,17.33,16,12,13,-5.42,South Outer Ring
2025-12-06,WHR9+R6|XJGF+6J,weekends,16.74,16,13,13,-6.5,Central Diagonal 2
2025-12-07,XJG4+7J|5PX4+HQ,weekends,40.6,15,1,13,6.5,Airport Expy
2025-12-07,XMW9+G8|WMJR+V4,weekends,33.64,15,2,13,5.42,East Outer Ring
2025-12-07,VJRQ+2M|RMJJ+F4,weekends,31.27,15,3,13,4.33,Hosur Road
2025-12-07,WH5F+26|WJ8X+F5W,weekends,26.96,15,4,13,3.25,Double Decker Flyover
2025-12-07,XPC7+72|XM33+J3,weekends,23.95,15,5,13,2.17,Old Airport Road
2025-12-07,WGG8+G5|XH7P+G6,weekends,23.24,15,6,13,1.08,Mysore Road
2025-12-07,WP44+W8|WJFH+XQ,weekends,22.46,15,7,13,0.0,Sarjapur Road
2025-12-07,2HM2+P8|XJV5+RG,weekends,21.89,15,8,13,-1.08,North Inner Ring
2025-12-07,XJPW+92|WJP4+FF,weekends,20.89,15,9,13,-2.17,East Inner Ring
2025-12-07,2HVW+G8|XJXR+WG,weekends,20.82,15,10,13,-3.25,North Outer Ring
2025-12-07,XHJ7+MG|WJM6+VC,weekends,20.41,15,11,13,-4.33,Central Diagonal 1
2025-12-07,XG48+2W|VHWC+C3,weekends,19.25,15,12,13,-5.42,South Outer Ring
2025-12-07,WHR9+R6|XJGF+6J,weekends,18.38,15,13,13,-6.5,Central Diagonal 2
2025-12-13,XJG4+7J|5PX4+HQ,weekends,34.88,16,1,13,6.5,Airport Expy
2025-12-13,XMW9+G8|WMJR+V4,weekends,29.97,16,2,13,5.42,East Outer Ring
2025-12-13,VJRQ+2M|RMJJ+F4,weekends,26.32,16,3,13,4.33,Hosur Road
2025-12-13,WH5F+26|WJ8X+F5W,weekends,24.86,16,4,13,3.25,Double Decker Flyover
2025-12-13,XPC7+72|XM33+J3,weekends,20.83,16,5,13,2.17,Old Airport Road
2025-12-13,2HM2+P8|XJV5+RG,weekends,19.63,16,6,13,1.08,North Inner Ring
2025-12-13,WGG8+G5|XH7P+G6,weekends,19.57,16,7,13,0.0,Mysore Road
2025-12-13,XJPW+92|WJP4+FF,weekends,19.32,16,8,13,-1.08,East Inner Ring
2025-12-13,XHJ7+MG|WJM6+VC,weekends,18.86,16,9,13,-2.17,Central Diagonal 1
2025-12-13,2HVW+G8|XJXR+WG,weekends,18.52,16,10,13,-3.25,North Outer Ring
2025-12-13,WP44+W8|WJFH+XQ,weekends,18.44,16,11,13,-4.33,Sarjapur Road
2025-12-13,WHR9+R6|XJGF+6J,weekends,17.23,16,12,13,-5.42,Central Diagonal 2
2025-12-13,XG48+2W|VHWC+C3,weekends,16.82,16,13,13,-6.5,South Outer Ring
2025-12-14,XJG4+7J|5PX4+HQ,weekends,37.47,15,1,13,6.5,Airport Expy
2025-12-14,XMW9+G8|WMJR+V4,weekends,33.09,15,2,13,5.42,East Outer Ring
2025-12-14,VJRQ+2M|RMJJ+F4,weekends,30.45,15,3,13,4.33,Hosur Road
2025-12-14,WH5F+26|WJ8X+F5W,weekends,26.33,15,4,13,3.25,Double Decker Flyover
2025-12-14,WGG8+G5|XH7P+G6,weekends,24.04,15,5,13,2.17,Mysore Road
2025-12-14,XPC7+72|XM33+J3,weekends,24.03,15,6,13,1.08,Old Airport Road
2025-12-14,WP44+W8|WJFH+XQ,weekends,22.29,15,7,13,0.0,Sarjapur Road
2025-12-14,XHJ7+MG|WJM6+VC,weekends,21.82,15,8,13,-1.08,Central Diagonal 1
2025-12-14,2HM2+P8|XJV5+RG,weekends,21.62,15,9,13,-2.17,North Inner Ring
2025-12-14,XJPW+92|WJP4+FF,weekends,21.0,15,10,13,-3.25,East Inner Ring
2025-12-14,2HVW+G8|XJXR+WG,weekends,20.54,15,11,13,-4.33,North Outer Ring
2025-12-14,XG48+2W|VHWC+C3,weekends,19.26,15,12,13,-5.42,South Outer Ring
2025-12-14,WHR9+R6|XJGF+6J,weekends,19.07,15,13,13,-6.5,Central Diagonal 2
2025-12-20,XJG4+7J|5PX4+HQ,weekends,34.9,16,1,13,6.5,Airport Expy
2025-12-20,XMW9+G8|WMJR+V4,weekends,30.84,16,2,13,5.42,East Outer Ring
2025-12-20,VJRQ+2M|RMJJ+F4,weekends,26.63,16,3,13,4.33,Hosur Road
2025-12-20,WH5F+26|WJ8X+F5W,weekends,24.61,16,4,13,3.25,Double Decker Flyover
2025-12-20,XPC7+72|XM33+J3,weekends,21.36,16,5,13,2.17,Old Airport Road
2025-12-20,WP44+W8|WJFH+XQ,weekends,20.51,16,6,13,1.08,Sarjapur Road
2025-12-20,2HM2+P8|XJV5+RG,weekends,20.0,16,7,13,0.0,North Inner Ring
2025-12-20,XJPW+92|WJP4+FF,weekends,19.55,16,8,13,-1.08,East Inner Ring
2025-12-20,2HVW+G8|XJXR+WG,weekends,18.66,16,9,13,-2.17,North Outer Ring
2025-12-20,WGG8+G5|XH7P+G6,weekends,18.56,16,10,13,-3.25,Mysore Road
2025-12-20,XHJ7+MG|WJM6+VC,weekends,18.51,16,11,13,-4.33,Central Diagonal 1
2025-12-20,WHR9+R6|XJGF+6J,weekends,16.88,16,12,13,-5.42,Central Diagonal 2
2025-12-20,XG48+2W|VHWC+C3,weekends,16.77,16,13,13,-6.5,South Outer Ring
2025-12-21,XJG4+7J|5PX4+HQ,weekends,39.18,15,1,13,6.5,Airport Expy
2025-12-21,XMW9+G8|WMJR+V4,weekends,34.22,15,2,13,5.42,East Outer Ring
2025-12-21,VJRQ+2M|RMJJ+F4,weekends,31.72,15,3,13,4.33,Hosur Road
2025-12-21,WH5F+26|WJ8X+F5W,weekends,26.62,15,4,13,3.25,Double Decker Flyover
2025-12-21,WP44+W8|WJFH+XQ,weekends,24.51,15,5,13,2.17,Sarjapur Road
2025-12-21,WGG8+G5|XH7P+G6,weekends,24.49,15,6,13,1.08,Mysore Road
2025-12-21,XPC7+72|XM33+J3,weekends,24.12,15,7,13,0.0,Old Airport Road
2025-12-21,2HM2+P8|XJV5+RG,weekends,22.28,15,8,13,-1.08,North Inner Ring
2025-12-21,2HVW+G8|XJXR+WG,weekends,21.92,15,9,13,-2.17,North Outer Ring
2025-12-21,XJPW+92|WJP4+FF,weekends,21.57,15,10,13,-3.25,East Inner Ring
2025-12-21,XHJ7+MG|WJM6+VC,weekends,21.16,15,11,13,-4.33,Central Diagonal 1
2025-12-21,WHR9+R6|XJGF+6J,weekends,19.73,15,12,13,-5.42,Central Diagonal 2
2025-12-21,XG48+2W|VHWC+C3,weekends,19.65,15,13,13,-6.5,South Outer Ring
2025-12-27,XJG4+7J|5PX4+HQ,weekends,36.58,15,1,13,6.5,Airport Expy
2025-12-27,XMW9+G8|WMJR+V4,weekends,33.89,15,2,13,5.42,East Outer Ring
2025-12-27,VJRQ+2M|RMJJ+F4,weekends,29.93,15,3,13,4.33,Hosur Road
2025-12-27,WH5F+26|WJ8X+F5W,weekends,25.81,15,4,13,3.25,Double Decker Flyover
2025-12-27,WP44+W8|WJFH+XQ,weekends,24.19,15,5,13,2.17,Sarjapur Road
2025-12-27,XPC7+72|XM33+J3,weekends,23.83,15,6,13,1.08,Old Airport Road
2025-12-27,2HVW+G8|XJXR+WG,weekends,21.62,15,7,13,0.0,North Outer Ring
2025-12-27,XJPW+92|WJP4+FF,weekends,20.82,15,8,13,-1.08,East Inner Ring
2025-12-27,WGG8+G5|XH7P+G6,weekends,20.63,15,9,13,-2.17,Mysore Road
2025-12-27,2HM2+P8|XJV5+RG,weekends,20.15,15,10,13,-3.25,North Inner Ring
2025-12-27,XHJ7+MG|WJM6+VC,weekends,19.29,15,11,13,-4.33,Central Diagonal 1
2025-12-27,WHR9+R6|XJGF+6J,weekends,17.46,15,12,13,-5.42,Central Diagonal 2
2025-12-27,XG48+2W|VHWC+C3,weekends,17.41,15,13,13,-6.5,South Outer Ring
2025-12-28,XJG4+7J|5PX4+HQ,weekends,39.89,15,1,13,6.5,Airport Expy
2025-12-28,XMW9+G8|WMJR+V4,weekends,35.08,15,2,13,5.42,East Outer Ring
2025-12-28,VJRQ+2M|RMJJ+F4,weekends,31.84,15,3,13,4.33,Hosur Road
2025-12-28,WH5F+26|WJ8X+F5W,weekends,27.48,15,4,13,3.25,Double Decker Flyover
2025-12-28,XPC7+72|XM33+J3,weekends,26.02,15,5,13,2.17,Old Airport Road
2025-12-28,WP44+W8|WJFH+XQ,weekends,25.68,15,6,13,1.08,Sarjapur Road
2025-12-28,WGG8+G5|XH7P+G6,weekends,25.14,15,7,13,0.0,Mysore Road
2025-12-28,2HVW+G8|XJXR+WG,weekends,23.65,15,8,13,-1.08,North Outer Ring
2025-12-28,XJPW+92|WJP4+FF,weekends,22.12,15,9,13,-2.17,East Inner Ring
2025-12-28,2HM2+P8|XJV5+RG,weekends,22.08,15,10,13,-3.25,North Inner Ring
2025-12-28,XHJ7+MG|WJM6+VC,weekends,21.97,15,11,13,-4.33,Central Diagonal 1
2025-12-28,WHR9+R6|XJGF+6J,weekends,19.76,15,12,13,-5.42,Central Diagonal 2
2025-12-28,XG48+2W|VHWC+C3,weekends,19.39,15,13,13,-6.5,South Outer Ring
2026-01-03,XJG4+7J|5PX4+HQ,weekends,36.35,15,1,13,6.5,Airport Expy
2026-01-03,XMW9+G8|WMJR+V4,weekends,31.65,15,2,13,5.42,East Outer Ring
2026-01-03,VJRQ+2M|RMJJ+F4,weekends,27.53,15,3,13,4.33,Hosur Road
2026-01-03,WH5F+26|WJ8X+F5W,weekends,23.92,15,4,13,3.25,Double Decker Flyover
2026-01-03,WP44+W8|WJFH+XQ,weekends,23.56,15,5,13,2.17,Sarjapur Road
2026-01-03,XPC7+72|XM33+J3,weekends,22.42,15,6,13,1.08,Old Airport Road
2026-01-03,2HVW+G8|XJXR+WG,weekends,20.35,15,7,13,0.0,North Outer Ring
2026-01-03,2HM2+P8|XJV5+RG,weekends,20.14,15,8,13,-1.08,North Inner Ring
2026-01-03,XJPW+92|WJP4+FF,weekends,19.94,15,9,13,-2.17,East Inner Ring
2026-01-03,WGG8+G5|XH7P+G6,weekends,19.91,15,10,13,-3.25,Mysore Road
2026-01-03,XHJ7+MG|WJM6+VC,weekends,18.63,15,11,13,-4.33,Central Diagonal 1
2026-01-03,WHR9+R6|XJGF+6J,weekends,17.98,15,12,13,-5.42,Central Diagonal 2
2026-01-03,XG48+2W|VHWC+C3,weekends,16.76,15,13,13,-6.5,South Outer Ring
2026-01-04,XJG4+7J|5PX4+HQ,weekends,39.12,15,1,13,6.5,Airport Expy
2026-01-04,VJRQ+2M|RMJJ+F4,weekends,31.58,15,2,13,5.42,Hosur Road
2026-01-04,XMW9+G8|WMJR+V4,weekends,31.07,15,3,13,4.33,East Outer Ring
2026-01-04,WH5F+26|WJ8X+F5W,weekends,26.64,15,4,13,3.25,Double Decker Flyover
2026-01-04,WGG8+G5|XH7P+G6,weekends,24.66,15,5,13,2.17,Mysore Road
2026-01-04,WP44+W8|WJFH+XQ,weekends,24.32,15,6,13,1.08,Sarjapur Road
2026-01-04,XPC7+72|XM33+J3,weekends,24.02,15,7,13,0.0,Old Airport Road
2026-01-04,2HVW+G8|XJXR+WG,weekends,23.65,15,8,13,-1.08,North Outer Ring
2026-01-04,XJPW+92|WJP4+FF,weekends,21.83,15,9,13,-2.17,East Inner Ring
2026-01-04,2HM2+P8|XJV5+RG,weekends,21.58,15,10,13,-3.25,North Inner Ring
2026-01-04,XHJ7+MG|WJM6+VC,weekends,21.57,15,11,13,-4.33,Central Diagonal 1
2026-01-04,WHR9+R6|XJGF+6J,weekends,19.84,15,12,13,-5.42,Central Diagonal 2
2026-01-04,XG48+2W|VHWC+C3,weekends,19.34,15,13,13,-6.5,South Outer Ring
2026-01-10,XJG4+7J|5PX4+HQ,weekends,34.58,15,1,13,6.5,Airport Expy
2026-01-10,XMW9+G8|WMJR+V4,weekends,29.76,15,2,13,5.42,East Outer Ring
2026-01-10,VJRQ+2M|RMJJ+F4,weekends,27.05,15,3,13,4.33,Hosur Road
2026-01-10,WH5F+26|WJ8X+F5W,weekends,24.45,15,4,13,3.25,Double Decker Flyover
2026-01-10,WP44+W8|WJFH+XQ,weekends,22.53,15,5,13,2.17,Sarjapur Road
2026-01-10,XPC7+72|XM33+J3,weekends,20.86,15,6,13,1.08,Old Airport Road
2026-01-10,2HM2+P8|XJV5+RG,weekends,19.58,15,7,13,0.0,North Inner Ring
2026-01-10,WGG8+G5|XH7P+G6,weekends,19.39,15,8,13,-1.08,Mysore Road
2026-01-10,XJPW+92|WJP4+FF,weekends,18.79,15,9,13,-2.17,East Inner Ring
2026-01-10,XHJ7+MG|WJM6+VC,weekends,18.16,15,10,13,-3.25,Central Diagonal 1
2026-01-10,WHR9+R6|XJGF+6J,weekends,17.16,15,11,13,-4.33,Central Diagonal 2
2026-01-10,XG48+2W|VHWC+C3,weekends,16.62,15,12,13,-5.42,South Outer Ring
2026-01-10,2HVW+G8|XJXR+WG,weekends,15.99,15,13,13,-6.5,North Outer Ring
2026-01-11,XJG4+7J|5PX4+HQ,weekends,39.32,15,1,13,6.5,Airport Expy
2026-01-11,XMW9+G8|WMJR+V4,weekends,34.45,15,2,13,5.42,East Outer Ring
2026-01-11,VJRQ+2M|RMJJ+F4,weekends,31.68,15,3,13,4.33,Hosur Road
2026-01-11,WH5F+26|WJ8X+F5W,weekends,26.9,15,4,13,3.25,Double Decker Flyover
2026-01-11,WGG8+G5|XH7P+G6,weekends,24.52,15,5,13,2.17,Mysore Road
2026-01-11,XPC7+72|XM33+J3,weekends,23.79,15,6,13,1.08,Old Airport Road
2026-01-11,WP44+W8|WJFH+XQ,weekends,22.11,15,7,13,0.0,Sarjapur Road
2026-01-11,2HVW+G8|XJXR+WG,weekends,21.85,15,8,13,-1.08,North Outer Ring
2026-01-11,2HM2+P8|XJV5+RG,weekends,21.72,15,9,13,-2.17,North Inner Ring
2026-01-11,XHJ7+MG|WJM6+VC,weekends,21.15,15,10,13,-3.25,Central Diagonal 1
2026-01-11,XJPW+92|WJP4+FF,weekends,20.67,15,11,13,-4.33,East Inner Ring
2026-01-11,WHR9+R6|XJGF+6J,weekends,19.56,15,12,13,-5.42,Central Diagonal 2
2026-01-11,XG48+2W|VHWC+C3,weekends,18.79,15,13,13,-6.5,South Outer Ring
2026-01-17,XJG4+7J|5PX4+HQ,weekends,34.9,15,1,13,6.5,Airport Expy
2026-01-17,XMW9+G8|WMJR+V4,weekends,31.23,15,2,13,5.42,East Outer Ring
2026-01-17,VJRQ+2M|RMJJ+F4,weekends,29.1,15,3,13,4.33,Hosur Road
2026-01-17,WH5F+26|WJ8X+F5W,weekends,25.37,15,4,13,3.25,Double Decker Flyover
2026-01-17,XPC7+72|XM33+J3,weekends,22.2,15,5,13,2.17,Old Airport Road
2026-01-17,WGG8+G5|XH7P+G6,weekends,20.4,15,6,13,1.08,Mysore Road
2026-01-17,WP44+W8|WJFH+XQ,weekends,20.17,15,7,13,0.0,Sarjapur Road
2026-01-17,XJPW+92|WJP4+FF,weekends,20.03,15,8,13,-1.08,East Inner Ring
2026-01-17,2HM2+P8|XJV5+RG,weekends,19.98,15,9,13,-2.17,North Inner Ring
2026-01-17,2HVW+G8|XJXR+WG,weekends,19.96,15,10,13,-3.25,North Outer Ring
2026-01-17,XHJ7+MG|WJM6+VC,weekends,18.3,15,11,13,-4.33,Central Diagonal 1
2026-01-17,XG48+2W|VHWC+C3,weekends,17.06,15,12,13,-5.42,South Outer Ring
2026-01-17,WHR9+R6|XJGF+6J,weekends,16.74,15,13,13,-6.5,Central Diagonal 2
2026-01-18,XJG4+7J|5PX4+HQ,weekends,40.09,15,1,13,6.5,Airport Expy
2026-01-18,XMW9+G8|WMJR+V4,weekends,34.53,15,2,13,5.42,East Outer Ring
2026-01-18,VJRQ+2M|RMJJ+F4,weekends,32.55,15,3,13,4.33,Hosur Road
2026-01-18,WH5F+26|WJ8X+F5W,weekends,27.49,15,4,13,3.25,Double Decker Flyover
2026-01-18,XPC7+72|XM33+J3,weekends,25.26,15,5,13,2.17,Old Airport Road
2026-01-18,WGG8+G5|XH7P+G6,weekends,25.24,15,6,13,1.08,Mysore Road
2026-01-18,2HVW+G8|XJXR+WG,weekends,24.09,15,7,13,0.0,North Outer Ring
2026-01-18,WP44+W8|WJFH+XQ,weekends,23.2,15,8,13,-1.08,Sarjapur Road
2026-01-18,2HM2+P8|XJV5+RG,weekends,22.29,15,9,13,-2.17,North Inner Ring
2026-01-18,XJPW+92|WJP4+FF,weekends,21.44,15,10,13,-3.25,East Inner Ring
2026-01-18,XHJ7+MG|WJM6+VC,weekends,21.33,15,11,13,-4.33,Central Diagonal 1
2026-01-18,WHR9+R6|XJGF+6J,weekends,19.3,15,12,13,-5.42,Central Diagonal 2
2026-01-18,XG48+2W|VHWC+C3,weekends,19.14,15,13,13,-6.5,South Outer Ring
2026-01-24,XJG4+7J|5PX4+HQ,weekends,33.29,15,1,13,6.5,Airport Expy
2026-01-24,XMW9+G8|WMJR+V4,weekends,31.46,15,2,13,5.42,East Outer Ring
2026-01-24,VJRQ+2M|RMJJ+F4,weekends,26.51,15,3,13,4.33,Hosur Road
2026-01-24,WH5F+26|WJ8X+F5W,weekends,25.06,15,4,13,3.25,Double Decker Flyover
2026-01-24,XPC7+72|XM33+J3,weekends,22.9,15,5,13,2.17,Old Airport Road
2026-01-24,WP44+W8|WJFH+XQ,weekends,20.98,15,6,13,1.08,Sarjapur Road
2026-01-24,XJPW+92|WJP4+FF,weekends,20.07,15,7,13,0.0,East Inner Ring
2026-01-24,2HM2+P8|XJV5+RG,weekends,19.17,15,8,13,-1.08,North Inner Ring
2026-01-24,2HVW+G8|XJXR+WG,weekends,18.91,15,9,13,-2.17,North Outer Ring
2026-01-24,XHJ7+MG|WJM6+VC,weekends,18.49,15,10,13,-3.25,Central Diagonal 1
2026-01-24,WGG8+G5|XH7P+G6,weekends,18.27,15,11,13,-4.33,Mysore Road
2026-01-24,WHR9+R6|XJGF+6J,weekends,16.94,15,12,13,-5.42,Central Diagonal 2
2026-01-24,XG48+2W|VHWC+C3,weekends,16.9,15,13,13,-6.5,South Outer Ring
2026-01-25,XJG4+7J|5PX4+HQ,weekends,36.78,15,1,13,6.5,Airport Expy
2026-01-25,XMW9+G8|WMJR+V4,weekends,34.15,15,2,13,5.42,East Outer Ring
2026-01-25,VJRQ+2M|RMJJ+F4,weekends,30.79,15,3,13,4.33,Hosur Road
2026-01-25,WH5F+26|WJ8X+F5W,weekends,26.89,15,4,13,3.25,Double Decker Flyover
2026-01-25,XPC7+72|XM33+J3,weekends,24.78,15,5,13,2.17,Old Airport Road
2026-01-25,WP44+W8|WJFH+XQ,weekends,23.98,15,6,13,1.08,Sarjapur Road
2026-01-25,WGG8+G5|XH7P+G6,weekends,23.48,15,7,13,0.0,Mysore Road
2026-01-25,2HVW+G8|XJXR+WG,weekends,21.96,15,8,13,-1.08,North Outer Ring
2026-01-25,2HM2+P8|XJV5+RG,weekends,21.68,15,9,13,-2.17,North Inner Ring
2026-01-25,XJPW+92|WJP4+FF,weekends,21.36,15,10,13,-3.25,East Inner Ring
2026-01-25,XHJ7+MG|WJM6+VC,weekends,20.48,15,11,13,-4.33,Central Diagonal 1
2026-01-25,XG48+2W|VHWC+C3,weekends,19.06,15,12,13,-5.42,South Outer Ring
2026-01-25,WHR9+R6|XJGF+6J,weekends,18.58,15,13,13,-6.5,Central Diagonal 2
2026-01-31,XJG4+7J|5PX4+HQ,weekends,34.1,14,1,13,6.5,Airport Expy
2026-01-31,XMW9+G8|WMJR+V4,weekends,29.91,14,2,13,5.42,East Outer Ring
2026-01-31,VJRQ+2M|RMJJ+F4,weekends,26.45,14,3,13,4.33,Hosur Road
2026-01-31,WH5F+26|WJ8X+F5W,weekends,23.43,14,4,13,3.25,Double Decker Flyover
2026-01-31,XPC7+72|XM33+J3,weekends,19.52,14,5,13,2.17,Old Airport Road
2026-01-31,WP44+W8|WJFH+XQ,weekends,19.3,14,6,13,1.08,Sarjapur Road
2026-01-31,WGG8+G5|XH7P+G6,weekends,19.25,14,7,13,0.0,Mysore Road
2026-01-31,2HM2+P8|XJV5+RG,weekends,18.71,14,8,13,-1.08,North Inner Ring
2026-01-31,XJPW+92|WJP4+FF,weekends,18.7,14,9,13,-2.17,East Inner Ring
2026-01-31,XHJ7+MG|WJM6+VC,weekends,18.62,14,10,13,-3.25,Central Diagonal 1
2026-01-31,2HVW+G8|XJXR+WG,weekends,17.91,14,11,13,-4.33,North Outer Ring
2026-01-31,XG48+2W|VHWC+C3,weekends,16.92,14,12,13,-5.42,South Outer Ring
2026-01-31,WHR9+R6|XJGF+6J,weekends,16.76,14,13,13,-6.5,Central Diagonal 2
2026-02-01,XJG4+7J|5PX4+HQ,weekends,39.62,14,1,13,6.5,Airport Expy
2026-02-01,XMW9+G8|WMJR+V4,weekends,33.34,14,2,13,5.42,East Outer Ring
2026-02-01,VJRQ+2M|RMJJ+F4,weekends,31.31,14,3,13,4.33,Hosur Road
2026-02-01,WH5F+26|WJ8X+F5W,weekends,26.18,14,4,13,3.25,Double Decker Flyover
2026-02-01,WP44+W8|WJFH+XQ,weekends,24.19,14,5,13,2.17,Sarjapur Road
2026-02-01,WGG8+G5|XH7P+G6,weekends,23.81,14,6,13,1.08,Mysore Road
2026-02-01,XPC7+72|XM33+J3,weekends,23.66,14,7,13,0.0,Old Airport Road
2026-02-01,XHJ7+MG|WJM6+VC,weekends,21.77,14,8,13,-1.08,Central Diagonal 1
2026-02-01,2HVW+G8|XJXR+WG,weekends,21.6,14,9,13,-2.17,North Outer Ring
2026-02-01,2HM2+P8|XJV5+RG,weekends,21.44,14,10,13,-3.25,North Inner Ring
2026-02-01,XJPW+92|WJP4+FF,weekends,20.71,14,11,13,-4.33,East Inner Ring
2026-02-01,WHR9+R6|XJGF+6J,weekends,18.91,14,12,13,-5.42,Central Diagonal 2
2026-02-01,XG48+2W|VHWC+C3,weekends,18.72,14,13,13,-6.5,South Outer Ring
2026-02-07,XJG4+7J|5PX4+HQ,weekends,34.48,14,1,13,6.5,Airport Expy
2026-02-07,XMW9+G8|WMJR+V4,weekends,29.26,14,2,13,5.42,East Outer Ring
2026-02-07,VJRQ+2M|RMJJ+F4,weekends,26.74,14,3,13,4.33,Hosur Road
2026-02-07,WH5F+26|WJ8X+F5W,weekends,23.97,14,4,13,3.25,Double Decker Flyover
2026-02-07,WP44+W8|WJFH+XQ,weekends,20.69,14,5,13,2.17,Sarjapur Road
2026-02-07,XPC7+72|XM33+J3,weekends,20.6,14,6,13,1.08,Old Airport Road
2026-02-07,WGG8+G5|XH7P+G6,weekends,19.75,14,7,13,0.0,Mysore Road
2026-02-07,2HM2+P8|XJV5+RG,weekends,19.04,14,8,13,-1.08,North Inner Ring
2026-02-07,2HVW+G8|XJXR+WG,weekends,18.89,14,9,13,-2.17,North Outer Ring
2026-02-07,XJPW+92|WJP4+FF,weekends,18.84,14,10,13,-3.25,East Inner Ring
2026-02-07,XHJ7+MG|WJM6+VC,weekends,18.54,14,11,13,-4.33,Central Diagonal 1
2026-02-07,WHR9+R6|XJGF+6J,weekends,17.02,14,12,13,-5.42,Central Diagonal 2
2026-02-07,XG48+2W|VHWC+C3,weekends,16.49,14,13,13,-6.5,South Outer Ring
2026-02-08,XJG4+7J|5PX4+HQ,weekends,38.63,13,1,13,6.5,Airport Expy
2026-02-08,VJRQ+2M|RMJJ+F4,weekends,31.45,13,2,13,5.42,Hosur Road
2026-02-08,XMW9+G8|WMJR+V4,weekends,30.46,13,3,13,4.33,East Outer Ring
2026-02-08,WH5F+26|WJ8X+F5W,weekends,26.37,13,4,13,3.25,Double Decker Flyover
2026-02-08,WGG8+G5|XH7P+G6,weekends,24.0,13,5,13,2.17,Mysore Road
2026-02-08,XPC7+72|XM33+J3,weekends,23.93,13,6,13,1.08,Old Airport Road
2026-02-08,WP44+W8|WJFH+XQ,weekends,23.37,13,7,13,0.0,Sarjapur Road
2026-02-08,2HVW+G8|XJXR+WG,weekends,21.69,13,8,13,-1.08,North Outer Ring
2026-02-08,2HM2+P8|XJV5+RG,weekends,21.33,13,9,13,-2.17,North Inner Ring
2026-02-08,XHJ7+MG|WJM6+VC,weekends,21.1,13,10,13,-3.25,Central Diagonal 1
2026-02-08,XJPW+92|WJP4+FF,weekends,20.52,13,11,13,-4.33,East Inner Ring
2026-02-08,XG48+2W|VHWC+C3,weekends,18.58,13,12,13,-5.42,South Outer Ring
2026-02-08,WHR9+R6|XJGF+6J,weekends,18.52,13,13,13,-6.5,Central Diagonal 2
2026-02-14,XJG4+7J|5PX4+HQ,weekends,35.29,14,1,13,6.5,Airport Expy
2026-02-14,XMW9+G8|WMJR+V4,weekends,29.54,14,2,13,5.42,East Outer Ring
2026-02-14,VJRQ+2M|RMJJ+F4,weekends,26.93,14,3,13,4.33,Hosur Road
2026-02-14,WH5F+26|WJ8X+F5W,weekends,23.48,14,4,13,3.25,Double Decker Flyover
2026-02-14,XPC7+72|XM33+J3,weekends,20.69,14,5,13,2.17,Old Airport Road
2026-02-14,WGG8+G5|XH7P+G6,weekends,19.77,14,6,13,1.08,Mysore Road
2026-02-14,XHJ7+MG|WJM6+VC,weekends,19.62,14,7,13,0.0,Central Diagonal 1
2026-02-14,2HM2+P8|XJV5+RG,weekends,19.25,14,8,13,-1.08,North Inner Ring
2026-02-14,XJPW+92|WJP4+FF,weekends,19.11,14,9,13,-2.17,East Inner Ring
2026-02-14,2HVW+G8|XJXR+WG,weekends,19.06,14,10,13,-3.25,North Outer Ring
2026-02-14,WP44+W8|WJFH+XQ,weekends,18.65,14,11,13,-4.33,Sarjapur Road
2026-02-14,XG48+2W|VHWC+C3,weekends,16.8,14,12,13,-5.42,South Outer Ring
2026-02-14,WHR9+R6|XJGF+6J,weekends,16.62,14,13,13,-6.5,Central Diagonal 2
2026-02-15,XJG4+7J|5PX4+HQ,weekends,41.77,14,1,13,6.5,Airport Expy
2026-02-15,XMW9+G8|WMJR+V4,weekends,36.6,14,2,13,5.42,East Outer Ring
2026-02-15,VJRQ+2M|RMJJ+F4,weekends,33.67,14,3,13,4.33,Hosur Road
2026-02-15,WH5F+26|WJ8X+F5W,weekends,28.86,14,4,13,3.25,Double Decker Flyover
2026-02-15,WP44+W8|WJFH+XQ,weekends,25.68,14,5,13,2.17,Sarjapur Road
2026-02-15,WGG8+G5|XH7P+G6,weekends,25.22,14,6,13,1.08,Mysore Road
2026-02-15,2HVW+G8|XJXR+WG,weekends,24.53,14,7,13,0.0,North Outer Ring
2026-02-15,XHJ7+MG|WJM6+VC,weekends,23.57,14,8,13,-1.08,Central Diagonal 1
2026-02-15,2HM2+P8|XJV5+RG,weekends,22.88,14,9,13,-2.17,North Inner Ring
2026-02-15,XPC7+72|XM33+J3,weekends,22.56,14,10,13,-3.25,Old Airport Road
2026-02-15,XJPW+92|WJP4+FF,weekends,22.18,14,11,13,-4.33,East Inner Ring
2026-02-15,XG48+2W|VHWC+C3,weekends,20.7,14,12,13,-5.42,South Outer Ring
2026-02-15,WHR9+R6|XJGF+6J,weekends,20.01,14,13,13,-6.5,Central Diagonal 2
2026-02-21,XJG4+7J|5PX4+HQ,weekends,35.89,16,1,13,6.5,Airport Expy
2026-02-21,XMW9+G8|WMJR+V4,weekends,31.44,16,2,13,5.42,East Outer Ring
2026-02-21,VJRQ+2M|RMJJ+F4,weekends,27.43,16,3,13,4.33,Hosur Road
2026-02-21,WH5F+26|WJ8X+F5W,weekends,24.26,16,4,13,3.25,Double Decker Flyover
2026-02-21,WP44+W8|WJFH+XQ,weekends,23.68,16,5,13,2.17,Sarjapur Road
2026-02-21,XPC7+72|XM33+J3,weekends,21.63,16,6,13,1.08,Old Airport Road
2026-02-21,2HVW+G8|XJXR+WG,weekends,20.02,16,7,13,0.0,North Outer Ring
2026-02-21,XJPW+92|WJP4+FF,weekends,20.0,16,8,13,-1.08,East Inner Ring
2026-02-21,2HM2+P8|XJV5+RG,weekends,19.93,16,9,13,-2.17,North Inner Ring
2026-02-21,WGG8+G5|XH7P+G6,weekends,19.68,16,10,13,-3.25,Mysore Road
2026-02-21,XHJ7+MG|WJM6+VC,weekends,19.19,16,11,13,-4.33,Central Diagonal 1
2026-02-21,WHR9+R6|XJGF+6J,weekends,17.18,16,12,13,-5.42,Central Diagonal 2
2026-02-21,XG48+2W|VHWC+C3,weekends,16.47,16,13,13,-6.5,South Outer Ring
2026-02-22,XJG4+7J|5PX4+HQ,weekends,41.17,16,1,13,6.5,Airport Expy
2026-02-22,XMW9+G8|WMJR+V4,weekends,35.68,16,2,13,5.42,East Outer Ring
2026-02-22,VJRQ+2M|RMJJ+F4,weekends,33.25,16,3,13,4.33,Hosur Road
2026-02-22,WH5F+26|WJ8X+F5W,weekends,26.81,16,4,13,3.25,Double Decker Flyover
2026-02-22,WP44+W8|WJFH+XQ,weekends,25.62,16,5,13,2.17,Sarjapur Road
2026-02-22,WGG8+G5|XH7P+G6,weekends,24.31,16,6,13,1.08,Mysore Road
2026-02-22,XPC7+72|XM33+J3,weekends,24.05,16,7,13,0.0,Old Airport Road
2026-02-22,2HVW+G8|XJXR+WG,weekends,22.97,16,8,13,-1.08,North Outer Ring
2026-02-22,XHJ7+MG|WJM6+VC,weekends,22.77,16,9,13,-2.17,Central Diagonal 1
2026-02-22,2HM2+P8|XJV5+RG,weekends,22.65,16,10,13,-3.25,North Inner Ring
2026-02-22,XJPW+92|WJP4+FF,weekends,21.08,16,11,13,-4.33,East Inner Ring
2026-02-22,WHR9+R6|XJGF+6J,weekends,19.7,16,12,13,-5.42,Central Diagonal 2
2026-02-22,XG48+2W|VHWC+C3,weekends,18.9,16,13,13,-6.5,South Outer Ring
2026-02-28,XJG4+7J|5PX4+HQ,weekends,36.08,16,1,13,6.5,Airport Expy
2026-02-28,XMW9+G8|WMJR+V4,weekends,32.31,16,2,13,5.42,East Outer Ring
2026-02-28,VJRQ+2M|RMJJ+F4,weekends,26.28,16,3,13,4.33,Hosur Road
2026-02-28,WH5F+26|WJ8X+F5W,weekends,23.71,16,4,13,3.25,Double Decker Flyover
2026-02-28,WP44+W8|WJFH+XQ,weekends,22.83,16,5,13,2.17,Sarjapur Road
2026-02-28,XPC7+72|XM33+J3,weekends,22.31,16,6,13,1.08,Old Airport Road
2026-02-28,WGG8+G5|XH7P+G6,weekends,20.89,16,7,13,0.0,Mysore Road
2026-02-28,2HVW+G8|XJXR+WG,weekends,20.59,16,8,13,-1.08,North Outer Ring
2026-02-28,XHJ7+MG|WJM6+VC,weekends,20.0,16,9,13,-2.17,Central Diagonal 1
2026-02-28,XJPW+92|WJP4+FF,weekends,19.98,16,10,13,-3.25,East Inner Ring
2026-02-28,2HM2+P8|XJV5+RG,weekends,19.48,16,11,13,-4.33,North Inner Ring
2026-02-28,WHR9+R6|XJGF+6J,weekends,17.11,16,12,13,-5.42,Central Diagonal 2
2026-02-28,XG48+2W|VHWC+C3,weekends,16.79,16,13,13,-6.5,South Outer Ring
2026-03-01,XJG4+7J|5PX4+HQ,weekends,41.14,14,1,13,6.5,Airport Expy
2026-03-01,XMW9+G8|WMJR+V4,weekends,34.51,14,2,13,5.42,East Outer Ring
2026-03-01,VJRQ+2M|RMJJ+F4,weekends,32.29,14,3,13,4.33,Hosur Road
2026-03-01,WH5F+26|WJ8X+F5W,weekends,26.52,14,4,13,3.25,Double Decker Flyover
2026-03-01,WP44+W8|WJFH+XQ,weekends,25.58,14,5,13,2.17,Sarjapur Road
2026-03-01,XPC7+72|XM33+J3,weekends,25.06,14,6,13,1.08,Old Airport Road
2026-03-01,WGG8+G5|XH7P+G6,weekends,24.79,14,7,13,0.0,Mysore Road
2026-03-01,2HVW+G8|XJXR+WG,weekends,23.38,14,8,13,-1.08,North Outer Ring
2026-03-01,2HM2+P8|XJV5+RG,weekends,22.57,14,9,13,-2.17,North Inner Ring
2026-03-01,XHJ7+MG|WJM6+VC,weekends,22.25,14,10,13,-3.25,Central Diagonal 1
2026-03-01,XJPW+92|WJP4+FF,weekends,21.18,14,11,13,-4.33,East Inner Ring
2026-03-01,WHR9+R6|XJGF+6J,weekends,19.19,14,12,13,-5.42,Central Diagonal 2
2026-03-01,XG48+2W|VHWC+C3,weekends,18.87,14,13,13,-6.5,South Outer Ring
2026-03-07,XJG4+7J|5PX4+HQ,weekends,34.94,14,1,13,6.5,Airport Expy
2026-03-07,XMW9+G8|WMJR+V4,weekends,30.1,14,2,13,5.42,East Outer Ring
2026-03-07,VJRQ+2M|RMJJ+F4,weekends,27.68,14,3,13,4.33,Hosur Road
2026-03-07,WH5F+26|WJ8X+F5W,weekends,22.76,14,4,13,3.25,Double Decker Flyover
2026-03-07,XPC7+72|XM33+J3,weekends,21.58,14,5,13,2.17,Old Airport Road
2026-03-07,WP44+W8|WJFH+XQ,weekends,20.46,14,6,13,1.08,Sarjapur Road
2026-03-07,2HVW+G8|XJXR+WG,weekends,19.71,14,7,13,0.0,North Outer Ring
2026-03-07,XJPW+92|WJP4+FF,weekends,19.68,14,8,13,-1.08,East Inner Ring
2026-03-07,WGG8+G5|XH7P+G6,weekends,19.61,14,9,13,-2.17,Mysore Road
2026-03-07,XHJ7+MG|WJM6+VC,weekends,18.89,14,10,13,-3.25,Central Diagonal 1
2026-03-07,2HM2+P8|XJV5+RG,weekends,17.59,14,11,13,-4.33,North Inner Ring
2026-03-07,WHR9+R6|XJGF+6J,weekends,17.1,14,12,13,-5.42,Central Diagonal 2
2026-03-07,XG48+2W|VHWC+C3,weekends,16.42,14,13,13,-6.5,South Outer Ring
2026-03-08,XJG4+7J|5PX4+HQ,weekends,41.15,14,1,13,6.5,Airport Expy
2026-03-08,VJRQ+2M|RMJJ+F4,weekends,32.43,14,2,13,5.42,Hosur Road
2026-03-08,XMW9+G8|WMJR+V4,weekends,31.66,14,3,13,4.33,East Outer Ring
2026-03-08,WH5F+26|WJ8X+F5W,weekends,26.87,14,4,13,3.25,Double Decker Flyover
2026-03-08,WP44+W8|WJFH+XQ,weekends,25.83,14,5,13,2.17,Sarjapur Road
2026-03-08,XPC7+72|XM33+J3,weekends,25.34,14,6,13,1.08,Old Airport Road
2026-03-08,WGG8+G5|XH7P+G6,weekends,24.73,14,7,13,0.0,Mysore Road
2026-03-08,2HVW+G8|XJXR+WG,weekends,23.43,14,8,13,-1.08,North Outer Ring
2026-03-08,XHJ7+MG|WJM6+VC,weekends,23.09,14,9,13,-2.17,Central Diagonal 1
2026-03-08,2HM2+P8|XJV5+RG,weekends,22.07,14,10,13,-3.25,North Inner Ring
2026-03-08,XJPW+92|WJP4+FF,weekends,21.69,14,11,13,-4.33,East Inner Ring
2026-03-08,WHR9+R6|XJGF+6J,weekends,19.51,14,12,13,-5.42,Central Diagonal 2
2026-03-08,XG48+2W|VHWC+C3,weekends,19.35,14,13,13,-6.5,South Outer Ring
2026-03-14,XJG4+7J|5PX4+HQ,weekends,36.66,14,1,13,6.5,Airport Expy
2026-03-14,XMW9+G8|WMJR+V4,weekends,29.43,14,2,13,5.42,East Outer Ring
2026-03-14,VJRQ+2M|RMJJ+F4,weekends,25.6,14,3,13,4.33,Hosur Road
2026-03-14,WP44+W8|WJFH+XQ,weekends,24.68,14,4,13,3.25,Sarjapur Road
2026-03-14,WH5F+26|WJ8X+F5W,weekends,24.11,14,5,13,2.17,Double Decker Flyover
2026-03-14,XPC7+72|XM33+J3,weekends,21.59,14,6,13,1.08,Old Airport Road
2026-03-14,WGG8+G5|XH7P+G6,weekends,20.22,14,7,13,0.0,Mysore Road
2026-03-14,2HVW+G8|XJXR+WG,weekends,20.05,14,8,13,-1.08,North Outer Ring
2026-03-14,XHJ7+MG|WJM6+VC,weekends,19.87,14,9,13,-2.17,Central Diagonal 1
2026-03-14,2HM2+P8|XJV5+RG,weekends,19.44,14,10,13,-3.25,North Inner Ring
2026-03-14,XJPW+92|WJP4+FF,weekends,19.27,14,11,13,-4.33,East Inner Ring
2026-03-14,WHR9+R6|XJGF+6J,weekends,17.42,14,12,13,-5.42,Central Diagonal 2
2026-03-14,XG48+2W|VHWC+C3,weekends,16.44,14,13,13,-6.5,South Outer Ring
2026-03-15,XJG4+7J|5PX4+HQ,weekends,41.28,14,1,13,6.5,Airport Expy
2026-03-15,VJRQ+2M|RMJJ+F4,weekends,32.81,14,2,13,5.42,Hosur Road
2026-03-15,XMW9+G8|WMJR+V4,weekends,31.69,14,3,13,4.33,East Outer Ring
2026-03-15,WH5F+26|WJ8X+F5W,weekends,27.25,14,4,13,3.25,Double Decker Flyover
2026-03-15,XPC7+72|XM33+J3,weekends,25.57,14,5,13,2.17,Old Airport Road
2026-03-15,WP44+W8|WJFH+XQ,weekends,25.39,14,6,13,1.08,Sarjapur Road
2026-03-15,WGG8+G5|XH7P+G6,weekends,25.23,14,7,13,0.0,Mysore Road
2026-03-15,2HVW+G8|XJXR+WG,weekends,25.0,14,8,13,-1.08,North Outer Ring
2026-03-15,XHJ7+MG|WJM6+VC,weekends,23.91,14,9,13,-2.17,Central Diagonal 1
2026-03-15,2HM2+P8|XJV5+RG,weekends,22.41,14,10,13,-3.25,North Inner Ring
2026-03-15,XJPW+92|WJP4+FF,weekends,21.33,14,11,13,-4.33,East Inner Ring
2026-03-15,WHR9+R6|XJGF+6J,weekends,20.13,14,12,13,-5.42,Central Diagonal 2
2026-03-15,XG48+2W|VHWC+C3,weekends,19.71,14,13,13,-6.5,South Outer Ring
2026-03-21,XJG4+7J|5PX4+HQ,weekends,41.33,14,1,13,6.5,Airport Expy
2026-03-21,XMW9+G8|WMJR+V4,weekends,31.79,14,2,13,5.42,East Outer Ring
2026-03-21,VJRQ+2M|RMJJ+F4,weekends,31.57,14,3,13,4.33,Hosur Road
2026-03-21,WH5F+26|WJ8X+F5W,weekends,26.51,14,4,13,3.25,Double Decker Flyover
2026-03-21,XPC7+72|XM33+J3,weekends,25.46,14,5,13,2.17,Old Airport Road
2026-03-21,WP44+W8|WJFH+XQ,weekends,25.36,14,6,13,1.08,Sarjapur Road
2026-03-21,2HVW+G8|XJXR+WG,weekends,24.08,14,7,13,0.0,North Outer Ring
2026-03-21,XHJ7+MG|WJM6+VC,weekends,22.95,14,8,13,-1.08,Central Diagonal 1
2026-03-21,2HM2+P8|XJV5+RG,weekends,22.4,14,9,13,-2.17,North Inner Ring
2026-03-21,WGG8+G5|XH7P+G6,weekends,21.98,14,10,13,-3.25,Mysore Road
2026-03-21,XJPW+92|WJP4+FF,weekends,21.62,14,11,13,-4.33,East Inner Ring
2026-03-21,WHR9+R6|XJGF+6J,weekends,18.89,14,12,13,-5.42,Central Diagonal 2
2026-03-21,XG48+2W|VHWC+C3,weekends,18.57,14,13,13,-6.5,South Outer Ring
2026-03-22,XJG4+7J|5PX4+HQ,weekends,42.91,14,1,13,6.5,Airport Expy
2026-03-22,VJRQ+2M|RMJJ+F4,weekends,33.32,14,2,13,5.42,Hosur Road
2026-03-22,XMW9+G8|WMJR+V4,weekends,31.13,14,3,13,4.33,East Outer Ring
2026-03-22,WH5F+26|WJ8X+F5W,weekends,26.85,14,4,13,3.25,Double Decker Flyover
2026-03-22,XPC7+72|XM33+J3,weekends,26.66,14,5,13,2.17,Old Airport Road
2026-03-22,WP44+W8|WJFH+XQ,weekends,26.55,14,6,13,1.08,Sarjapur Road
2026-03-22,WGG8+G5|XH7P+G6,weekends,25.08,14,7,13,0.0,Mysore Road
2026-03-22,2HVW+G8|XJXR+WG,weekends,23.85,14,8,13,-1.08,North Outer Ring
2026-03-22,XHJ7+MG|WJM6+VC,weekends,23.74,14,9,13,-2.17,Central Diagonal 1
2026-03-22,2HM2+P8|XJV5+RG,weekends,22.64,14,10,13,-3.25,North Inner Ring
2026-03-22,XJPW+92|WJP4+FF,weekends,21.87,14,11,13,-4.33,East Inner Ring
2026-03-22,WHR9+R6|XJGF+6J,weekends,20.18,14,12,13,-5.42,Central Diagonal 2
2026-03-22,XG48+2W|VHWC+C3,weekends,19.85,14,13,13,-6.5,South Outer Ring
2026-03-28,XJG4+7J|5PX4+HQ,weekends,33.91,13,1,13,6.5,Airport Expy
2026-03-28,XMW9+G8|WMJR+V4,weekends,27.13,13,2,13,5.42,East Outer Ring
2026-03-28,VJRQ+2M|RMJJ+F4,weekends,26.04,13,3,13,4.33,Hosur Road
2026-03-28,WH5F+26|WJ8X+F5W,weekends,22.79,13,4,13,3.25,Double Decker Flyover
2026-03-28,XPC7+72|XM33+J3,weekends,21.62,13,5,13,2.17,Old Airport Road
2026-03-28,WGG8+G5|XH7P+G6,weekends,19.74,13,6,13,1.08,Mysore Road
2026-03-28,2HM2+P8|XJV5+RG,weekends,19.2,13,7,13,0.0,North Inner Ring
2026-03-28,2HVW+G8|XJXR+WG,weekends,19.04,13,8,13,-1.08,North Outer Ring
2026-03-28,XJPW+92|WJP4+FF,weekends,18.7,13,9,13,-2.17,East Inner Ring
2026-03-28,XHJ7+MG|WJM6+VC,weekends,18.56,13,10,13,-3.25,Central Diagonal 1
2026-03-28,WP44+W8|WJFH+XQ,weekends,18.54,13,11,13,-4.33,Sarjapur Road
2026-03-28,WHR9+R6|XJGF+6J,weekends,16.75,13,12,13,-5.42,Central Diagonal 2
2026-03-28,XG48+2W|VHWC+C3,weekends,16.39,13,13,13,-6.5,South Outer Ring
2026-03-29,XJG4+7J|5PX4+HQ,weekends,40.77,13,1,13,6.5,Airport Expy
2026-03-29,VJRQ+2M|RMJJ+F4,weekends,31.26,13,2,13,5.42,Hosur Road
2026-03-29,XMW9+G8|WMJR+V4,weekends,29.3,13,3,13,4.33,East Outer Ring
2026-03-29,WH5F+26|WJ8X+F5W,weekends,25.79,13,4,13,3.25,Double Decker Flyover
2026-03-29,XPC7+72|XM33+J3,weekends,23.98,13,5,13,2.17,Old Airport Road
2026-03-29,WGG8+G5|XH7P+G6,weekends,23.24,13,6,13,1.08,Mysore Road
2026-03-29,WP44+W8|WJFH+XQ,weekends,23.19,13,7,13,0.0,Sarjapur Road
2026-03-29,XHJ7+MG|WJM6+VC,weekends,22.27,13,8,13,-1.08,Central Diagonal 1
2026-03-29,2HVW+G8|XJXR+WG,weekends,22.11,13,9,13,-2.17,North Outer Ring
2026-03-29,2HM2+P8|XJV5+RG,weekends,22.01,13,10,13,-3.25,North Inner Ring
2026-03-29,XJPW+92|WJP4+FF,weekends,20.4,13,11,13,-4.33,East Inner Ring
2026-03-29,WHR9+R6|XJGF+6J,weekends,19.38,13,12,13,-5.42,Central Diagonal 2
2026-03-29,XG48+2W|VHWC+C3,weekends,19.03,13,13,13,-6.5,South Outer Ring
2026-04-04,XJG4+7J|5PX4+HQ,weekends,36.34,13,1,13,6.5,Airport Expy
2026-04-04,XMW9+G8|WMJR+V4,weekends,28.31,13,2,13,5.42,East Outer Ring
2026-04-04,VJRQ+2M|RMJJ+F4,weekends,27.52,13,3,13,4.33,Hosur Road
2026-04-04,WH5F+26|WJ8X+F5W,weekends,23.98,13,4,13,3.25,Double Decker Flyover
2026-04-04,WP44+W8|WJFH+XQ,weekends,22.91,13,5,13,2.17,Sarjapur Road
2026-04-04,XPC7+72|XM33+J3,weekends,20.86,13,6,13,1.08,Old Airport Road
2026-04-04,WGG8+G5|XH7P+G6,weekends,20.22,13,7,13,0.0,Mysore Road
2026-04-04,2HM2+P8|XJV5+RG,weekends,19.61,13,8,13,-1.08,North Inner Ring
2026-04-04,2HVW+G8|XJXR+WG,weekends,19.45,13,9,13,-2.17,North Outer Ring
2026-04-04,XJPW+92|WJP4+FF,weekends,19.41,13,10,13,-3.25,East Inner Ring
2026-04-04,XHJ7+MG|WJM6+VC,weekends,18.48,13,11,13,-4.33,Central Diagonal 1
2026-04-04,XG48+2W|VHWC+C3,weekends,16.79,13,12,13,-5.42,South Outer Ring
2026-04-04,WHR9+R6|XJGF+6J,weekends,16.64,13,13,13,-6.5,Central Diagonal 2
2026-04-05,XJG4+7J|5PX4+HQ,weekends,40.54,13,1,13,6.5,Airport Expy
2026-04-05,VJRQ+2M|RMJJ+F4,weekends,31.85,13,2,13,5.42,Hosur Road
2026-04-05,XMW9+G8|WMJR+V4,weekends,30.37,13,3,13,4.33,East Outer Ring
2026-04-05,WH5F+26|WJ8X+F5W,weekends,26.44,13,4,13,3.25,Double Decker Flyover
2026-04-05,WP44+W8|WJFH+XQ,weekends,25.2,13,5,13,2.17,Sarjapur Road
2026-04-05,XPC7+72|XM33+J3,weekends,24.8,13,6,13,1.08,Old Airport Road
2026-04-05,WGG8+G5|XH7P+G6,weekends,24.62,13,7,13,0.0,Mysore Road
2026-04-05,2HVW+G8|XJXR+WG,weekends,22.46,13,8,13,-1.08,North Outer Ring
2026-04-05,XHJ7+MG|WJM6+VC,weekends,21.99,13,9,13,-2.17,Central Diagonal 1
2026-04-05,2HM2+P8|XJV5+RG,weekends,21.98,13,10,13,-3.25,North Inner Ring
2026-04-05,XJPW+92|WJP4+FF,weekends,21.12,13,11,13,-4.33,East Inner Ring
2026-04-05,WHR9+R6|XJGF+6J,weekends,19.13,13,12,13,-5.42,Central Diagonal 2
2026-04-05,XG48+2W|VHWC+C3,weekends,19.09,13,13,13,-6.5,South Outer Ring
2026-04-11,XJG4+7J|5PX4+HQ,weekends,35.27,13,1,13,6.5,Airport Expy
2026-04-11,XMW9+G8|WMJR+V4,weekends,28.3,13,2,13,5.42,East Outer Ring
2026-04-11,VJRQ+2M|RMJJ+F4,weekends,27.06,13,3,13,4.33,Hosur Road
2026-04-11,WH5F+26|WJ8X+F5W,weekends,23.78,13,4,13,3.25,Double Decker Flyover
2026-04-11,WP44+W8|WJFH+XQ,weekends,22.12,13,5,13,2.17,Sarjapur Road
2026-04-11,XPC7+72|XM33+J3,weekends,21.07,13,6,13,1.08,Old Airport Road
2026-04-11,WGG8+G5|XH7P+G6,weekends,19.67,13,7,13,0.0,Mysore Road
2026-04-11,XJPW+92|WJP4+FF,weekends,19.24,13,8,13,-1.08,East Inner Ring
2026-04-11,2HVW+G8|XJXR+WG,weekends,18.76,13,9,13,-2.17,North Outer Ring
2026-04-11,2HM2+P8|XJV5+RG,weekends,18.71,13,10,13,-3.25,North Inner Ring
2026-04-11,XHJ7+MG|WJM6+VC,weekends,18.38,13,11,13,-4.33,Central Diagonal 1
2026-04-11,XG48+2W|VHWC+C3,weekends,16.53,13,12,13,-5.42,South Outer Ring
2026-04-11,WHR9+R6|XJGF+6J,weekends,16.44,13,13,13,-6.5,Central Diagonal 2
2026-04-12,XJG4+7J|5PX4+HQ,weekends,40.64,11,1,13,6.5,Airport Expy
2026-04-12,VJRQ+2M|RMJJ+F4,weekends,31.59,11,2,13,5.42,Hosur Road
2026-04-12,XMW9+G8|WMJR+V4,weekends,30.42,11,3,13,4.33,East Outer Ring
2026-04-12,WH5F+26|WJ8X+F5W,weekends,26.63,11,4,13,3.25,Double Decker Flyover
2026-04-12,WP44+W8|WJFH+XQ,weekends,25.62,11,5,13,2.17,Sarjapur Road
2026-04-12,XPC7+72|XM33+J3,weekends,24.91,11,6,13,1.08,Old Airport Road
2026-04-12,WGG8+G5|XH7P+G6,weekends,24.78,11,7,13,0.0,Mysore Road
2026-04-12,2HVW+G8|XJXR+WG,weekends,22.18,11,8,13,-1.08,North Outer Ring
2026-04-12,XHJ7+MG|WJM6+VC,weekends,22.09,11,9,13,-2.17,Central Diagonal 1
2026-04-12,2HM2+P8|XJV5+RG,weekends,21.15,11,10,13,-3.25,North Inner Ring
2026-04-12,XJPW+92|WJP4+FF,weekends,20.87,11,11,13,-4.33,East Inner Ring
2026-04-12,XG48+2W|VHWC+C3,weekends,19.22,11,12,13,-5.42,South Outer Ring
2026-04-12,WHR9+R6|XJGF+6J,weekends,18.2,11,13,13,-6.5,Central Diagonal 2
2026-04-18,XJG4+7J|5PX4+HQ,weekends,35.03,13,1,13,6.5,Airport Expy
2026-04-18,XMW9+G8|WMJR+V4,weekends,31.89,13,2,13,5.42,East Outer Ring
2026-04-18,VJRQ+2M|RMJJ+F4,weekends,25.92,13,3,13,4.33,Hosur Road
2026-04-18,WH5F+26|WJ8X+F5W,weekends,23.79,13,4,13,3.25,Double Decker Flyover
2026-04-18,WP44+W8|WJFH+XQ,weekends,21.64,13,5,13,2.17,Sarjapur Road
2026-04-18,XPC7+72|XM33+J3,weekends,21.54,13,6,13,1.08,Old Airport Road
2026-04-18,WGG8+G5|XH7P+G6,weekends,19.92,13,7,13,0.0,Mysore Road
2026-04-18,XJPW+92|WJP4+FF,weekends,19.25,13,8,13,-1.08,East Inner Ring
2026-04-18,XHJ7+MG|WJM6+VC,weekends,19.08,13,9,13,-2.17,Central Diagonal 1
2026-04-18,2HVW+G8|XJXR+WG,weekends,18.97,13,10,13,-3.25,North Outer Ring
2026-04-18,2HM2+P8|XJV5+RG,weekends,18.7,13,11,13,-4.33,North Inner Ring
2026-04-18,XG48+2W|VHWC+C3,weekends,17.56,13,12,13,-5.42,South Outer Ring
2026-04-18,WHR9+R6|XJGF+6J,weekends,17.12,13,13,13,-6.5,Central Diagonal 2
2026-04-19,XJG4+7J|5PX4+HQ,weekends,40.1,11,1,13,6.5,Airport Expy
2026-04-19,XMW9+G8|WMJR+V4,weekends,34.96,11,2,13,5.42,East Outer Ring
2026-04-19,VJRQ+2M|RMJJ+F4,weekends,31.52,11,3,13,4.33,Hosur Road
2026-04-19,WH5F+26|WJ8X+F5W,weekends,26.57,11,4,13,3.25,Double Decker Flyover
2026-04-19,XPC7+72|XM33+J3,weekends,24.83,11,5,13,2.17,Old Airport Road
2026-04-19,WP44+W8|WJFH+XQ,weekends,24.81,11,6,13,1.08,Sarjapur Road
2026-04-19,WGG8+G5|XH7P+G6,weekends,24.65,11,7,13,0.0,Mysore Road
2026-04-19,2HVW+G8|XJXR+WG,weekends,23.53,11,8,13,-1.08,North Outer Ring
2026-04-19,XHJ7+MG|WJM6+VC,weekends,22.36,11,9,13,-2.17,Central Diagonal 1
2026-04-19,2HM2+P8|XJV5+RG,weekends,22.34,11,10,13,-3.25,North Inner Ring
2026-04-19,XJPW+92|WJP4+FF,weekends,20.79,11,11,13,-4.33,East Inner Ring
2026-04-19,XG48+2W|VHWC+C3,weekends,19.5,11,12,13,-5.42,South Outer Ring
2026-04-19,WHR9+R6|XJGF+6J,weekends,19.28,11,13,13,-6.5,Central Diagonal 2
2026-04-25,XJG4+7J|5PX4+HQ,weekends,36.56,13,1,13,6.5,Airport Expy
2026-04-25,XMW9+G8|WMJR+V4,weekends,33.81,13,2,13,5.42,East Outer Ring
2026-04-25,VJRQ+2M|RMJJ+F4,weekends,28.36,13,3,13,4.33,Hosur Road
2026-04-25,WH5F+26|WJ8X+F5W,weekends,24.31,13,4,13,3.25,Double Decker Flyover
2026-04-25,XPC7+72|XM33+J3,weekends,23.38,13,5,13,2.17,Old Airport Road
2026-04-25,2HVW+G8|XJXR+WG,weekends,21.41,13,6,13,1.08,North Outer Ring
2026-04-25,WP44+W8|WJFH+XQ,weekends,21.33,13,7,13,0.0,Sarjapur Road
2026-04-25,WGG8+G5|XH7P+G6,weekends,21.3,13,8,13,-1.08,Mysore Road
2026-04-25,XJPW+92|WJP4+FF,weekends,20.94,13,9,13,-2.17,East Inner Ring
2026-04-25,2HM2+P8|XJV5+RG,weekends,20.83,13,10,13,-3.25,North Inner Ring
2026-04-25,XHJ7+MG|WJM6+VC,weekends,20.23,13,11,13,-4.33,Central Diagonal 1
2026-04-25,XG48+2W|VHWC+C3,weekends,17.85,13,12,13,-5.42,South Outer Ring
2026-04-25,WHR9+R6|XJGF+6J,weekends,17.45,13,13,13,-6.5,Central Diagonal 2
2026-04-26,XJG4+7J|5PX4+HQ,weekends,38.9,14,1,13,6.5,Airport Expy
2026-04-26,XMW9+G8|WMJR+V4,weekends,35.79,14,2,13,5.42,East Outer Ring
2026-04-26,VJRQ+2M|RMJJ+F4,weekends,32.48,14,3,13,4.33,Hosur Road
2026-04-26,WH5F+26|WJ8X+F5W,weekends,26.97,14,4,13,3.25,Double Decker Flyover
2026-04-26,WP44+W8|WJFH+XQ,weekends,26.69,14,5,13,2.17,Sarjapur Road
2026-04-26,XPC7+72|XM33+J3,weekends,25.66,14,6,13,1.08,Old Airport Road
2026-04-26,WGG8+G5|XH7P+G6,weekends,25.03,14,7,13,0.0,Mysore Road
2026-04-26,2HVW+G8|XJXR+WG,weekends,23.76,14,8,13,-1.08,North Outer Ring
2026-04-26,XHJ7+MG|WJM6+VC,weekends,22.92,14,9,13,-2.17,Central Diagonal 1
2026-04-26,2HM2+P8|XJV5+RG,weekends,22.87,14,10,13,-3.25,North Inner Ring
2026-04-26,XJPW+92|WJP4+FF,weekends,22.36,14,11,13,-4.33,East Inner Ring
2026-04-26,WHR9+R6|XJGF+6J,weekends,20.09,14,12,13,-5.42,Central Diagonal 2
2026-04-26,XG48+2W|VHWC+C3,weekends,19.86,14,13,13,-6.5,South Outer Ring
2026-05-02,XJG4+7J|5PX4+HQ,weekends,37.23,13,1,13,6.5,Airport Expy
2026-05-02,XMW9+G8|WMJR+V4,weekends,34.25,13,2,13,5.42,East Outer Ring
2026-05-02,VJRQ+2M|RMJJ+F4,weekends,29.16,13,3,13,4.33,Hosur Road
2026-05-02,XPC7+72|XM33+J3,weekends,24.51,13,4,13,3.25,Old Airport Road
2026-05-02,WP44+W8|WJFH+XQ,weekends,23.89,13,5,13,2.17,Sarjapur Road
2026-05-02,WH5F+26|WJ8X+F5W,weekends,23.49,13,6,13,1.08,Double Decker Flyover
2026-05-02,2HVW+G8|XJXR+WG,weekends,21.54,13,7,13,0.0,North Outer Ring
2026-05-02,XJPW+92|WJP4+FF,weekends,20.84,13,8,13,-1.08,East Inner Ring
2026-05-02,WGG8+G5|XH7P+G6,weekends,20.26,13,9,13,-2.17,Mysore Road
2026-05-02,2HM2+P8|XJV5+RG,weekends,20.11,13,10,13,-3.25,North Inner Ring
2026-05-02,XHJ7+MG|WJM6+VC,weekends,19.97,13,11,13,-4.33,Central Diagonal 1
2026-05-02,XG48+2W|VHWC+C3,weekends,17.84,13,12,13,-5.42,South Outer Ring
2026-05-02,WHR9+R6|XJGF+6J,weekends,17.79,13,13,13,-6.5,Central Diagonal 2
2026-05-03,XJG4+7J|5PX4+HQ,weekends,40.38,13,1,13,6.5,Airport Expy
2026-05-03,XMW9+G8|WMJR+V4,weekends,35.33,13,2,13,5.42,East Outer Ring
2026-05-03,VJRQ+2M|RMJJ+F4,weekends,32.71,13,3,13,4.33,Hosur Road
2026-05-03,WP44+W8|WJFH+XQ,weekends,26.81,13,4,13,3.25,Sarjapur Road
2026-05-03,XPC7+72|XM33+J3,weekends,26.35,13,5,13,2.17,Old Airport Road
2026-05-03,WH5F+26|WJ8X+F5W,weekends,26.06,13,6,13,1.08,Double Decker Flyover
2026-05-03,WGG8+G5|XH7P+G6,weekends,23.93,13,7,13,0.0,Mysore Road
2026-05-03,XJPW+92|WJP4+FF,weekends,22.66,13,8,13,-1.08,East Inner Ring
2026-05-03,XHJ7+MG|WJM6+VC,weekends,22.58,13,9,13,-2.17,Central Diagonal 1
2026-05-03,2HVW+G8|XJXR+WG,weekends,22.38,13,10,13,-3.25,North Outer Ring
2026-05-03,2HM2+P8|XJV5+RG,weekends,21.84,13,11,13,-4.33,North Inner Ring
2026-05-03,WHR9+R6|XJGF+6J,weekends,19.64,13,12,13,-5.42,Central Diagonal 2
2026-05-03,XG48+2W|VHWC+C3,weekends,19.32,13,13,13,-6.5,South Outer Ring
2026-05-09,XJG4+7J|5PX4+HQ,weekends,37.5,12,1,13,6.5,Airport Expy
2026-05-09,XMW9+G8|WMJR+V4,weekends,33.06,12,2,13,5.42,East Outer Ring
2026-05-09,VJRQ+2M|RMJJ+F4,weekends,27.6,12,3,13,4.33,Hosur Road
2026-05-09,WP44+W8|WJFH+XQ,weekends,25.02,12,4,13,3.25,Sarjapur Road
2026-05-09,WH5F+26|WJ8X+F5W,weekends,22.64,12,5,13,2.17,Double Decker Flyover
2026-05-09,XPC7+72|XM33+J3,weekends,22.23,12,6,13,1.08,Old Airport Road
2026-05-09,2HVW+G8|XJXR+WG,weekends,21.19,12,7,13,0.0,North Outer Ring
2026-05-09,2HM2+P8|XJV5+RG,weekends,21.1,12,8,13,-1.08,North Inner Ring
2026-05-09,XJPW+92|WJP4+FF,weekends,20.58,12,9,13,-2.17,East Inner Ring
2026-05-09,XHJ7+MG|WJM6+VC,weekends,20.49,12,10,13,-3.25,Central Diagonal 1
2026-05-09,WGG8+G5|XH7P+G6,weekends,20.4,12,11,13,-4.33,Mysore Road
2026-05-09,XG48+2W|VHWC+C3,weekends,17.97,12,12,13,-5.42,South Outer Ring
2026-05-09,WHR9+R6|XJGF+6J,weekends,17.77,12,13,13,-6.5,Central Diagonal 2
2026-05-10,XJG4+7J|5PX4+HQ,weekends,42.26,11,1,13,6.5,Airport Expy
2026-05-10,XMW9+G8|WMJR+V4,weekends,35.85,11,2,13,5.42,East Outer Ring
2026-05-10,VJRQ+2M|RMJJ+F4,weekends,32.0,11,3,13,4.33,Hosur Road
2026-05-10,WP44+W8|WJFH+XQ,weekends,25.97,11,4,13,3.25,Sarjapur Road
2026-05-10,WH5F+26|WJ8X+F5W,weekends,25.94,11,5,13,2.17,Double Decker Flyover
2026-05-10,2HVW+G8|XJXR+WG,weekends,25.02,11,6,13,1.08,North Outer Ring
2026-05-10,WGG8+G5|XH7P+G6,weekends,24.92,11,7,13,0.0,Mysore Road
2026-05-10,XPC7+72|XM33+J3,weekends,24.71,11,8,13,-1.08,Old Airport Road
2026-05-10,XHJ7+MG|WJM6+VC,weekends,23.35,11,9,13,-2.17,Central Diagonal 1
2026-05-10,2HM2+P8|XJV5+RG,weekends,23.07,11,10,13,-3.25,North Inner Ring
2026-05-10,XJPW+92|WJP4+FF,weekends,22.45,11,11,13,-4.33,East Inner Ring
2026-05-10,WHR9+R6|XJGF+6J,weekends,20.12,11,12,13,-5.42,Central Diagonal 2
2026-05-10,XG48+2W|VHWC+C3,weekends,20.01,11,13,13,-6.5,South Outer Ring
2026-05-16,XJG4+7J|5PX4+HQ,weekends,37.57,11,1,13,6.5,Airport Expy
2026-05-16,XMW9+G8|WMJR+V4,weekends,32.05,11,2,13,5.42,East Outer Ring
2026-05-16,VJRQ+2M|RMJJ+F4,weekends,27.0,11,3,13,4.33,Hosur Road
2026-05-16,WP44+W8|WJFH+XQ,weekends,23.1,11,4,13,3.25,Sarjapur Road
2026-05-16,WH5F+26|WJ8X+F5W,weekends,22.93,11,5,13,2.17,Double Decker Flyover
2026-05-16,XPC7+72|XM33+J3,weekends,19.57,11,6,13,1.08,Old Airport Road
2026-05-16,WGG8+G5|XH7P+G6,weekends,19.36,11,7,13,0.0,Mysore Road
2026-05-16,2HM2+P8|XJV5+RG,weekends,19.3,11,8,13,-1.08,North Inner Ring
2026-05-16,2HVW+G8|XJXR+WG,weekends,19.3,11,9,13,-2.17,North Outer Ring
2026-05-16,XHJ7+MG|WJM6+VC,weekends,18.6,11,10,13,-3.25,Central Diagonal 1
2026-05-16,XJPW+92|WJP4+FF,weekends,18.58,11,11,13,-4.33,East Inner Ring
2026-05-16,WHR9+R6|XJGF+6J,weekends,16.29,11,12,13,-5.42,Central Diagonal 2
2026-05-16,XG48+2W|VHWC+C3,weekends,16.02,11,13,13,-6.5,South Outer Ring
2026-05-17,XJG4+7J|5PX4+HQ,weekends,43.96,11,1,13,6.5,Airport Expy
2026-05-17,XMW9+G8|WMJR+V4,weekends,34.94,11,2,13,5.42,East Outer Ring
2026-05-17,VJRQ+2M|RMJJ+F4,weekends,31.59,11,3,13,4.33,Hosur Road
2026-05-17,WH5F+26|WJ8X+F5W,weekends,26.27,11,4,13,3.25,Double Decker Flyover
2026-05-17,WP44+W8|WJFH+XQ,weekends,26.07,11,5,13,2.17,Sarjapur Road
2026-05-17,WGG8+G5|XH7P+G6,weekends,26.01,11,6,13,1.08,Mysore Road
2026-05-17,XPC7+72|XM33+J3,weekends,24.29,11,7,13,0.0,Old Airport Road
2026-05-17,2HVW+G8|XJXR+WG,weekends,24.18,11,8,13,-1.08,North Outer Ring
2026-05-17,2HM2+P8|XJV5+RG,weekends,22.82,11,9,13,-2.17,North Inner Ring
2026-05-17,XHJ7+MG|WJM6+VC,weekends,22.73,11,10,13,-3.25,Central Diagonal 1
2026-05-17,XJPW+92|WJP4+FF,weekends,22.11,11,11,13,-4.33,East Inner Ring
2026-05-17,WHR9+R6|XJGF+6J,weekends,19.65,11,12,13,-5.42,Central Diagonal 2
2026-05-17,XG48+2W|VHWC+C3,weekends,19.56,11,13,13,-6.5,South Outer Ring
2026-05-23,XJG4+7J|5PX4+HQ,weekends,38.56,17,1,13,6.5,Airport Expy
2026-05-23,XMW9+G8|WMJR+V4,weekends,31.65,17,2,13,5.42,East Outer Ring
2026-05-23,VJRQ+2M|RMJJ+F4,weekends,25.97,17,3,13,4.33,Hosur Road
2026-05-23,WH5F+26|WJ8X+F5W,weekends,24.43,17,4,13,3.25,Double Decker Flyover
2026-05-23,WP44+W8|WJFH+XQ,weekends,23.99,17,5,13,2.17,Sarjapur Road
2026-05-23,XPC7+72|XM33+J3,weekends,21.7,17,6,13,1.08,Old Airport Road
2026-05-23,XJPW+92|WJP4+FF,weekends,21.01,17,7,13,0.0,East Inner Ring
2026-05-23,2HM2+P8|XJV5+RG,weekends,20.3,17,8,13,-1.08,North Inner Ring
2026-05-23,XHJ7+MG|WJM6+VC,weekends,20.12,17,9,13,-2.17,Central Diagonal 1
2026-05-23,WGG8+G5|XH7P+G6,weekends,19.81,17,10,13,-3.25,Mysore Road
2026-05-23,2HVW+G8|XJXR+WG,weekends,19.58,17,11,13,-4.33,North Outer Ring
2026-05-23,XG48+2W|VHWC+C3,weekends,17.58,17,12,13,-5.42,South Outer Ring
2026-05-23,WHR9+R6|XJGF+6J,weekends,17.38,17,13,13,-6.5,Central Diagonal 2
2026-05-24,XJG4+7J|5PX4+HQ,weekends,42.36,17,1,12,6.0,Airport Expy
2026-05-24,XMW9+G8|WMJR+V4,weekends,36.05,17,2,12,4.91,East Outer Ring
2026-05-24,VJRQ+2M|RMJJ+F4,weekends,30.46,17,3,12,3.82,Hosur Road
2026-05-24,WH5F+26|WJ8X+F5W,weekends,26.74,17,4,12,2.73,Double Decker Flyover
2026-05-24,WP44+W8|WJFH+XQ,weekends,26.53,17,5,12,1.64,Sarjapur Road
2026-05-24,WGG8+G5|XH7P+G6,weekends,24.85,17,6,12,0.55,Mysore Road
2026-05-24,XPC7+72|XM33+J3,weekends,24.85,17,7,12,-0.55,Old Airport Road
2026-05-24,XHJ7+MG|WJM6+VC,weekends,22.77,17,8,12,-1.64,Central Diagonal 1
2026-05-24,2HM2+P8|XJV5+RG,weekends,22.66,17,9,12,-2.73,North Inner Ring
2026-05-24,2HVW+G8|XJXR+WG,weekends,22.6,17,10,12,-3.82,North Outer Ring
2026-05-24,XJPW+92|WJP4+FF,weekends,22.46,17,11,12,-4.91,East Inner Ring
2026-05-24,WHR9+R6|XJGF+6J,weekends,19.56,17,12,12,-6.0,Central Diagonal 2
2026-05-30,XJG4+7J|5PX4+HQ,weekends,36.31,17,1,12,6.0,Airport Expy
2026-05-30,XMW9+G8|WMJR+V4,weekends,31.81,17,2,12,4.91,East Outer Ring
2026-05-30,VJRQ+2M|RMJJ+F4,weekends,26.95,17,3,12,3.82,Hosur Road
2026-05-30,WH5F+26|WJ8X+F5W,weekends,23.57,17,4,12,2.73,Double Decker Flyover
2026-05-30,WP44+W8|WJFH+XQ,weekends,23.57,17,5,12,1.64,Sarjapur Road
2026-05-30,XPC7+72|XM33+J3,weekends,22.11,17,6,12,0.55,Old Airport Road
2026-05-30,2HM2+P8|XJV5+RG,weekends,20.64,17,7,12,-0.55,North Inner Ring
2026-05-30,WGG8+G5|XH7P+G6,weekends,20.25,17,8,12,-1.64,Mysore Road
2026-05-30,XJPW+92|WJP4+FF,weekends,20.09,17,9,12,-2.73,East Inner Ring
2026-05-30,XHJ7+MG|WJM6+VC,weekends,19.82,17,10,12,-3.82,Central Diagonal 1
2026-05-30,2HVW+G8|XJXR+WG,weekends,19.37,17,11,12,-4.91,North Outer Ring
2026-05-30,WHR9+R6|XJGF+6J,weekends,17.0,17,12,12,-6.0,Central Diagonal 2
2026-05-31,XJG4+7J|5PX4+HQ,weekends,41.5,17,1,12,6.0,Airport Expy
2026-05-31,XMW9+G8|WMJR+V4,weekends,35.68,17,2,12,4.91,East Outer Ring
2026-05-31,VJRQ+2M|RMJJ+F4,weekends,30.81,17,3,12,3.82,Hosur Road
2026-05-31,WH5F+26|WJ8X+F5W,weekends,26.72,17,4,12,2.73,Double Decker Flyover
2026-05-31,WGG8+G5|XH7P+G6,weekends,24.92,17,5,12,1.64,Mysore Road
2026-05-31,WP44+W8|WJFH+XQ,weekends,24.78,17,6,12,0.55,Sarjapur Road
2026-05-31,XPC7+72|XM33+J3,weekends,24.0,17,7,12,-0.55,Old Airport Road
2026-05-31,XHJ7+MG|WJM6+VC,weekends,22.95,17,8,12,-1.64,Central Diagonal 1
2026-05-31,2HVW+G8|XJXR+WG,weekends,22.72,17,9,12,-2.73,North Outer Ring
2026-05-31,2HM2+P8|XJV5+RG,weekends,21.89,17,10,12,-3.82,North Inner Ring
2026-05-31,XJPW+92|WJP4+FF,weekends,21.72,17,11,12,-4.91,East Inner Ring
2026-05-31,WHR9+R6|XJGF+6J,weekends,18.99,17,12,12,-6.0,Central Diagonal 2
2026-06-06,XJG4+7J|5PX4+HQ,weekends,37.09,17,1,12,6.0,Airport Expy
2026-06-06,XMW9+G8|WMJR+V4,weekends,31.91,17,2,12,4.91,East Outer Ring
2026-06-06,VJRQ+2M|RMJJ+F4,weekends,25.85,17,3,12,3.82,Hosur Road
2026-06-06,WH5F+26|WJ8X+F5W,weekends,23.91,17,4,12,2.73,Double Decker Flyover
2026-06-06,WP44+W8|WJFH+XQ,weekends,23.39,17,5,12,1.64,Sarjapur Road
2026-06-06,XPC7+72|XM33+J3,weekends,21.56,17,6,12,0.55,Old Airport Road
2026-06-06,XJPW+92|WJP4+FF,weekends,20.43,17,7,12,-0.55,East Inner Ring
2026-06-06,WGG8+G5|XH7P+G6,weekends,20.37,17,8,12,-1.64,Mysore Road
2026-06-06,2HM2+P8|XJV5+RG,weekends,20.21,17,9,12,-2.73,North Inner Ring
2026-06-06,XHJ7+MG|WJM6+VC,weekends,19.73,17,10,12,-3.82,Central Diagonal 1
2026-06-06,2HVW+G8|XJXR+WG,weekends,18.82,17,11,12,-4.91,North Outer Ring
2026-06-06,WHR9+R6|XJGF+6J,weekends,17.07,17,12,12,-6.0,Central Diagonal 2
2026-06-07,XJG4+7J|5PX4+HQ,weekends,40.98,17,1,12,6.0,Airport Expy
2026-06-07,XMW9+G8|WMJR+V4,weekends,34.53,17,2,12,4.91,East Outer Ring
2026-06-07,VJRQ+2M|RMJJ+F4,weekends,31.54,17,3,12,3.82,Hosur Road
2026-06-07,WH5F+26|WJ8X+F5W,weekends,27.21,17,4,12,2.73,Double Decker Flyover
2026-06-07,WP44+W8|WJFH+XQ,weekends,25.95,17,5,12,1.64,Sarjapur Road
2026-06-07,WGG8+G5|XH7P+G6,weekends,24.79,17,6,12,0.55,Mysore Road
2026-06-07,XPC7+72|XM33+J3,weekends,24.07,17,7,12,-0.55,Old Airport Road
2026-06-07,XHJ7+MG|WJM6+VC,weekends,22.8,17,8,12,-1.64,Central Diagonal 1
2026-06-07,2HM2+P8|XJV5+RG,weekends,22.64,17,9,12,-2.73,North Inner Ring
2026-06-07,XJPW+92|WJP4+FF,weekends,21.74,17,10,12,-3.82,East Inner Ring
2026-06-07,2HVW+G8|XJXR+WG,weekends,21.55,17,11,12,-4.91,North Outer Ring
2026-06-07,WHR9+R6|XJGF+6J,weekends,19.29,17,12,12,-6.0,Central Diagonal 2
2025-09-25,XJG4+7J|5PX4+HQ,late_hours,45.16,2,1,11,5.5,Airport Expy
2025-09-25,VJRQ+2M|RMJJ+F4,late_hours,33.63,2,2,11,4.4,Hosur Road
2025-09-25,XMW9+G8|WMJR+V4,late_hours,33.37,2,3,11,3.3,East Outer Ring
2025-09-25,WH5F+26|WJ8X+F5W,late_hours,33.11,2,4,11,2.2,Double Decker Flyover
2025-09-25,2HVW+G8|XJXR+WG,late_hours,29.08,2,5,11,1.1,North Outer Ring
2025-09-25,XHJ7+MG|WJM6+VC,late_hours,27.87,2,6,11,0.0,Central Diagonal 1
2025-09-25,2HM2+P8|XJV5+RG,late_hours,26.52,2,7,11,-1.1,North Inner Ring
2025-09-25,XPC7+72|XM33+J3,late_hours,26.12,2,8,11,-2.2,Old Airport Road
2025-09-25,XJPW+92|WJP4+FF,late_hours,24.46,2,9,11,-3.3,East Inner Ring
2025-09-25,XG48+2W|VHWC+C3,late_hours,23.85,2,10,11,-4.4,South Outer Ring
2025-09-25,WHR9+R6|XJGF+6J,late_hours,23.45,2,11,11,-5.5,Central Diagonal 2
2025-09-26,XJG4+7J|5PX4+HQ,late_hours,47.47,4,1,11,5.5,Airport Expy
2025-09-26,VJRQ+2M|RMJJ+F4,late_hours,40.52,7,2,11,4.4,Hosur Road
2025-09-26,WH5F+26|WJ8X+F5W,late_hours,37.57,7,3,11,3.3,Double Decker Flyover
2025-09-26,XMW9+G8|WMJR+V4,late_hours,35.03,7,4,11,2.2,East Outer Ring
2025-09-26,XHJ7+MG|WJM6+VC,late_hours,34.31,7,5,11,1.1,Central Diagonal 1
2025-09-26,XPC7+72|XM33+J3,late_hours,33.96,7,6,11,0.0,Old Airport Road
2025-09-26,XJPW+92|WJP4+FF,late_hours,31.16,7,7,11,-1.1,East Inner Ring
2025-09-26,2HM2+P8|XJV5+RG,late_hours,30.85,7,8,11,-2.2,North Inner Ring
2025-09-26,XG48+2W|VHWC+C3,late_hours,30.34,7,9,11,-3.3,South Outer Ring
2025-09-26,WHR9+R6|XJGF+6J,late_hours,27.99,7,10,11,-4.4,Central Diagonal 2
2025-09-26,2HVW+G8|XJXR+WG,late_hours,27.61,7,11,11,-5.5,North Outer Ring
2025-09-27,XJG4+7J|5PX4+HQ,late_hours,48.6,7,1,11,5.5,Airport Expy
2025-09-27,VJRQ+2M|RMJJ+F4,late_hours,40.04,7,2,11,4.4,Hosur Road
2025-09-27,WH5F+26|WJ8X+F5W,late_hours,36.5,7,3,11,3.3,Double Decker Flyover
2025-09-27,XMW9+G8|WMJR+V4,late_hours,34.53,7,4,11,2.2,East Outer Ring
2025-09-27,XHJ7+MG|WJM6+VC,late_hours,34.1,7,5,11,1.1,Central Diagonal 1
2025-09-27,XPC7+72|XM33+J3,late_hours,33.2,7,6,11,0.0,Old Airport Road
2025-09-27,XG48+2W|VHWC+C3,late_hours,29.79,7,7,11,-1.1,South Outer Ring
2025-09-27,XJPW+92|WJP4+FF,late_hours,29.69,7,8,11,-2.2,East Inner Ring
2025-09-27,2HM2+P8|XJV5+RG,late_hours,29.55,7,9,11,-3.3,North Inner Ring
2025-09-27,2HVW+G8|XJXR+WG,late_hours,28.61,7,10,11,-4.4,North Outer Ring
2025-09-27,WHR9+R6|XJGF+6J,late_hours,27.37,7,11,11,-5.5,Central Diagonal 2
2025-09-28,XJG4+7J|5PX4+HQ,late_hours,50.68,7,1,11,5.5,Airport Expy
2025-09-28,VJRQ+2M|RMJJ+F4,late_hours,41.69,7,2,11,4.4,Hosur Road
2025-09-28,XMW9+G8|WMJR+V4,late_hours,37.86,7,3,11,3.3,East Outer Ring
2025-09-28,WH5F+26|WJ8X+F5W,late_hours,37.62,7,4,11,2.2,Double Decker Flyover
2025-09-28,XHJ7+MG|WJM6+VC,late_hours,33.52,7,5,11,1.1,Central Diagonal 1
2025-09-28,XPC7+72|XM33+J3,late_hours,33.02,7,6,11,0.0,Old Airport Road
2025-09-28,2HM2+P8|XJV5+RG,late_hours,29.99,7,7,11,-1.1,North Inner Ring
2025-09-28,XJPW+92|WJP4+FF,late_hours,29.7,7,8,11,-2.2,East Inner Ring
2025-09-28,XG48+2W|VHWC+C3,late_hours,29.07,7,9,11,-3.3,South Outer Ring
2025-09-28,2HVW+G8|XJXR+WG,late_hours,28.86,7,10,11,-4.4,North Outer Ring
2025-09-28,WHR9+R6|XJGF+6J,late_hours,27.16,7,11,11,-5.5,Central Diagonal 2
2025-09-29,XJG4+7J|5PX4+HQ,late_hours,53.28,7,1,11,5.5,Airport Expy
2025-09-29,VJRQ+2M|RMJJ+F4,late_hours,40.58,7,2,11,4.4,Hosur Road
2025-09-29,XMW9+G8|WMJR+V4,late_hours,40.47,7,3,11,3.3,East Outer Ring
2025-09-29,WH5F+26|WJ8X+F5W,late_hours,36.82,7,4,11,2.2,Double Decker Flyover
2025-09-29,XPC7+72|XM33+J3,late_hours,35.43,7,5,11,1.1,Old Airport Road
2025-09-29,XHJ7+MG|WJM6+VC,late_hours,34.8,7,6,11,0.0,Central Diagonal 1
2025-09-29,XJPW+92|WJP4+FF,late_hours,32.39,7,7,11,-1.1,East Inner Ring
2025-09-29,2HM2+P8|XJV5+RG,late_hours,31.69,7,8,11,-2.2,North Inner Ring
2025-09-29,XG48+2W|VHWC+C3,late_hours,30.07,7,9,11,-3.3,South Outer Ring
2025-09-29,2HVW+G8|XJXR+WG,late_hours,29.74,7,10,11,-4.4,North Outer Ring
2025-09-29,WHR9+R6|XJGF+6J,late_hours,28.11,7,11,11,-5.5,Central Diagonal 2
2025-09-30,XJG4+7J|5PX4+HQ,late_hours,52.53,7,1,11,5.5,Airport Expy
2025-09-30,VJRQ+2M|RMJJ+F4,late_hours,41.4,7,2,11,4.4,Hosur Road
2025-09-30,WH5F+26|WJ8X+F5W,late_hours,38.58,7,3,11,3.3,Double Decker Flyover
2025-09-30,XMW9+G8|WMJR+V4,late_hours,34.67,7,4,11,2.2,East Outer Ring
2025-09-30,XPC7+72|XM33+J3,late_hours,34.53,7,5,11,1.1,Old Airport Road
2025-09-30,XHJ7+MG|WJM6+VC,late_hours,34.34,7,6,11,0.0,Central Diagonal 1
2025-09-30,2HM2+P8|XJV5+RG,late_hours,31.84,7,7,11,-1.1,North Inner Ring
2025-09-30,XJPW+92|WJP4+FF,late_hours,31.7,7,8,11,-2.2,East Inner Ring
2025-09-30,XG48+2W|VHWC+C3,late_hours,30.48,7,9,11,-3.3,South Outer Ring
2025-09-30,WHR9+R6|XJGF+6J,late_hours,28.63,7,10,11,-4.4,Central Diagonal 2
2025-09-30,2HVW+G8|XJXR+WG,late_hours,27.73,7,11,11,-5.5,North Outer Ring
2025-10-01,XJG4+7J|5PX4+HQ,late_hours,51.41,7,1,12,6.0,Airport Expy
2025-10-01,VJRQ+2M|RMJJ+F4,late_hours,40.7,7,2,12,4.91,Hosur Road
2025-10-01,WH5F+26|WJ8X+F5W,late_hours,38.78,7,3,12,3.82,Double Decker Flyover
2025-10-01,XMW9+G8|WMJR+V4,late_hours,35.18,7,4,12,2.73,East Outer Ring
2025-10-01,WGG8+G5|XH7P+G6,late_hours,34.56,6,5,12,1.64,Mysore Road
2025-10-01,XHJ7+MG|WJM6+VC,late_hours,34.48,7,6,12,0.55,Central Diagonal 1
2025-10-01,XPC7+72|XM33+J3,late_hours,33.71,7,7,12,-0.55,Old Airport Road
2025-10-01,XJPW+92|WJP4+FF,late_hours,31.87,7,8,12,-1.64,East Inner Ring
2025-10-01,2HM2+P8|XJV5+RG,late_hours,30.69,7,9,12,-2.73,North Inner Ring
2025-10-01,XG48+2W|VHWC+C3,late_hours,30.4,7,10,12,-3.82,South Outer Ring
2025-10-01,WHR9+R6|XJGF+6J,late_hours,28.31,7,11,12,-4.91,Central Diagonal 2
2025-10-01,2HVW+G8|XJXR+WG,late_hours,27.65,7,12,12,-6.0,North Outer Ring
2025-10-02,XJG4+7J|5PX4+HQ,late_hours,53.04,7,1,12,6.0,Airport Expy
2025-10-02,VJRQ+2M|RMJJ+F4,late_hours,42.79,7,2,12,4.91,Hosur Road
2025-10-02,XMW9+G8|WMJR+V4,late_hours,41.37,7,3,12,3.82,East Outer Ring
2025-10-02,WH5F+26|WJ8X+F5W,late_hours,38.25,7,4,12,2.73,Double Decker Flyover
2025-10-02,XPC7+72|XM33+J3,late_hours,35.27,7,5,12,1.64,Old Airport Road
2025-10-02,WGG8+G5|XH7P+G6,late_hours,34.88,7,6,12,0.55,Mysore Road
2025-10-02,XHJ7+MG|WJM6+VC,late_hours,34.31,7,7,12,-0.55,Central Diagonal 1
2025-10-02,XJPW+92|WJP4+FF,late_hours,31.74,7,8,12,-1.64,East Inner Ring
2025-10-02,2HM2+P8|XJV5+RG,late_hours,30.87,7,9,12,-2.73,North Inner Ring
2025-10-02,2HVW+G8|XJXR+WG,late_hours,30.65,7,10,12,-3.82,North Outer Ring
2025-10-02,XG48+2W|VHWC+C3,late_hours,30.51,7,11,12,-4.91,South Outer Ring
2025-10-02,WHR9+R6|XJGF+6J,late_hours,27.77,7,12,12,-6.0,Central Diagonal 2
2025-10-03,XJG4+7J|5PX4+HQ,late_hours,54.05,7,1,12,6.0,Airport Expy
2025-10-03,VJRQ+2M|RMJJ+F4,late_hours,42.66,7,2,12,4.91,Hosur Road
2025-10-03,XMW9+G8|WMJR+V4,late_hours,40.82,7,3,12,3.82,East Outer Ring
2025-10-03,WH5F+26|WJ8X+F5W,late_hours,38.61,7,4,12,2.73,Double Decker Flyover
2025-10-03,XPC7+72|XM33+J3,late_hours,35.7,7,5,12,1.64,Old Airport Road
2025-10-03,XHJ7+MG|WJM6+VC,late_hours,34.54,7,6,12,0.55,Central Diagonal 1
2025-10-03,WGG8+G5|XH7P+G6,late_hours,33.6,7,7,12,-0.55,Mysore Road
2025-10-03,2HVW+G8|XJXR+WG,late_hours,33.2,7,8,12,-1.64,North Outer Ring
2025-10-03,XJPW+92|WJP4+FF,late_hours,33.13,7,9,12,-2.73,East Inner Ring
2025-10-03,2HM2+P8|XJV5+RG,late_hours,30.88,7,10,12,-3.82,North Inner Ring
2025-10-03,XG48+2W|VHWC+C3,late_hours,30.09,7,11,12,-4.91,South Outer Ring
2025-10-03,WHR9+R6|XJGF+6J,late_hours,28.11,7,12,12,-6.0,Central Diagonal 2
2025-10-04,XJG4+7J|5PX4+HQ,late_hours,52.55,7,1,12,6.0,Airport Expy
2025-10-04,VJRQ+2M|RMJJ+F4,late_hours,41.69,7,2,12,4.91,Hosur Road
2025-10-04,WH5F+26|WJ8X+F5W,late_hours,36.89,7,3,12,3.82,Double Decker Flyover
2025-10-04,XMW9+G8|WMJR+V4,late_hours,35.88,7,4,12,2.73,East Outer Ring
2025-10-04,XPC7+72|XM33+J3,late_hours,34.65,7,5,12,1.64,Old Airport Road
2025-10-04,XHJ7+MG|WJM6+VC,late_hours,33.73,7,6,12,0.55,Central Diagonal 1
2025-10-04,WGG8+G5|XH7P+G6,late_hours,33.64,7,7,12,-0.55,Mysore Road
2025-10-04,XJPW+92|WJP4+FF,late_hours,31.64,7,8,12,-1.64,East Inner Ring
2025-10-04,2HM2+P8|XJV5+RG,late_hours,31.13,7,9,12,-2.73,North Inner Ring
2025-10-04,2HVW+G8|XJXR+WG,late_hours,31.11,7,10,12,-3.82,North Outer Ring
2025-10-04,XG48+2W|VHWC+C3,late_hours,29.95,7,11,12,-4.91,South Outer Ring
2025-10-04,WHR9+R6|XJGF+6J,late_hours,27.44,7,12,12,-6.0,Central Diagonal 2
2025-10-05,XJG4+7J|5PX4+HQ,late_hours,51.51,7,1,12,6.0,Airport Expy
2025-10-05,VJRQ+2M|RMJJ+F4,late_hours,42.02,7,2,12,4.91,Hosur Road
2025-10-05,WH5F+26|WJ8X+F5W,late_hours,36.73,7,3,12,3.82,Double Decker Flyover
2025-10-05,XHJ7+MG|WJM6+VC,late_hours,33.06,7,4,12,2.73,Central Diagonal 1
2025-10-05,XMW9+G8|WMJR+V4,late_hours,32.62,7,5,12,1.64,East Outer Ring
2025-10-05,XPC7+72|XM33+J3,late_hours,32.56,7,6,12,0.55,Old Airport Road
2025-10-05,XJPW+92|WJP4+FF,late_hours,31.19,7,7,12,-0.55,East Inner Ring
2025-10-05,WGG8+G5|XH7P+G6,late_hours,31.06,7,8,12,-1.64,Mysore Road
2025-10-05,2HM2+P8|XJV5+RG,late_hours,30.13,7,9,12,-2.73,North Inner Ring
2025-10-05,XG48+2W|VHWC+C3,late_hours,28.98,7,10,12,-3.82,South Outer Ring
2025-10-05,2HVW+G8|XJXR+WG,late_hours,27.31,7,11,12,-4.91,North Outer Ring
2025-10-05,WHR9+R6|XJGF+6J,late_hours,26.78,7,12,12,-6.0,Central Diagonal 2
2025-10-06,XJG4+7J|5PX4+HQ,late_hours,51.17,7,1,13,6.5,Airport Expy
2025-10-06,VJRQ+2M|RMJJ+F4,late_hours,41.44,7,2,13,5.42,Hosur Road
2025-10-06,WH5F+26|WJ8X+F5W,late_hours,37.04,7,3,13,4.33,Double Decker Flyover
2025-10-06,XMW9+G8|WMJR+V4,late_hours,36.82,7,4,13,3.25,East Outer Ring
2025-10-06,XPC7+72|XM33+J3,late_hours,33.69,7,5,13,2.17,Old Airport Road
2025-10-06,XHJ7+MG|WJM6+VC,late_hours,33.04,7,6,13,1.08,Central Diagonal 1
2025-10-06,XJPW+92|WJP4+FF,late_hours,31.39,7,7,13,0.0,East Inner Ring
2025-10-06,WGG8+G5|XH7P+G6,late_hours,30.97,7,8,13,-1.08,Mysore Road
2025-10-06,2HM2+P8|XJV5+RG,late_hours,29.81,7,9,13,-2.17,North Inner Ring
2025-10-06,2HVW+G8|XJXR+WG,late_hours,28.99,7,10,13,-3.25,North Outer Ring
2025-10-06,XG48+2W|VHWC+C3,late_hours,28.86,7,11,13,-4.33,South Outer Ring
2025-10-06,WHR9+R6|XJGF+6J,late_hours,27.46,7,12,13,-5.42,Central Diagonal 2
2025-10-06,WP44+W8|WJFH+XQ,late_hours,26.78,2,13,13,-6.5,Sarjapur Road
2025-10-07,XJG4+7J|5PX4+HQ,late_hours,52.85,7,1,13,6.5,Airport Expy
2025-10-07,VJRQ+2M|RMJJ+F4,late_hours,40.53,7,2,13,5.42,Hosur Road
2025-10-07,WH5F+26|WJ8X+F5W,late_hours,37.52,7,3,13,4.33,Double Decker Flyover
2025-10-07,XMW9+G8|WMJR+V4,late_hours,36.35,7,4,13,3.25,East Outer Ring
2025-10-07,XHJ7+MG|WJM6+VC,late_hours,34.72,7,5,13,2.17,Central Diagonal 1
2025-10-07,XPC7+72|XM33+J3,late_hours,34.35,7,6,13,1.08,Old Airport Road
2025-10-07,WGG8+G5|XH7P+G6,late_hours,33.05,7,7,13,0.0,Mysore Road
2025-10-07,XJPW+92|WJP4+FF,late_hours,31.94,7,8,13,-1.08,East Inner Ring
2025-10-07,2HM2+P8|XJV5+RG,late_hours,31.36,7,9,13,-2.17,North Inner Ring
2025-10-07,XG48+2W|VHWC+C3,late_hours,29.7,7,10,13,-3.25,South Outer Ring
2025-10-07,WP44+W8|WJFH+XQ,late_hours,29.56,7,11,13,-4.33,Sarjapur Road
2025-10-07,2HVW+G8|XJXR+WG,late_hours,28.95,7,12,13,-5.42,North Outer Ring
2025-10-07,WHR9+R6|XJGF+6J,late_hours,27.97,7,13,13,-6.5,Central Diagonal 2
2025-10-08,XJG4+7J|5PX4+HQ,late_hours,52.28,7,1,13,6.5,Airport Expy
2025-10-08,VJRQ+2M|RMJJ+F4,late_hours,41.21,7,2,13,5.42,Hosur Road
2025-10-08,WH5F+26|WJ8X+F5W,late_hours,38.1,7,3,13,4.33,Double Decker Flyover
2025-10-08,XMW9+G8|WMJR+V4,late_hours,35.02,7,4,13,3.25,East Outer Ring
2025-10-08,XHJ7+MG|WJM6+VC,late_hours,34.57,7,5,13,2.17,Central Diagonal 1
2025-10-08,WGG8+G5|XH7P+G6,late_hours,33.6,7,6,13,1.08,Mysore Road
2025-10-08,XPC7+72|XM33+J3,late_hours,33.42,7,7,13,0.0,Old Airport Road
2025-10-08,2HM2+P8|XJV5+RG,late_hours,32.09,7,8,13,-1.08,North Inner Ring
2025-10-08,XJPW+92|WJP4+FF,late_hours,30.91,7,9,13,-2.17,East Inner Ring
2025-10-08,2HVW+G8|XJXR+WG,late_hours,30.51,7,10,13,-3.25,North Outer Ring
2025-10-08,XG48+2W|VHWC+C3,late_hours,30.1,7,11,13,-4.33,South Outer Ring
2025-10-08,WP44+W8|WJFH+XQ,late_hours,29.68,7,12,13,-5.42,Sarjapur Road
2025-10-08,WHR9+R6|XJGF+6J,late_hours,28.09,7,13,13,-6.5,Central Diagonal 2
2025-10-09,XJG4+7J|5PX4+HQ,late_hours,51.06,7,1,13,6.5,Airport Expy
2025-10-09,VJRQ+2M|RMJJ+F4,late_hours,39.94,7,2,13,5.42,Hosur Road
2025-10-09,WH5F+26|WJ8X+F5W,late_hours,37.52,7,3,13,4.33,Double Decker Flyover
2025-10-09,WGG8+G5|XH7P+G6,late_hours,33.69,7,4,13,3.25,Mysore Road
2025-10-09,XHJ7+MG|WJM6+VC,late_hours,33.32,7,5,13,2.17,Central Diagonal 1
2025-10-09,XPC7+72|XM33+J3,late_hours,31.69,7,6,13,1.08,Old Airport Road
2025-10-09,2HM2+P8|XJV5+RG,late_hours,31.24,7,7,13,0.0,North Inner Ring
2025-10-09,XG48+2W|VHWC+C3,late_hours,30.19,7,8,13,-1.08,South Outer Ring
2025-10-09,XJPW+92|WJP4+FF,late_hours,30.19,7,9,13,-2.17,East Inner Ring
2025-10-09,XMW9+G8|WMJR+V4,late_hours,29.91,7,10,13,-3.25,East Outer Ring
2025-10-09,2HVW+G8|XJXR+WG,late_hours,29.82,7,11,13,-4.33,North Outer Ring
2025-10-09,WHR9+R6|XJGF+6J,late_hours,27.95,7,12,13,-5.42,Central Diagonal 2
2025-10-09,WP44+W8|WJFH+XQ,late_hours,27.47,7,13,13,-6.5,Sarjapur Road
2025-10-10,XJG4+7J|5PX4+HQ,late_hours,48.37,7,1,13,6.5,Airport Expy
2025-10-10,VJRQ+2M|RMJJ+F4,late_hours,38.63,7,2,13,5.42,Hosur Road
2025-10-10,WH5F+26|WJ8X+F5W,late_hours,37.28,7,3,13,4.33,Double Decker Flyover
2025-10-10,XMW9+G8|WMJR+V4,late_hours,33.16,7,4,13,3.25,East Outer Ring
2025-10-10,XHJ7+MG|WJM6+VC,late_hours,32.22,7,5,13,2.17,Central Diagonal 1
2025-10-10,WGG8+G5|XH7P+G6,late_hours,31.81,7,6,13,1.08,Mysore Road
2025-10-10,2HM2+P8|XJV5+RG,late_hours,29.65,7,7,13,0.0,North Inner Ring
2025-10-10,XJPW+92|WJP4+FF,late_hours,29.03,7,8,13,-1.08,East Inner Ring
2025-10-10,XG48+2W|VHWC+C3,late_hours,28.95,7,9,13,-2.17,South Outer Ring
2025-10-10,XPC7+72|XM33+J3,late_hours,28.87,7,10,13,-3.25,Old Airport Road
2025-10-10,WHR9+R6|XJGF+6J,late_hours,26.44,7,11,13,-4.33,Central Diagonal 2
2025-10-10,WP44+W8|WJFH+XQ,late_hours,26.32,7,12,13,-5.42,Sarjapur Road
2025-10-10,2HVW+G8|XJXR+WG,late_hours,25.38,7,13,13,-6.5,North Outer Ring
2025-10-11,XJG4+7J|5PX4+HQ,late_hours,48.78,7,1,13,6.5,Airport Expy
2025-10-11,VJRQ+2M|RMJJ+F4,late_hours,39.9,7,2,13,5.42,Hosur Road
2025-10-11,WH5F+26|WJ8X+F5W,late_hours,35.59,7,3,13,4.33,Double Decker Flyover
2025-10-11,XMW9+G8|WMJR+V4,late_hours,33.01,7,4,13,3.25,East Outer Ring
2025-10-11,WGG8+G5|XH7P+G6,late_hours,30.25,7,5,13,2.17,Mysore Road
2025-10-11,XHJ7+MG|WJM6+VC,late_hours,30.18,7,6,13,1.08,Central Diagonal 1
2025-10-11,XPC7+72|XM33+J3,late_hours,29.93,7,7,13,0.0,Old Airport Road
2025-10-11,2HM2+P8|XJV5+RG,late_hours,29.11,7,8,13,-1.08,North Inner Ring
2025-10-11,XG48+2W|VHWC+C3,late_hours,27.84,7,9,13,-2.17,South Outer Ring
2025-10-11,XJPW+92|WJP4+FF,late_hours,26.97,7,10,13,-3.25,East Inner Ring
2025-10-11,2HVW+G8|XJXR+WG,late_hours,26.59,7,11,13,-4.33,North Outer Ring
2025-10-11,WHR9+R6|XJGF+6J,late_hours,25.19,7,12,13,-5.42,Central Diagonal 2
2025-10-11,WP44+W8|WJFH+XQ,late_hours,25.03,7,13,13,-6.5,Sarjapur Road
2025-10-12,XJG4+7J|5PX4+HQ,late_hours,49.92,7,1,13,6.5,Airport Expy
2025-10-12,VJRQ+2M|RMJJ+F4,late_hours,40.79,7,2,13,5.42,Hosur Road
2025-10-12,WH5F+26|WJ8X+F5W,late_hours,36.84,7,3,13,4.33,Double Decker Flyover
2025-10-12,XMW9+G8|WMJR+V4,late_hours,32.74,7,4,13,3.25,East Outer Ring
2025-10-12,XHJ7+MG|WJM6+VC,late_hours,32.56,7,5,13,2.17,Central Diagonal 1
2025-10-12,WGG8+G5|XH7P+G6,late_hours,31.97,7,6,13,1.08,Mysore Road
2025-10-12,XPC7+72|XM33+J3,late_hours,31.1,7,7,13,0.0,Old Airport Road
2025-10-12,2HM2+P8|XJV5+RG,late_hours,30.49,7,8,13,-1.08,North Inner Ring
2025-10-12,XJPW+92|WJP4+FF,late_hours,28.61,7,9,13,-2.17,East Inner Ring
2025-10-12,XG48+2W|VHWC+C3,late_hours,28.33,7,10,13,-3.25,South Outer Ring
2025-10-12,WP44+W8|WJFH+XQ,late_hours,27.13,7,11,13,-4.33,Sarjapur Road
2025-10-12,2HVW+G8|XJXR+WG,late_hours,26.18,7,12,13,-5.42,North Outer Ring
2025-10-12,WHR9+R6|XJGF+6J,late_hours,26.05,7,13,13,-6.5,Central Diagonal 2
2025-10-13,XJG4+7J|5PX4+HQ,late_hours,52.95,7,1,13,6.5,Airport Expy
2025-10-13,VJRQ+2M|RMJJ+F4,late_hours,41.21,7,2,13,5.42,Hosur Road
2025-10-13,WH5F+26|WJ8X+F5W,late_hours,38.49,7,3,13,4.33,Double Decker Flyover
2025-10-13,XMW9+G8|WMJR+V4,late_hours,38.27,7,4,13,3.25,East Outer Ring
2025-10-13,XHJ7+MG|WJM6+VC,late_hours,33.82,7,5,13,2.17,Central Diagonal 1
2025-10-13,WGG8+G5|XH7P+G6,late_hours,33.71,7,6,13,1.08,Mysore Road
2025-10-13,XPC7+72|XM33+J3,late_hours,33.63,7,7,13,0.0,Old Airport Road
2025-10-13,2HM2+P8|XJV5+RG,late_hours,31.32,7,8,13,-1.08,North Inner Ring
2025-10-13,2HVW+G8|XJXR+WG,late_hours,30.58,7,9,13,-2.17,North Outer Ring
2025-10-13,XJPW+92|WJP4+FF,late_hours,30.26,7,10,13,-3.25,East Inner Ring
2025-10-13,XG48+2W|VHWC+C3,late_hours,29.44,7,11,13,-4.33,South Outer Ring
2025-10-13,WP44+W8|WJFH+XQ,late_hours,29.21,7,12,13,-5.42,Sarjapur Road
2025-10-13,WHR9+R6|XJGF+6J,late_hours,27.73,7,13,13,-6.5,Central Diagonal 2
2025-10-14,XJG4+7J|5PX4+HQ,late_hours,53.19,7,1,13,6.5,Airport Expy
2025-10-14,VJRQ+2M|RMJJ+F4,late_hours,40.72,7,2,13,5.42,Hosur Road
2025-10-14,WH5F+26|WJ8X+F5W,late_hours,37.52,7,3,13,4.33,Double Decker Flyover
2025-10-14,XMW9+G8|WMJR+V4,late_hours,34.69,7,4,13,3.25,East Outer Ring
2025-10-14,XHJ7+MG|WJM6+VC,late_hours,34.5,7,5,13,2.17,Central Diagonal 1
2025-10-14,XPC7+72|XM33+J3,late_hours,33.23,7,6,13,1.08,Old Airport Road
2025-10-14,WGG8+G5|XH7P+G6,late_hours,33.18,7,7,13,0.0,Mysore Road
2025-10-14,2HM2+P8|XJV5+RG,late_hours,32.49,7,8,13,-1.08,North Inner Ring
2025-10-14,XJPW+92|WJP4+FF,late_hours,31.01,7,9,13,-2.17,East Inner Ring
2025-10-14,XG48+2W|VHWC+C3,late_hours,30.22,7,10,13,-3.25,South Outer Ring
2025-10-14,WP44+W8|WJFH+XQ,late_hours,28.57,7,11,13,-4.33,Sarjapur Road
2025-10-14,WHR9+R6|XJGF+6J,late_hours,28.25,7,12,13,-5.42,Central Diagonal 2
2025-10-14,2HVW+G8|XJXR+WG,late_hours,27.87,7,13,13,-6.5,North Outer Ring
2025-10-15,XJG4+7J|5PX4+HQ,late_hours,51.93,7,1,13,6.5,Airport Expy
2025-10-15,VJRQ+2M|RMJJ+F4,late_hours,39.54,7,2,13,5.42,Hosur Road
2025-10-15,WH5F+26|WJ8X+F5W,late_hours,38.66,7,3,13,4.33,Double Decker Flyover
2025-10-15,XHJ7+MG|WJM6+VC,late_hours,33.74,7,4,13,3.25,Central Diagonal 1
2025-10-15,WGG8+G5|XH7P+G6,late_hours,33.6,7,5,13,2.17,Mysore Road
2025-10-15,XPC7+72|XM33+J3,late_hours,32.92,7,6,13,1.08,Old Airport Road
2025-10-15,XMW9+G8|WMJR+V4,late_hours,32.42,7,7,13,0.0,East Outer Ring
2025-10-15,2HM2+P8|XJV5+RG,late_hours,32.12,7,8,13,-1.08,North Inner Ring
2025-10-15,XJPW+92|WJP4+FF,late_hours,30.87,7,9,13,-2.17,East Inner Ring
2025-10-15,XG48+2W|VHWC+C3,late_hours,30.19,7,10,13,-3.25,South Outer Ring
2025-10-15,2HVW+G8|XJXR+WG,late_hours,29.54,7,11,13,-4.33,North Outer Ring
2025-10-15,WP44+W8|WJFH+XQ,late_hours,28.71,7,12,13,-5.42,Sarjapur Road
2025-10-15,WHR9+R6|XJGF+6J,late_hours,28.13,7,13,13,-6.5,Central Diagonal 2
2025-10-16,XJG4+7J|5PX4+HQ,late_hours,50.92,7,1,13,6.5,Airport Expy
2025-10-16,VJRQ+2M|RMJJ+F4,late_hours,40.23,7,2,13,5.42,Hosur Road
2025-10-16,WH5F+26|WJ8X+F5W,late_hours,37.76,7,3,13,4.33,Double Decker Flyover
2025-10-16,XHJ7+MG|WJM6+VC,late_hours,34.01,7,4,13,3.25,Central Diagonal 1
2025-10-16,XMW9+G8|WMJR+V4,late_hours,32.96,7,5,13,2.17,East Outer Ring
2025-10-16,XPC7+72|XM33+J3,late_hours,32.93,7,6,13,1.08,Old Airport Road
2025-10-16,WGG8+G5|XH7P+G6,late_hours,32.76,7,7,13,0.0,Mysore Road
2025-10-16,2HM2+P8|XJV5+RG,late_hours,31.61,7,8,13,-1.08,North Inner Ring
2025-10-16,XJPW+92|WJP4+FF,late_hours,30.57,7,9,13,-2.17,East Inner Ring
2025-10-16,2HVW+G8|XJXR+WG,late_hours,29.98,7,10,13,-3.25,North Outer Ring
2025-10-16,XG48+2W|VHWC+C3,late_hours,29.24,7,11,13,-4.33,South Outer Ring
2025-10-16,WHR9+R6|XJGF+6J,late_hours,27.79,7,12,13,-5.42,Central Diagonal 2
2025-10-16,WP44+W8|WJFH+XQ,late_hours,27.75,7,13,13,-6.5,Sarjapur Road
2025-10-17,XJG4+7J|5PX4+HQ,late_hours,49.67,7,1,13,6.5,Airport Expy
2025-10-17,VJRQ+2M|RMJJ+F4,late_hours,39.37,7,2,13,5.42,Hosur Road
2025-10-17,WH5F+26|WJ8X+F5W,late_hours,37.85,7,3,13,4.33,Double Decker Flyover
2025-10-17,XPC7+72|XM33+J3,late_hours,33.76,7,4,13,3.25,Old Airport Road
2025-10-17,XMW9+G8|WMJR+V4,late_hours,33.45,7,5,13,2.17,East Outer Ring
2025-10-17,XHJ7+MG|WJM6+VC,late_hours,31.97,7,6,13,1.08,Central Diagonal 1
2025-10-17,WGG8+G5|XH7P+G6,late_hours,31.28,7,7,13,0.0,Mysore Road
2025-10-17,2HM2+P8|XJV5+RG,late_hours,30.91,7,8,13,-1.08,North Inner Ring
2025-10-17,XJPW+92|WJP4+FF,late_hours,29.71,7,9,13,-2.17,East Inner Ring
2025-10-17,XG48+2W|VHWC+C3,late_hours,29.2,7,10,13,-3.25,South Outer Ring
2025-10-17,WP44+W8|WJFH+XQ,late_hours,28.6,7,11,13,-4.33,Sarjapur Road
2025-10-17,2HVW+G8|XJXR+WG,late_hours,28.0,7,12,13,-5.42,North Outer Ring
2025-10-17,WHR9+R6|XJGF+6J,late_hours,27.05,7,13,13,-6.5,Central Diagonal 2
2025-10-18,XJG4+7J|5PX4+HQ,late_hours,48.59,7,1,13,6.5,Airport Expy
2025-10-18,VJRQ+2M|RMJJ+F4,late_hours,38.26,7,2,13,5.42,Hosur Road
2025-10-18,WH5F+26|WJ8X+F5W,late_hours,36.15,7,3,13,4.33,Double Decker Flyover
2025-10-18,XMW9+G8|WMJR+V4,late_hours,34.35,7,4,13,3.25,East Outer Ring
2025-10-18,XPC7+72|XM33+J3,late_hours,33.4,7,5,13,2.17,Old Airport Road
2025-10-18,WGG8+G5|XH7P+G6,late_hours,31.18,7,6,13,1.08,Mysore Road
2025-10-18,XHJ7+MG|WJM6+VC,late_hours,30.98,7,7,13,0.0,Central Diagonal 1
2025-10-18,2HM2+P8|XJV5+RG,late_hours,30.45,7,8,13,-1.08,North Inner Ring
2025-10-18,XG48+2W|VHWC+C3,late_hours,28.69,7,9,13,-2.17,South Outer Ring
2025-10-18,XJPW+92|WJP4+FF,late_hours,28.37,7,10,13,-3.25,East Inner Ring
2025-10-18,2HVW+G8|XJXR+WG,late_hours,27.65,7,11,13,-4.33,North Outer Ring
2025-10-18,WP44+W8|WJFH+XQ,late_hours,27.12,7,12,13,-5.42,Sarjapur Road
2025-10-18,WHR9+R6|XJGF+6J,late_hours,26.14,7,13,13,-6.5,Central Diagonal 2
2025-10-19,XJG4+7J|5PX4+HQ,late_hours,49.85,7,1,13,6.5,Airport Expy
2025-10-19,VJRQ+2M|RMJJ+F4,late_hours,40.0,7,2,13,5.42,Hosur Road
2025-10-19,XMW9+G8|WMJR+V4,late_hours,37.6,7,3,13,4.33,East Outer Ring
2025-10-19,WH5F+26|WJ8X+F5W,late_hours,35.49,7,4,13,3.25,Double Decker Flyover
2025-10-19,XPC7+72|XM33+J3,late_hours,33.52,7,5,13,2.17,Old Airport Road
2025-10-19,XHJ7+MG|WJM6+VC,late_hours,31.76,7,6,13,1.08,Central Diagonal 1
2025-10-19,WGG8+G5|XH7P+G6,late_hours,30.95,7,7,13,0.0,Mysore Road
2025-10-19,2HM2+P8|XJV5+RG,late_hours,30.12,7,8,13,-1.08,North Inner Ring
2025-10-19,XJPW+92|WJP4+FF,late_hours,29.06,7,9,13,-2.17,East Inner Ring
2025-10-19,XG48+2W|VHWC+C3,late_hours,28.32,7,10,13,-3.25,South Outer Ring
2025-10-19,2HVW+G8|XJXR+WG,late_hours,28.12,7,11,13,-4.33,North Outer Ring
2025-10-19,WP44+W8|WJFH+XQ,late_hours,26.27,7,12,13,-5.42,Sarjapur Road
2025-10-19,WHR9+R6|XJGF+6J,late_hours,26.16,7,13,13,-6.5,Central Diagonal 2
2025-10-20,XJG4+7J|5PX4+HQ,late_hours,52.94,7,1,13,6.5,Airport Expy
2025-10-20,XMW9+G8|WMJR+V4,late_hours,41.69,7,2,13,5.42,East Outer Ring
2025-10-20,VJRQ+2M|RMJJ+F4,late_hours,40.61,7,3,13,4.33,Hosur Road
2025-10-20,WH5F+26|WJ8X+F5W,late_hours,36.72,7,4,13,3.25,Double Decker Flyover
2025-10-20,XPC7+72|XM33+J3,late_hours,35.93,7,5,13,2.17,Old Airport Road
2025-10-20,XHJ7+MG|WJM6+VC,late_hours,33.46,7,6,13,1.08,Central Diagonal 1
2025-10-20,WGG8+G5|XH7P+G6,late_hours,32.75,7,7,13,0.0,Mysore Road
2025-10-20,2HM2+P8|XJV5+RG,late_hours,31.09,7,8,13,-1.08,North Inner Ring
2025-10-20,XJPW+92|WJP4+FF,late_hours,30.5,7,9,13,-2.17,East Inner Ring
2025-10-20,XG48+2W|VHWC+C3,late_hours,29.37,7,10,13,-3.25,South Outer Ring
2025-10-20,WP44+W8|WJFH+XQ,late_hours,29.1,7,11,13,-4.33,Sarjapur Road
2025-10-20,2HVW+G8|XJXR+WG,late_hours,28.89,7,12,13,-5.42,North Outer Ring
2025-10-20,WHR9+R6|XJGF+6J,late_hours,26.68,7,13,13,-6.5,Central Diagonal 2
2025-10-21,XJG4+7J|5PX4+HQ,late_hours,54.68,7,1,13,6.5,Airport Expy
2025-10-21,VJRQ+2M|RMJJ+F4,late_hours,41.11,7,2,13,5.42,Hosur Road
2025-10-21,WH5F+26|WJ8X+F5W,late_hours,39.64,7,3,13,4.33,Double Decker Flyover
2025-10-21,XMW9+G8|WMJR+V4,late_hours,37.17,7,4,13,3.25,East Outer Ring
2025-10-21,XPC7+72|XM33+J3,late_hours,36.65,7,5,13,2.17,Old Airport Road
2025-10-21,XHJ7+MG|WJM6+VC,late_hours,35.66,7,6,13,1.08,Central Diagonal 1
2025-10-21,WGG8+G5|XH7P+G6,late_hours,33.05,7,7,13,0.0,Mysore Road
2025-10-21,2HM2+P8|XJV5+RG,late_hours,32.66,7,8,13,-1.08,North Inner Ring
2025-10-21,XJPW+92|WJP4+FF,late_hours,32.28,7,9,13,-2.17,East Inner Ring
2025-10-21,2HVW+G8|XJXR+WG,late_hours,31.95,7,10,13,-3.25,North Outer Ring
2025-10-21,WP44+W8|WJFH+XQ,late_hours,31.49,7,11,13,-4.33,Sarjapur Road
2025-10-21,XG48+2W|VHWC+C3,late_hours,30.39,7,12,13,-5.42,South Outer Ring
2025-10-21,WHR9+R6|XJGF+6J,late_hours,28.43,7,13,13,-6.5,Central Diagonal 2
2025-10-22,XJG4+7J|5PX4+HQ,late_hours,53.81,7,1,13,6.5,Airport Expy
2025-10-22,VJRQ+2M|RMJJ+F4,late_hours,41.82,7,2,13,5.42,Hosur Road
2025-10-22,WH5F+26|WJ8X+F5W,late_hours,36.69,7,3,13,4.33,Double Decker Flyover
2025-10-22,XMW9+G8|WMJR+V4,late_hours,36.6,7,4,13,3.25,East Outer Ring
2025-10-22,XPC7+72|XM33+J3,late_hours,36.05,7,5,13,2.17,Old Airport Road
2025-10-22,XHJ7+MG|WJM6+VC,late_hours,35.77,7,6,13,1.08,Central Diagonal 1
2025-10-22,WGG8+G5|XH7P+G6,late_hours,34.44,7,7,13,0.0,Mysore Road
2025-10-22,2HM2+P8|XJV5+RG,late_hours,32.63,7,8,13,-1.08,North Inner Ring
2025-10-22,XJPW+92|WJP4+FF,late_hours,32.32,7,9,13,-2.17,East Inner Ring
2025-10-22,XG48+2W|VHWC+C3,late_hours,30.29,7,10,13,-3.25,South Outer Ring
2025-10-22,2HVW+G8|XJXR+WG,late_hours,29.84,7,11,13,-4.33,North Outer Ring
2025-10-22,WP44+W8|WJFH+XQ,late_hours,29.36,7,12,13,-5.42,Sarjapur Road
2025-10-22,WHR9+R6|XJGF+6J,late_hours,28.5,7,13,13,-6.5,Central Diagonal 2
2025-10-23,XJG4+7J|5PX4+HQ,late_hours,52.44,7,1,13,6.5,Airport Expy
2025-10-23,XMW9+G8|WMJR+V4,late_hours,40.02,7,2,13,5.42,East Outer Ring
2025-10-23,VJRQ+2M|RMJJ+F4,late_hours,39.88,7,3,13,4.33,Hosur Road
2025-10-23,WH5F+26|WJ8X+F5W,late_hours,38.25,7,4,13,3.25,Double Decker Flyover
2025-10-23,XPC7+72|XM33+J3,late_hours,36.14,7,5,13,2.17,Old Airport Road
2025-10-23,XHJ7+MG|WJM6+VC,late_hours,34.25,7,6,13,1.08,Central Diagonal 1
2025-10-23,WGG8+G5|XH7P+G6,late_hours,33.3,7,7,13,0.0,Mysore Road
2025-10-23,XJPW+92|WJP4+FF,late_hours,31.74,7,8,13,-1.08,East Inner Ring
2025-10-23,2HM2+P8|XJV5+RG,late_hours,31.47,7,9,13,-2.17,North Inner Ring
2025-10-23,2HVW+G8|XJXR+WG,late_hours,30.5,7,10,13,-3.25,North Outer Ring
2025-10-23,XG48+2W|VHWC+C3,late_hours,29.91,7,11,13,-4.33,South Outer Ring
2025-10-23,WP44+W8|WJFH+XQ,late_hours,29.09,7,12,13,-5.42,Sarjapur Road
2025-10-23,WHR9+R6|XJGF+6J,late_hours,27.49,7,13,13,-6.5,Central Diagonal 2
2025-10-24,XJG4+7J|5PX4+HQ,late_hours,52.1,7,1,13,6.5,Airport Expy
2025-10-24,VJRQ+2M|RMJJ+F4,late_hours,40.24,7,2,13,5.42,Hosur Road
2025-10-24,WH5F+26|WJ8X+F5W,late_hours,38.6,7,3,13,4.33,Double Decker Flyover
2025-10-24,XMW9+G8|WMJR+V4,late_hours,36.46,7,4,13,3.25,East Outer Ring
2025-10-24,XPC7+72|XM33+J3,late_hours,35.03,7,5,13,2.17,Old Airport Road
2025-10-24,XHJ7+MG|WJM6+VC,late_hours,34.83,7,6,13,1.08,Central Diagonal 1
2025-10-24,WGG8+G5|XH7P+G6,late_hours,33.4,7,7,13,0.0,Mysore Road
2025-10-24,2HM2+P8|XJV5+RG,late_hours,31.72,7,8,13,-1.08,North Inner Ring
2025-10-24,XJPW+92|WJP4+FF,late_hours,31.12,7,9,13,-2.17,East Inner Ring
2025-10-24,2HVW+G8|XJXR+WG,late_hours,30.01,7,10,13,-3.25,North Outer Ring
2025-10-24,XG48+2W|VHWC+C3,late_hours,29.75,7,11,13,-4.33,South Outer Ring
2025-10-24,WP44+W8|WJFH+XQ,late_hours,29.2,7,12,13,-5.42,Sarjapur Road
2025-10-24,WHR9+R6|XJGF+6J,late_hours,27.49,7,13,13,-6.5,Central Diagonal 2
2025-10-25,XJG4+7J|5PX4+HQ,late_hours,51.65,7,1,13,6.5,Airport Expy
2025-10-25,VJRQ+2M|RMJJ+F4,late_hours,40.01,7,2,13,5.42,Hosur Road
2025-10-25,WH5F+26|WJ8X+F5W,late_hours,37.48,7,3,13,4.33,Double Decker Flyover
2025-10-25,XMW9+G8|WMJR+V4,late_hours,35.71,7,4,13,3.25,East Outer Ring
2025-10-25,XPC7+72|XM33+J3,late_hours,34.54,7,5,13,2.17,Old Airport Road
2025-10-25,XHJ7+MG|WJM6+VC,late_hours,33.36,7,6,13,1.08,Central Diagonal 1
2025-10-25,WGG8+G5|XH7P+G6,late_hours,32.23,7,7,13,0.0,Mysore Road
2025-10-25,2HM2+P8|XJV5+RG,late_hours,31.37,7,8,13,-1.08,North Inner Ring
2025-10-25,XJPW+92|WJP4+FF,late_hours,30.53,7,9,13,-2.17,East Inner Ring
2025-10-25,2HVW+G8|XJXR+WG,late_hours,30.44,7,10,13,-3.25,North Outer Ring
2025-10-25,XG48+2W|VHWC+C3,late_hours,29.48,7,11,13,-4.33,South Outer Ring
2025-10-25,WP44+W8|WJFH+XQ,late_hours,28.09,7,12,13,-5.42,Sarjapur Road
2025-10-25,WHR9+R6|XJGF+6J,late_hours,26.54,7,13,13,-6.5,Central Diagonal 2
2025-10-26,XJG4+7J|5PX4+HQ,late_hours,52.11,7,1,13,6.5,Airport Expy
2025-10-26,VJRQ+2M|RMJJ+F4,late_hours,40.0,7,2,13,5.42,Hosur Road
2025-10-26,WH5F+26|WJ8X+F5W,late_hours,38.41,7,3,13,4.33,Double Decker Flyover
2025-10-26,XMW9+G8|WMJR+V4,late_hours,37.98,7,4,13,3.25,East Outer Ring
2025-10-26,XPC7+72|XM33+J3,late_hours,34.06,7,5,13,2.17,Old Airport Road
2025-10-26,XHJ7+MG|WJM6+VC,late_hours,33.24,7,6,13,1.08,Central Diagonal 1
2025-10-26,WGG8+G5|XH7P+G6,late_hours,33.05,7,7,13,0.0,Mysore Road
2025-10-26,2HVW+G8|XJXR+WG,late_hours,30.8,7,8,13,-1.08,North Outer Ring
2025-10-26,2HM2+P8|XJV5+RG,late_hours,30.65,7,9,13,-2.17,North Inner Ring
2025-10-26,XJPW+92|WJP4+FF,late_hours,30.06,7,10,13,-3.25,East Inner Ring
2025-10-26,XG48+2W|VHWC+C3,late_hours,28.93,7,11,13,-4.33,South Outer Ring
2025-10-26,WP44+W8|WJFH+XQ,late_hours,27.59,7,12,13,-5.42,Sarjapur Road
2025-10-26,WHR9+R6|XJGF+6J,late_hours,26.48,7,13,13,-6.5,Central Diagonal 2
2025-10-27,XJG4+7J|5PX4+HQ,late_hours,53.57,7,1,13,6.5,Airport Expy
2025-10-27,XMW9+G8|WMJR+V4,late_hours,42.42,7,2,13,5.42,East Outer Ring
2025-10-27,VJRQ+2M|RMJJ+F4,late_hours,40.84,7,3,13,4.33,Hosur Road
2025-10-27,WH5F+26|WJ8X+F5W,late_hours,39.14,7,4,13,3.25,Double Decker Flyover
2025-10-27,XPC7+72|XM33+J3,late_hours,35.8,7,5,13,2.17,Old Airport Road
2025-10-27,XHJ7+MG|WJM6+VC,late_hours,34.31,7,6,13,1.08,Central Diagonal 1
2025-10-27,WGG8+G5|XH7P+G6,late_hours,33.69,7,7,13,0.0,Mysore Road
2025-10-27,2HVW+G8|XJXR+WG,late_hours,31.64,7,8,13,-1.08,North Outer Ring
2025-10-27,2HM2+P8|XJV5+RG,late_hours,31.57,7,9,13,-2.17,North Inner Ring
2025-10-27,XJPW+92|WJP4+FF,late_hours,30.75,7,10,13,-3.25,East Inner Ring
2025-10-27,XG48+2W|VHWC+C3,late_hours,29.9,7,11,13,-4.33,South Outer Ring
2025-10-27,WP44+W8|WJFH+XQ,late_hours,28.51,7,12,13,-5.42,Sarjapur Road
2025-10-27,WHR9+R6|XJGF+6J,late_hours,27.73,7,13,13,-6.5,Central Diagonal 2
2025-10-28,XJG4+7J|5PX4+HQ,late_hours,52.59,7,1,13,6.5,Airport Expy
2025-10-28,VJRQ+2M|RMJJ+F4,late_hours,40.63,7,2,13,5.42,Hosur Road
2025-10-28,WH5F+26|WJ8X+F5W,late_hours,38.97,7,3,13,4.33,Double Decker Flyover
2025-10-28,XMW9+G8|WMJR+V4,late_hours,35.96,7,4,13,3.25,East Outer Ring
2025-10-28,XPC7+72|XM33+J3,late_hours,35.2,7,5,13,2.17,Old Airport Road
2025-10-28,XHJ7+MG|WJM6+VC,late_hours,34.5,7,6,13,1.08,Central Diagonal 1
2025-10-28,WGG8+G5|XH7P+G6,late_hours,34.28,7,7,13,0.0,Mysore Road
2025-10-28,2HM2+P8|XJV5+RG,late_hours,31.95,7,8,13,-1.08,North Inner Ring
2025-10-28,XJPW+92|WJP4+FF,late_hours,31.22,7,9,13,-2.17,East Inner Ring
2025-10-28,XG48+2W|VHWC+C3,late_hours,30.39,7,10,13,-3.25,South Outer Ring
2025-10-28,2HVW+G8|XJXR+WG,late_hours,28.85,7,11,13,-4.33,North Outer Ring
2025-10-28,WP44+W8|WJFH+XQ,late_hours,28.13,7,12,13,-5.42,Sarjapur Road
2025-10-28,WHR9+R6|XJGF+6J,late_hours,27.86,7,13,13,-6.5,Central Diagonal 2
2025-10-29,XJG4+7J|5PX4+HQ,late_hours,53.1,7,1,13,6.5,Airport Expy
2025-10-29,VJRQ+2M|RMJJ+F4,late_hours,41.1,7,2,13,5.42,Hosur Road
2025-10-29,WH5F+26|WJ8X+F5W,late_hours,38.97,7,3,13,4.33,Double Decker Flyover
2025-10-29,XHJ7+MG|WJM6+VC,late_hours,35.29,7,4,13,3.25,Central Diagonal 1
2025-10-29,XPC7+72|XM33+J3,late_hours,34.92,7,5,13,2.17,Old Airport Road
2025-10-29,XMW9+G8|WMJR+V4,late_hours,34.62,7,6,13,1.08,East Outer Ring
2025-10-29,WGG8+G5|XH7P+G6,late_hours,34.14,7,7,13,0.0,Mysore Road
2025-10-29,2HM2+P8|XJV5+RG,late_hours,32.41,7,8,13,-1.08,North Inner Ring
2025-10-29,XJPW+92|WJP4+FF,late_hours,31.63,7,9,13,-2.17,East Inner Ring
2025-10-29,2HVW+G8|XJXR+WG,late_hours,31.24,7,10,13,-3.25,North Outer Ring
2025-10-29,XG48+2W|VHWC+C3,late_hours,30.94,7,11,13,-4.33,South Outer Ring
2025-10-29,WP44+W8|WJFH+XQ,late_hours,28.96,7,12,13,-5.42,Sarjapur Road
2025-10-29,WHR9+R6|XJGF+6J,late_hours,28.82,7,13,13,-6.5,Central Diagonal 2
2025-10-30,XJG4+7J|5PX4+HQ,late_hours,52.53,7,1,13,6.5,Airport Expy
2025-10-30,VJRQ+2M|RMJJ+F4,late_hours,39.26,7,2,13,5.42,Hosur Road
2025-10-30,WH5F+26|WJ8X+F5W,late_hours,39.14,7,3,13,4.33,Double Decker Flyover
2025-10-30,XMW9+G8|WMJR+V4,late_hours,35.91,7,4,13,3.25,East Outer Ring
2025-10-30,XHJ7+MG|WJM6+VC,late_hours,35.11,7,5,13,2.17,Central Diagonal 1
2025-10-30,WGG8+G5|XH7P+G6,late_hours,33.47,7,6,13,1.08,Mysore Road
2025-10-30,XPC7+72|XM33+J3,late_hours,32.36,7,7,13,0.0,Old Airport Road
2025-10-30,2HM2+P8|XJV5+RG,late_hours,31.59,7,8,13,-1.08,North Inner Ring
2025-10-30,XJPW+92|WJP4+FF,late_hours,31.1,7,9,13,-2.17,East Inner Ring
2025-10-30,XG48+2W|VHWC+C3,late_hours,29.79,7,10,13,-3.25,South Outer Ring
2025-10-30,WP44+W8|WJFH+XQ,late_hours,28.89,7,11,13,-4.33,Sarjapur Road
2025-10-30,2HVW+G8|XJXR+WG,late_hours,28.19,7,12,13,-5.42,North Outer Ring
2025-10-30,WHR9+R6|XJGF+6J,late_hours,28.12,7,13,13,-6.5,Central Diagonal 2
2025-10-31,XJG4+7J|5PX4+HQ,late_hours,51.13,7,1,13,6.5,Airport Expy
2025-10-31,VJRQ+2M|RMJJ+F4,late_hours,39.61,7,2,13,5.42,Hosur Road
2025-10-31,WH5F+26|WJ8X+F5W,late_hours,38.13,7,3,13,4.33,Double Decker Flyover
2025-10-31,XMW9+G8|WMJR+V4,late_hours,36.58,7,4,13,3.25,East Outer Ring
2025-10-31,XPC7+72|XM33+J3,late_hours,33.11,7,5,13,2.17,Old Airport Road
2025-10-31,XHJ7+MG|WJM6+VC,late_hours,32.57,7,6,13,1.08,Central Diagonal 1
2025-10-31,WGG8+G5|XH7P+G6,late_hours,32.42,7,7,13,0.0,Mysore Road
2025-10-31,2HM2+P8|XJV5+RG,late_hours,31.11,7,8,13,-1.08,North Inner Ring
2025-10-31,XJPW+92|WJP4+FF,late_hours,30.26,7,9,13,-2.17,East Inner Ring
2025-10-31,XG48+2W|VHWC+C3,late_hours,30.05,7,10,13,-3.25,South Outer Ring
2025-10-31,2HVW+G8|XJXR+WG,late_hours,27.68,7,11,13,-4.33,North Outer Ring
2025-10-31,WP44+W8|WJFH+XQ,late_hours,27.58,7,12,13,-5.42,Sarjapur Road
2025-10-31,WHR9+R6|XJGF+6J,late_hours,27.31,7,13,13,-6.5,Central Diagonal 2
2025-11-01,XJG4+7J|5PX4+HQ,late_hours,50.44,7,1,13,6.5,Airport Expy
2025-11-01,VJRQ+2M|RMJJ+F4,late_hours,38.7,7,2,13,5.42,Hosur Road
2025-11-01,WH5F+26|WJ8X+F5W,late_hours,38.24,7,3,13,4.33,Double Decker Flyover
2025-11-01,XMW9+G8|WMJR+V4,late_hours,34.52,7,4,13,3.25,East Outer Ring
2025-11-01,XPC7+72|XM33+J3,late_hours,32.35,7,5,13,2.17,Old Airport Road
2025-11-01,XHJ7+MG|WJM6+VC,late_hours,32.01,7,6,13,1.08,Central Diagonal 1
2025-11-01,WGG8+G5|XH7P+G6,late_hours,31.77,7,7,13,0.0,Mysore Road
2025-11-01,2HM2+P8|XJV5+RG,late_hours,30.94,7,8,13,-1.08,North Inner Ring
2025-11-01,XG48+2W|VHWC+C3,late_hours,28.85,7,9,13,-2.17,South Outer Ring
2025-11-01,XJPW+92|WJP4+FF,late_hours,28.67,7,10,13,-3.25,East Inner Ring
2025-11-01,2HVW+G8|XJXR+WG,late_hours,28.18,7,11,13,-4.33,North Outer Ring
2025-11-01,WP44+W8|WJFH+XQ,late_hours,26.7,7,12,13,-5.42,Sarjapur Road
2025-11-01,WHR9+R6|XJGF+6J,late_hours,25.49,7,13,13,-6.5,Central Diagonal 2
2025-11-02,XJG4+7J|5PX4+HQ,late_hours,51.47,7,1,13,6.5,Airport Expy
2025-11-02,VJRQ+2M|RMJJ+F4,late_hours,40.23,7,2,13,5.42,Hosur Road
2025-11-02,WH5F+26|WJ8X+F5W,late_hours,38.52,7,3,13,4.33,Double Decker Flyover
2025-11-02,XMW9+G8|WMJR+V4,late_hours,36.55,7,4,13,3.25,East Outer Ring
2025-11-02,XPC7+72|XM33+J3,late_hours,32.63,7,5,13,2.17,Old Airport Road
2025-11-02,XHJ7+MG|WJM6+VC,late_hours,32.5,7,6,13,1.08,Central Diagonal 1
2025-11-02,WGG8+G5|XH7P+G6,late_hours,32.08,7,7,13,0.0,Mysore Road
2025-11-02,2HM2+P8|XJV5+RG,late_hours,31.04,7,8,13,-1.08,North Inner Ring
2025-11-02,XJPW+92|WJP4+FF,late_hours,30.0,7,9,13,-2.17,East Inner Ring
2025-11-02,2HVW+G8|XJXR+WG,late_hours,28.83,7,10,13,-3.25,North Outer Ring
2025-11-02,XG48+2W|VHWC+C3,late_hours,28.7,7,11,13,-4.33,South Outer Ring
2025-11-02,WP44+W8|WJFH+XQ,late_hours,28.5,7,12,13,-5.42,Sarjapur Road
2025-11-02,WHR9+R6|XJGF+6J,late_hours,26.2,7,13,13,-6.5,Central Diagonal 2
2025-11-03,XJG4+7J|5PX4+HQ,late_hours,52.49,7,1,13,6.5,Airport Expy
2025-11-03,XMW9+G8|WMJR+V4,late_hours,41.29,7,2,13,5.42,East Outer Ring
2025-11-03,VJRQ+2M|RMJJ+F4,late_hours,40.63,7,3,13,4.33,Hosur Road
2025-11-03,WH5F+26|WJ8X+F5W,late_hours,40.17,7,4,13,3.25,Double Decker Flyover
2025-11-03,XPC7+72|XM33+J3,late_hours,34.85,7,5,13,2.17,Old Airport Road
2025-11-03,XHJ7+MG|WJM6+VC,late_hours,33.75,7,6,13,1.08,Central Diagonal 1
2025-11-03,WGG8+G5|XH7P+G6,late_hours,33.18,7,7,13,0.0,Mysore Road
2025-11-03,2HM2+P8|XJV5+RG,late_hours,31.92,7,8,13,-1.08,North Inner Ring
2025-11-03,2HVW+G8|XJXR+WG,late_hours,31.64,7,9,13,-2.17,North Outer Ring
2025-11-03,XJPW+92|WJP4+FF,late_hours,31.51,7,10,13,-3.25,East Inner Ring
2025-11-03,XG48+2W|VHWC+C3,late_hours,29.73,7,11,13,-4.33,South Outer Ring
2025-11-03,WP44+W8|WJFH+XQ,late_hours,29.18,7,12,13,-5.42,Sarjapur Road
2025-11-03,WHR9+R6|XJGF+6J,late_hours,27.66,7,13,13,-6.5,Central Diagonal 2
2025-11-04,XJG4+7J|5PX4+HQ,late_hours,53.77,7,1,13,6.5,Airport Expy
2025-11-04,VJRQ+2M|RMJJ+F4,late_hours,40.41,7,2,13,5.42,Hosur Road
2025-11-04,WH5F+26|WJ8X+F5W,late_hours,39.56,7,3,13,4.33,Double Decker Flyover
2025-11-04,XMW9+G8|WMJR+V4,late_hours,37.3,7,4,13,3.25,East Outer Ring
2025-11-04,XHJ7+MG|WJM6+VC,late_hours,34.46,7,5,13,2.17,Central Diagonal 1
2025-11-04,WGG8+G5|XH7P+G6,late_hours,33.99,7,6,13,1.08,Mysore Road
2025-11-04,XPC7+72|XM33+J3,late_hours,33.25,7,7,13,0.0,Old Airport Road
2025-11-04,XJPW+92|WJP4+FF,late_hours,32.62,7,8,13,-1.08,East Inner Ring
2025-11-04,2HM2+P8|XJV5+RG,late_hours,32.2,7,9,13,-2.17,North Inner Ring
2025-11-04,2HVW+G8|XJXR+WG,late_hours,31.27,7,10,13,-3.25,North Outer Ring
2025-11-04,XG48+2W|VHWC+C3,late_hours,30.89,7,11,13,-4.33,South Outer Ring
2025-11-04,WP44+W8|WJFH+XQ,late_hours,29.34,7,12,13,-5.42,Sarjapur Road
2025-11-04,WHR9+R6|XJGF+6J,late_hours,28.31,7,13,13,-6.5,Central Diagonal 2
2025-11-05,XJG4+7J|5PX4+HQ,late_hours,53.11,7,1,13,6.5,Airport Expy
2025-11-05,XMW9+G8|WMJR+V4,late_hours,40.47,7,2,13,5.42,East Outer Ring
2025-11-05,VJRQ+2M|RMJJ+F4,late_hours,40.1,7,3,13,4.33,Hosur Road
2025-11-05,WH5F+26|WJ8X+F5W,late_hours,39.69,7,4,13,3.25,Double Decker Flyover
2025-11-05,WGG8+G5|XH7P+G6,late_hours,34.44,7,5,13,2.17,Mysore Road
2025-11-05,XHJ7+MG|WJM6+VC,late_hours,34.15,7,6,13,1.08,Central Diagonal 1
2025-11-05,XPC7+72|XM33+J3,late_hours,32.95,7,7,13,0.0,Old Airport Road
2025-11-05,XJPW+92|WJP4+FF,late_hours,32.35,7,8,13,-1.08,East Inner Ring
2025-11-05,2HM2+P8|XJV5+RG,late_hours,31.84,7,9,13,-2.17,North Inner Ring
2025-11-05,2HVW+G8|XJXR+WG,late_hours,31.55,7,10,13,-3.25,North Outer Ring
2025-11-05,XG48+2W|VHWC+C3,late_hours,30.75,7,11,13,-4.33,South Outer Ring
2025-11-05,WP44+W8|WJFH+XQ,late_hours,29.23,7,12,13,-5.42,Sarjapur Road
2025-11-05,WHR9+R6|XJGF+6J,late_hours,28.47,7,13,13,-6.5,Central Diagonal 2
2025-11-06,XJG4+7J|5PX4+HQ,late_hours,52.41,7,1,13,6.5,Airport Expy
2025-11-06,VJRQ+2M|RMJJ+F4,late_hours,39.36,7,2,13,5.42,Hosur Road
2025-11-06,WH5F+26|WJ8X+F5W,late_hours,38.47,7,3,13,4.33,Double Decker Flyover
2025-11-06,XPC7+72|XM33+J3,late_hours,35.89,7,4,13,3.25,Old Airport Road
2025-11-06,XMW9+G8|WMJR+V4,late_hours,35.14,7,5,13,2.17,East Outer Ring
2025-11-06,XHJ7+MG|WJM6+VC,late_hours,34.69,7,6,13,1.08,Central Diagonal 1
2025-11-06,WGG8+G5|XH7P+G6,late_hours,34.59,7,7,13,0.0,Mysore Road
2025-11-06,2HM2+P8|XJV5+RG,late_hours,32.21,7,8,13,-1.08,North Inner Ring
2025-11-06,XJPW+92|WJP4+FF,late_hours,31.66,7,9,13,-2.17,East Inner Ring
2025-11-06,2HVW+G8|XJXR+WG,late_hours,31.14,7,10,13,-3.25,North Outer Ring
2025-11-06,XG48+2W|VHWC+C3,late_hours,31.12,7,11,13,-4.33,South Outer Ring
2025-11-06,WP44+W8|WJFH+XQ,late_hours,28.3,7,12,13,-5.42,Sarjapur Road
2025-11-06,WHR9+R6|XJGF+6J,late_hours,27.95,7,13,13,-6.5,Central Diagonal 2
2025-11-07,XJG4+7J|5PX4+HQ,late_hours,51.93,7,1,13,6.5,Airport Expy
2025-11-07,VJRQ+2M|RMJJ+F4,late_hours,38.86,7,2,13,5.42,Hosur Road
2025-11-07,WH5F+26|WJ8X+F5W,late_hours,36.65,7,3,13,4.33,Double Decker Flyover
2025-11-07,XMW9+G8|WMJR+V4,late_hours,35.11,7,4,13,3.25,East Outer Ring
2025-11-07,XHJ7+MG|WJM6+VC,late_hours,33.34,7,5,13,2.17,Central Diagonal 1
2025-11-07,XPC7+72|XM33+J3,late_hours,33.06,7,6,13,1.08,Old Airport Road
2025-11-07,WGG8+G5|XH7P+G6,late_hours,32.66,7,7,13,0.0,Mysore Road
2025-11-07,2HVW+G8|XJXR+WG,late_hours,32.23,7,8,13,-1.08,North Outer Ring
2025-11-07,2HM2+P8|XJV5+RG,late_hours,31.56,7,9,13,-2.17,North Inner Ring
2025-11-07,XJPW+92|WJP4+FF,late_hours,30.83,7,10,13,-3.25,East Inner Ring
2025-11-07,XG48+2W|VHWC+C3,late_hours,30.37,7,11,13,-4.33,South Outer Ring
2025-11-07,WP44+W8|WJFH+XQ,late_hours,28.14,7,12,13,-5.42,Sarjapur Road
2025-11-07,WHR9+R6|XJGF+6J,late_hours,26.96,7,13,13,-6.5,Central Diagonal 2
2025-11-08,XJG4+7J|5PX4+HQ,late_hours,49.52,7,1,13,6.5,Airport Expy
2025-11-08,VJRQ+2M|RMJJ+F4,late_hours,38.79,7,2,13,5.42,Hosur Road
2025-11-08,WH5F+26|WJ8X+F5W,late_hours,34.91,7,3,13,4.33,Double Decker Flyover
2025-11-08,XMW9+G8|WMJR+V4,late_hours,34.89,7,4,13,3.25,East Outer Ring
2025-11-08,WGG8+G5|XH7P+G6,late_hours,32.47,7,5,13,2.17,Mysore Road
2025-11-08,XHJ7+MG|WJM6+VC,late_hours,32.15,7,6,13,1.08,Central Diagonal 1
2025-11-08,XPC7+72|XM33+J3,late_hours,32.15,7,7,13,0.0,Old Airport Road
2025-11-08,2HVW+G8|XJXR+WG,late_hours,31.12,7,8,13,-1.08,North Outer Ring
2025-11-08,XG48+2W|VHWC+C3,late_hours,29.99,7,9,13,-2.17,South Outer Ring
2025-11-08,2HM2+P8|XJV5+RG,late_hours,29.75,7,10,13,-3.25,North Inner Ring
2025-11-08,XJPW+92|WJP4+FF,late_hours,28.82,7,11,13,-4.33,East Inner Ring
2025-11-08,WP44+W8|WJFH+XQ,late_hours,27.72,7,12,13,-5.42,Sarjapur Road
2025-11-08,WHR9+R6|XJGF+6J,late_hours,26.59,7,13,13,-6.5,Central Diagonal 2
2025-11-09,XJG4+7J|5PX4+HQ,late_hours,50.53,7,1,13,6.5,Airport Expy
2025-11-09,VJRQ+2M|RMJJ+F4,late_hours,39.79,7,2,13,5.42,Hosur Road
2025-11-09,WH5F+26|WJ8X+F5W,late_hours,36.12,7,3,13,4.33,Double Decker Flyover
2025-11-09,WGG8+G5|XH7P+G6,late_hours,32.86,7,4,13,3.25,Mysore Road
2025-11-09,XPC7+72|XM33+J3,late_hours,32.61,7,5,13,2.17,Old Airport Road
2025-11-09,XHJ7+MG|WJM6+VC,late_hours,32.4,7,6,13,1.08,Central Diagonal 1
2025-11-09,XMW9+G8|WMJR+V4,late_hours,31.93,7,7,13,0.0,East Outer Ring
2025-11-09,2HVW+G8|XJXR+WG,late_hours,30.61,7,8,13,-1.08,North Outer Ring
2025-11-09,2HM2+P8|XJV5+RG,late_hours,30.59,7,9,13,-2.17,North Inner Ring
2025-11-09,XJPW+92|WJP4+FF,late_hours,29.42,7,10,13,-3.25,East Inner Ring
2025-11-09,XG48+2W|VHWC+C3,late_hours,29.39,7,11,13,-4.33,South Outer Ring
2025-11-09,WP44+W8|WJFH+XQ,late_hours,26.85,7,12,13,-5.42,Sarjapur Road
2025-11-09,WHR9+R6|XJGF+6J,late_hours,26.3,7,13,13,-6.5,Central Diagonal 2
2025-11-10,XJG4+7J|5PX4+HQ,late_hours,53.12,7,1,13,6.5,Airport Expy
2025-11-10,XMW9+G8|WMJR+V4,late_hours,43.1,7,2,13,5.42,East Outer Ring
2025-11-10,VJRQ+2M|RMJJ+F4,late_hours,39.97,7,3,13,4.33,Hosur Road
2025-11-10,WH5F+26|WJ8X+F5W,late_hours,38.78,7,4,13,3.25,Double Decker Flyover
2025-11-10,XPC7+72|XM33+J3,late_hours,35.98,7,5,13,2.17,Old Airport Road
2025-11-10,2HVW+G8|XJXR+WG,late_hours,34.42,7,6,13,1.08,North Outer Ring
2025-11-10,XHJ7+MG|WJM6+VC,late_hours,33.7,7,7,13,0.0,Central Diagonal 1
2025-11-10,WGG8+G5|XH7P+G6,late_hours,33.65,7,8,13,-1.08,Mysore Road
2025-11-10,2HM2+P8|XJV5+RG,late_hours,31.71,7,9,13,-2.17,North Inner Ring
2025-11-10,XJPW+92|WJP4+FF,late_hours,31.71,7,10,13,-3.25,East Inner Ring
2025-11-10,XG48+2W|VHWC+C3,late_hours,29.56,7,11,13,-4.33,South Outer Ring
2025-11-10,WP44+W8|WJFH+XQ,late_hours,28.98,7,12,13,-5.42,Sarjapur Road
2025-11-10,WHR9+R6|XJGF+6J,late_hours,27.66,7,13,13,-6.5,Central Diagonal 2
2025-11-11,XJG4+7J|5PX4+HQ,late_hours,52.76,7,1,13,6.5,Airport Expy
2025-11-11,VJRQ+2M|RMJJ+F4,late_hours,40.9,7,2,13,5.42,Hosur Road
2025-11-11,WH5F+26|WJ8X+F5W,late_hours,37.3,7,3,13,4.33,Double Decker Flyover
2025-11-11,XMW9+G8|WMJR+V4,late_hours,36.7,7,4,13,3.25,East Outer Ring
2025-11-11,WGG8+G5|XH7P+G6,late_hours,34.44,7,5,13,2.17,Mysore Road
2025-11-11,XHJ7+MG|WJM6+VC,late_hours,34.1,7,6,13,1.08,Central Diagonal 1
2025-11-11,XPC7+72|XM33+J3,late_hours,33.95,7,7,13,0.0,Old Airport Road
2025-11-11,XJPW+92|WJP4+FF,late_hours,32.45,7,8,13,-1.08,East Inner Ring
2025-11-11,2HVW+G8|XJXR+WG,late_hours,31.51,7,9,13,-2.17,North Outer Ring
2025-11-11,2HM2+P8|XJV5+RG,late_hours,31.01,7,10,13,-3.25,North Inner Ring
2025-11-11,XG48+2W|VHWC+C3,late_hours,30.15,7,11,13,-4.33,South Outer Ring
2025-11-11,WP44+W8|WJFH+XQ,late_hours,29.56,7,12,13,-5.42,Sarjapur Road
2025-11-11,WHR9+R6|XJGF+6J,late_hours,28.2,7,13,13,-6.5,Central Diagonal 2
2025-11-12,XJG4+7J|5PX4+HQ,late_hours,52.33,7,1,13,6.5,Airport Expy
2025-11-12,VJRQ+2M|RMJJ+F4,late_hours,39.65,7,2,13,5.42,Hosur Road
2025-11-12,WH5F+26|WJ8X+F5W,late_hours,38.49,7,3,13,4.33,Double Decker Flyover
2025-11-12,XMW9+G8|WMJR+V4,late_hours,35.49,7,4,13,3.25,East Outer Ring
2025-11-12,WGG8+G5|XH7P+G6,late_hours,34.73,7,5,13,2.17,Mysore Road
2025-11-12,XHJ7+MG|WJM6+VC,late_hours,34.23,7,6,13,1.08,Central Diagonal 1
2025-11-12,XPC7+72|XM33+J3,late_hours,32.76,7,7,13,0.0,Old Airport Road
2025-11-12,XJPW+92|WJP4+FF,late_hours,32.03,7,8,13,-1.08,East Inner Ring
2025-11-12,2HVW+G8|XJXR+WG,late_hours,31.24,7,9,13,-2.17,North Outer Ring
2025-11-12,2HM2+P8|XJV5+RG,late_hours,30.71,7,10,13,-3.25,North Inner Ring
2025-11-12,XG48+2W|VHWC+C3,late_hours,30.55,7,11,13,-4.33,South Outer Ring
2025-11-12,WP44+W8|WJFH+XQ,late_hours,29.53,7,12,13,-5.42,Sarjapur Road
2025-11-12,WHR9+R6|XJGF+6J,late_hours,28.24,7,13,13,-6.5,Central Diagonal 2
2025-11-13,XJG4+7J|5PX4+HQ,late_hours,51.92,7,1,13,6.5,Airport Expy
2025-11-13,VJRQ+2M|RMJJ+F4,late_hours,39.21,7,2,13,5.42,Hosur Road
2025-11-13,WH5F+26|WJ8X+F5W,late_hours,38.24,7,3,13,4.33,Double Decker Flyover
2025-11-13,XMW9+G8|WMJR+V4,late_hours,36.8,7,4,13,3.25,East Outer Ring
2025-11-13,XPC7+72|XM33+J3,late_hours,34.37,7,5,13,2.17,Old Airport Road
2025-11-13,XHJ7+MG|WJM6+VC,late_hours,33.67,7,6,13,1.08,Central Diagonal 1
2025-11-13,WGG8+G5|XH7P+G6,late_hours,33.39,7,7,13,0.0,Mysore Road
2025-11-13,XJPW+92|WJP4+FF,late_hours,31.63,7,8,13,-1.08,East Inner Ring
2025-11-13,XG48+2W|VHWC+C3,late_hours,30.55,7,9,13,-2.17,South Outer Ring
2025-11-13,2HM2+P8|XJV5+RG,late_hours,30.45,7,10,13,-3.25,North Inner Ring
2025-11-13,2HVW+G8|XJXR+WG,late_hours,30.38,7,11,13,-4.33,North Outer Ring
2025-11-13,WP44+W8|WJFH+XQ,late_hours,28.58,7,12,13,-5.42,Sarjapur Road
2025-11-13,WHR9+R6|XJGF+6J,late_hours,27.83,7,13,13,-6.5,Central Diagonal 2
2025-11-14,XJG4+7J|5PX4+HQ,late_hours,50.93,7,1,13,6.5,Airport Expy
2025-11-14,VJRQ+2M|RMJJ+F4,late_hours,39.97,7,2,13,5.42,Hosur Road
2025-11-14,WH5F+26|WJ8X+F5W,late_hours,37.39,7,3,13,4.33,Double Decker Flyover
2025-11-14,XMW9+G8|WMJR+V4,late_hours,36.43,7,4,13,3.25,East Outer Ring
2025-11-14,XPC7+72|XM33+J3,late_hours,34.09,7,5,13,2.17,Old Airport Road
2025-11-14,WGG8+G5|XH7P+G6,late_hours,33.71,7,6,13,1.08,Mysore Road
2025-11-14,XHJ7+MG|WJM6+VC,late_hours,32.7,7,7,13,0.0,Central Diagonal 1
2025-11-14,XJPW+92|WJP4+FF,late_hours,31.14,7,8,13,-1.08,East Inner Ring
2025-11-14,2HM2+P8|XJV5+RG,late_hours,30.86,7,9,13,-2.17,North Inner Ring
2025-11-14,XG48+2W|VHWC+C3,late_hours,29.74,7,10,13,-3.25,South Outer Ring
2025-11-14,2HVW+G8|XJXR+WG,late_hours,29.69,7,11,13,-4.33,North Outer Ring
2025-11-14,WP44+W8|WJFH+XQ,late_hours,27.56,7,12,13,-5.42,Sarjapur Road
2025-11-14,WHR9+R6|XJGF+6J,late_hours,27.23,7,13,13,-6.5,Central Diagonal 2
2025-11-15,XJG4+7J|5PX4+HQ,late_hours,50.66,7,1,13,6.5,Airport Expy
2025-11-15,VJRQ+2M|RMJJ+F4,late_hours,39.59,7,2,13,5.42,Hosur Road
2025-11-15,WH5F+26|WJ8X+F5W,late_hours,36.83,7,3,13,4.33,Double Decker Flyover
2025-11-15,XMW9+G8|WMJR+V4,late_hours,32.96,7,4,13,3.25,East Outer Ring
2025-11-15,XPC7+72|XM33+J3,late_hours,32.85,7,5,13,2.17,Old Airport Road
2025-11-15,WGG8+G5|XH7P+G6,late_hours,32.21,7,6,13,1.08,Mysore Road
2025-11-15,XHJ7+MG|WJM6+VC,late_hours,31.91,7,7,13,0.0,Central Diagonal 1
2025-11-15,2HM2+P8|XJV5+RG,late_hours,31.4,7,8,13,-1.08,North Inner Ring
2025-11-15,2HVW+G8|XJXR+WG,late_hours,30.25,7,9,13,-2.17,North Outer Ring
2025-11-15,XG48+2W|VHWC+C3,late_hours,29.82,7,10,13,-3.25,South Outer Ring
2025-11-15,XJPW+92|WJP4+FF,late_hours,29.42,7,11,13,-4.33,East Inner Ring
2025-11-15,WP44+W8|WJFH+XQ,late_hours,26.37,7,12,13,-5.42,Sarjapur Road
2025-11-15,WHR9+R6|XJGF+6J,late_hours,25.66,7,13,13,-6.5,Central Diagonal 2
2025-11-16,XJG4+7J|5PX4+HQ,late_hours,50.96,7,1,13,6.5,Airport Expy
2025-11-16,VJRQ+2M|RMJJ+F4,late_hours,39.79,7,2,13,5.42,Hosur Road
2025-11-16,WH5F+26|WJ8X+F5W,late_hours,36.91,7,3,13,4.33,Double Decker Flyover
2025-11-16,XMW9+G8|WMJR+V4,late_hours,33.73,7,4,13,3.25,East Outer Ring
2025-11-16,WGG8+G5|XH7P+G6,late_hours,33.33,7,5,13,2.17,Mysore Road
2025-11-16,2HVW+G8|XJXR+WG,late_hours,33.27,7,6,13,1.08,North Outer Ring
2025-11-16,XPC7+72|XM33+J3,late_hours,32.76,7,7,13,0.0,Old Airport Road
2025-11-16,XHJ7+MG|WJM6+VC,late_hours,32.23,7,8,13,-1.08,Central Diagonal 1
2025-11-16,2HM2+P8|XJV5+RG,late_hours,31.78,7,9,13,-2.17,North Inner Ring
2025-11-16,XJPW+92|WJP4+FF,late_hours,29.73,7,10,13,-3.25,East Inner Ring
2025-11-16,XG48+2W|VHWC+C3,late_hours,29.4,7,11,13,-4.33,South Outer Ring
2025-11-16,WP44+W8|WJFH+XQ,late_hours,27.24,7,12,13,-5.42,Sarjapur Road
2025-11-16,WHR9+R6|XJGF+6J,late_hours,25.23,7,13,13,-6.5,Central Diagonal 2
2025-11-17,XJG4+7J|5PX4+HQ,late_hours,53.64,7,1,13,6.5,Airport Expy
2025-11-17,XMW9+G8|WMJR+V4,late_hours,42.78,7,2,13,5.42,East Outer Ring
2025-11-17,VJRQ+2M|RMJJ+F4,late_hours,40.68,7,3,13,4.33,Hosur Road
2025-11-17,WH5F+26|WJ8X+F5W,late_hours,38.05,7,4,13,3.25,Double Decker Flyover
2025-11-17,XPC7+72|XM33+J3,late_hours,35.74,7,5,13,2.17,Old Airport Road
2025-11-17,XHJ7+MG|WJM6+VC,late_hours,34.03,7,6,13,1.08,Central Diagonal 1
2025-11-17,WGG8+G5|XH7P+G6,late_hours,33.71,7,7,13,0.0,Mysore Road
2025-11-17,2HM2+P8|XJV5+RG,late_hours,32.15,7,8,13,-1.08,North Inner Ring
2025-11-17,XJPW+92|WJP4+FF,late_hours,32.07,7,9,13,-2.17,East Inner Ring
2025-11-17,2HVW+G8|XJXR+WG,late_hours,31.41,7,10,13,-3.25,North Outer Ring
2025-11-17,XG48+2W|VHWC+C3,late_hours,29.33,7,11,13,-4.33,South Outer Ring
2025-11-17,WP44+W8|WJFH+XQ,late_hours,29.26,7,12,13,-5.42,Sarjapur Road
2025-11-17,WHR9+R6|XJGF+6J,late_hours,26.27,7,13,13,-6.5,Central Diagonal 2
2025-11-18,XJG4+7J|5PX4+HQ,late_hours,51.61,7,1,13,6.5,Airport Expy
2025-11-18,VJRQ+2M|RMJJ+F4,late_hours,40.63,7,2,13,5.42,Hosur Road
2025-11-18,WH5F+26|WJ8X+F5W,late_hours,39.04,7,3,13,4.33,Double Decker Flyover
2025-11-18,XPC7+72|XM33+J3,late_hours,36.19,7,4,13,3.25,Old Airport Road
2025-11-18,XMW9+G8|WMJR+V4,late_hours,35.67,7,5,13,2.17,East Outer Ring
2025-11-18,2HVW+G8|XJXR+WG,late_hours,34.28,7,6,13,1.08,North Outer Ring
2025-11-18,WGG8+G5|XH7P+G6,late_hours,34.26,7,7,13,0.0,Mysore Road
2025-11-18,XHJ7+MG|WJM6+VC,late_hours,34.17,7,8,13,-1.08,Central Diagonal 1
2025-11-18,XJPW+92|WJP4+FF,late_hours,32.61,7,9,13,-2.17,East Inner Ring
2025-11-18,2HM2+P8|XJV5+RG,late_hours,32.6,7,10,13,-3.25,North Inner Ring
2025-11-18,XG48+2W|VHWC+C3,late_hours,30.88,7,11,13,-4.33,South Outer Ring
2025-11-18,WP44+W8|WJFH+XQ,late_hours,29.12,7,12,13,-5.42,Sarjapur Road
2025-11-18,WHR9+R6|XJGF+6J,late_hours,26.56,7,13,13,-6.5,Central Diagonal 2
2025-11-19,XJG4+7J|5PX4+HQ,late_hours,52.55,7,1,13,6.5,Airport Expy
2025-11-19,VJRQ+2M|RMJJ+F4,late_hours,40.2,7,2,13,5.42,Hosur Road
2025-11-19,WH5F+26|WJ8X+F5W,late_hours,38.76,7,3,13,4.33,Double Decker Flyover
2025-11-19,XMW9+G8|WMJR+V4,late_hours,38.28,7,4,13,3.25,East Outer Ring
2025-11-19,WGG8+G5|XH7P+G6,late_hours,34.26,7,5,13,2.17,Mysore Road
2025-11-19,XPC7+72|XM33+J3,late_hours,34.17,7,6,13,1.08,Old Airport Road
2025-11-19,2HVW+G8|XJXR+WG,late_hours,34.11,7,7,13,0.0,North Outer Ring
2025-11-19,XHJ7+MG|WJM6+VC,late_hours,33.82,7,8,13,-1.08,Central Diagonal 1
2025-11-19,2HM2+P8|XJV5+RG,late_hours,32.63,7,9,13,-2.17,North Inner Ring
2025-11-19,XJPW+92|WJP4+FF,late_hours,32.22,7,10,13,-3.25,East Inner Ring
2025-11-19,XG48+2W|VHWC+C3,late_hours,30.49,7,11,13,-4.33,South Outer Ring
2025-11-19,WP44+W8|WJFH+XQ,late_hours,29.35,7,12,13,-5.42,Sarjapur Road
2025-11-19,WHR9+R6|XJGF+6J,late_hours,26.39,7,13,13,-6.5,Central Diagonal 2
2025-11-20,XJG4+7J|5PX4+HQ,late_hours,52.18,7,1,13,6.5,Airport Expy
2025-11-20,VJRQ+2M|RMJJ+F4,late_hours,39.98,7,2,13,5.42,Hosur Road
2025-11-20,WH5F+26|WJ8X+F5W,late_hours,38.4,7,3,13,4.33,Double Decker Flyover
2025-11-20,XMW9+G8|WMJR+V4,late_hours,37.06,7,4,13,3.25,East Outer Ring
2025-11-20,WGG8+G5|XH7P+G6,late_hours,34.26,7,5,13,2.17,Mysore Road
2025-11-20,XHJ7+MG|WJM6+VC,late_hours,33.84,7,6,13,1.08,Central Diagonal 1
2025-11-20,XPC7+72|XM33+J3,late_hours,33.8,7,7,13,0.0,Old Airport Road
2025-11-20,2HVW+G8|XJXR+WG,late_hours,33.45,7,8,13,-1.08,North Outer Ring
2025-11-20,2HM2+P8|XJV5+RG,late_hours,32.15,7,9,13,-2.17,North Inner Ring
2025-11-20,XJPW+92|WJP4+FF,late_hours,31.88,7,10,13,-3.25,East Inner Ring
2025-11-20,XG48+2W|VHWC+C3,late_hours,31.17,7,11,13,-4.33,South Outer Ring
2025-11-20,WP44+W8|WJFH+XQ,late_hours,29.03,7,12,13,-5.42,Sarjapur Road
2025-11-20,WHR9+R6|XJGF+6J,late_hours,25.69,7,13,13,-6.5,Central Diagonal 2
2025-11-21,XJG4+7J|5PX4+HQ,late_hours,51.58,7,1,13,6.5,Airport Expy
2025-11-21,VJRQ+2M|RMJJ+F4,late_hours,40.53,7,2,13,5.42,Hosur Road
2025-11-21,WH5F+26|WJ8X+F5W,late_hours,37.5,7,3,13,4.33,Double Decker Flyover
2025-11-21,XMW9+G8|WMJR+V4,late_hours,36.12,7,4,13,3.25,East Outer Ring
2025-11-21,XPC7+72|XM33+J3,late_hours,34.69,7,5,13,2.17,Old Airport Road
2025-11-21,WGG8+G5|XH7P+G6,late_hours,33.52,7,6,13,1.08,Mysore Road
2025-11-21,2HVW+G8|XJXR+WG,late_hours,33.16,7,7,13,0.0,North Outer Ring
2025-11-21,XHJ7+MG|WJM6+VC,late_hours,32.77,7,8,13,-1.08,Central Diagonal 1
2025-11-21,2HM2+P8|XJV5+RG,late_hours,32.23,7,9,13,-2.17,North Inner Ring
2025-11-21,XG48+2W|VHWC+C3,late_hours,31.18,7,10,13,-3.25,South Outer Ring
2025-11-21,XJPW+92|WJP4+FF,late_hours,30.89,7,11,13,-4.33,East Inner Ring
2025-11-21,WP44+W8|WJFH+XQ,late_hours,27.86,7,12,13,-5.42,Sarjapur Road
2025-11-21,WHR9+R6|XJGF+6J,late_hours,25.82,7,13,13,-6.5,Central Diagonal 2
2025-11-22,XJG4+7J|5PX4+HQ,late_hours,49.95,7,1,13,6.5,Airport Expy
2025-11-22,VJRQ+2M|RMJJ+F4,late_hours,37.96,7,2,13,5.42,Hosur Road
2025-11-22,WH5F+26|WJ8X+F5W,late_hours,36.14,7,3,13,4.33,Double Decker Flyover
2025-11-22,XMW9+G8|WMJR+V4,late_hours,33.82,7,4,13,3.25,East Outer Ring
2025-11-22,XPC7+72|XM33+J3,late_hours,33.19,7,5,13,2.17,Old Airport Road
2025-11-22,XHJ7+MG|WJM6+VC,late_hours,32.36,7,6,13,1.08,Central Diagonal 1
2025-11-22,2HVW+G8|XJXR+WG,late_hours,31.72,7,7,13,0.0,North Outer Ring
2025-11-22,WGG8+G5|XH7P+G6,late_hours,31.7,7,8,13,-1.08,Mysore Road
2025-11-22,2HM2+P8|XJV5+RG,late_hours,30.82,7,9,13,-2.17,North Inner Ring
2025-11-22,XG48+2W|VHWC+C3,late_hours,29.41,7,10,13,-3.25,South Outer Ring
2025-11-22,XJPW+92|WJP4+FF,late_hours,29.13,7,11,13,-4.33,East Inner Ring
2025-11-22,WP44+W8|WJFH+XQ,late_hours,25.57,7,12,13,-5.42,Sarjapur Road
2025-11-22,WHR9+R6|XJGF+6J,late_hours,25.28,7,13,13,-6.5,Central Diagonal 2
2025-11-23,XJG4+7J|5PX4+HQ,late_hours,50.4,7,1,13,6.5,Airport Expy
2025-11-23,VJRQ+2M|RMJJ+F4,late_hours,39.63,7,2,13,5.42,Hosur Road
2025-11-23,WH5F+26|WJ8X+F5W,late_hours,36.21,7,3,13,4.33,Double Decker Flyover
2025-11-23,XMW9+G8|WMJR+V4,late_hours,33.85,7,4,13,3.25,East Outer Ring
2025-11-23,2HVW+G8|XJXR+WG,late_hours,32.92,7,5,13,2.17,North Outer Ring
2025-11-23,XPC7+72|XM33+J3,late_hours,32.81,7,6,13,1.08,Old Airport Road
2025-11-23,WGG8+G5|XH7P+G6,late_hours,32.47,7,7,13,0.0,Mysore Road
2025-11-23,XHJ7+MG|WJM6+VC,late_hours,31.77,7,8,13,-1.08,Central Diagonal 1
2025-11-23,2HM2+P8|XJV5+RG,late_hours,31.11,7,9,13,-2.17,North Inner Ring
2025-11-23,XJPW+92|WJP4+FF,late_hours,29.78,7,10,13,-3.25,East Inner Ring
2025-11-23,XG48+2W|VHWC+C3,late_hours,29.66,7,11,13,-4.33,South Outer Ring
2025-11-23,WP44+W8|WJFH+XQ,late_hours,27.18,7,12,13,-5.42,Sarjapur Road
2025-11-23,WHR9+R6|XJGF+6J,late_hours,26.34,7,13,13,-6.5,Central Diagonal 2
2025-11-24,XJG4+7J|5PX4+HQ,late_hours,52.68,7,1,13,6.5,Airport Expy
2025-11-24,XMW9+G8|WMJR+V4,late_hours,42.5,7,2,13,5.42,East Outer Ring
2025-11-24,VJRQ+2M|RMJJ+F4,late_hours,40.16,7,3,13,4.33,Hosur Road
2025-11-24,WH5F+26|WJ8X+F5W,late_hours,38.12,7,4,13,3.25,Double Decker Flyover
2025-11-24,XPC7+72|XM33+J3,late_hours,35.98,7,5,13,2.17,Old Airport Road
2025-11-24,2HVW+G8|XJXR+WG,late_hours,35.22,7,6,13,1.08,North Outer Ring
2025-11-24,WGG8+G5|XH7P+G6,late_hours,33.71,7,7,13,0.0,Mysore Road
2025-11-24,XHJ7+MG|WJM6+VC,late_hours,32.39,7,8,13,-1.08,Central Diagonal 1
2025-11-24,2HM2+P8|XJV5+RG,late_hours,31.72,7,9,13,-2.17,North Inner Ring
2025-11-24,XJPW+92|WJP4+FF,late_hours,31.59,7,10,13,-3.25,East Inner Ring
2025-11-24,XG48+2W|VHWC+C3,late_hours,29.64,7,11,13,-4.33,South Outer Ring
2025-11-24,WP44+W8|WJFH+XQ,late_hours,29.55,7,12,13,-5.42,Sarjapur Road
2025-11-24,WHR9+R6|XJGF+6J,late_hours,27.66,7,13,13,-6.5,Central Diagonal 2
2025-11-25,XJG4+7J|5PX4+HQ,late_hours,53.32,7,1,13,6.5,Airport Expy
2025-11-25,VJRQ+2M|RMJJ+F4,late_hours,40.75,7,2,13,5.42,Hosur Road
2025-11-25,XMW9+G8|WMJR+V4,late_hours,38.85,7,3,13,4.33,East Outer Ring
2025-11-25,WH5F+26|WJ8X+F5W,late_hours,38.12,7,4,13,3.25,Double Decker Flyover
2025-11-25,XPC7+72|XM33+J3,late_hours,36.53,7,5,13,2.17,Old Airport Road
2025-11-25,WGG8+G5|XH7P+G6,late_hours,34.44,7,6,13,1.08,Mysore Road
2025-11-25,XHJ7+MG|WJM6+VC,late_hours,33.55,7,7,13,0.0,Central Diagonal 1
2025-11-25,2HVW+G8|XJXR+WG,late_hours,32.85,7,8,13,-1.08,North Outer Ring
2025-11-25,2HM2+P8|XJV5+RG,late_hours,32.36,7,9,13,-2.17,North Inner Ring
2025-11-25,XJPW+92|WJP4+FF,late_hours,32.25,7,10,13,-3.25,East Inner Ring
2025-11-25,XG48+2W|VHWC+C3,late_hours,31.01,7,11,13,-4.33,South Outer Ring
2025-11-25,WP44+W8|WJFH+XQ,late_hours,28.29,7,12,13,-5.42,Sarjapur Road
2025-11-25,WHR9+R6|XJGF+6J,late_hours,28.25,7,13,13,-6.5,Central Diagonal 2
2025-11-26,XJG4+7J|5PX4+HQ,late_hours,52.46,7,1,13,6.5,Airport Expy
2025-11-26,VJRQ+2M|RMJJ+F4,late_hours,40.33,7,2,13,5.42,Hosur Road
2025-11-26,XMW9+G8|WMJR+V4,late_hours,37.52,7,3,13,4.33,East Outer Ring
2025-11-26,WH5F+26|WJ8X+F5W,late_hours,37.34,7,4,13,3.25,Double Decker Flyover
2025-11-26,XPC7+72|XM33+J3,late_hours,35.21,7,5,13,2.17,Old Airport Road
2025-11-26,XHJ7+MG|WJM6+VC,late_hours,33.0,7,6,13,1.08,Central Diagonal 1
2025-11-26,WGG8+G5|XH7P+G6,late_hours,32.78,7,7,13,0.0,Mysore Road
2025-11-26,2HVW+G8|XJXR+WG,late_hours,32.48,7,8,13,-1.08,North Outer Ring
2025-11-26,2HM2+P8|XJV5+RG,late_hours,32.17,7,9,13,-2.17,North Inner Ring
2025-11-26,XJPW+92|WJP4+FF,late_hours,31.81,7,10,13,-3.25,East Inner Ring
2025-11-26,XG48+2W|VHWC+C3,late_hours,30.57,7,11,13,-4.33,South Outer Ring
2025-11-26,WHR9+R6|XJGF+6J,late_hours,27.76,7,12,13,-5.42,Central Diagonal 2
2025-11-26,WP44+W8|WJFH+XQ,late_hours,27.43,7,13,13,-6.5,Sarjapur Road
2025-11-27,XJG4+7J|5PX4+HQ,late_hours,52.27,7,1,13,6.5,Airport Expy
2025-11-27,VJRQ+2M|RMJJ+F4,late_hours,40.03,7,2,13,5.42,Hosur Road
2025-11-27,WH5F+26|WJ8X+F5W,late_hours,39.58,7,3,13,4.33,Double Decker Flyover
2025-11-27,XMW9+G8|WMJR+V4,late_hours,37.66,7,4,13,3.25,East Outer Ring
2025-11-27,XHJ7+MG|WJM6+VC,late_hours,33.31,7,5,13,2.17,Central Diagonal 1
2025-11-27,2HM2+P8|XJV5+RG,late_hours,32.19,7,6,13,1.08,North Inner Ring
2025-11-27,2HVW+G8|XJXR+WG,late_hours,31.86,7,7,13,0.0,North Outer Ring
2025-11-27,XPC7+72|XM33+J3,late_hours,31.78,7,8,13,-1.08,Old Airport Road
2025-11-27,XJPW+92|WJP4+FF,late_hours,31.52,7,9,13,-2.17,East Inner Ring
2025-11-27,XG48+2W|VHWC+C3,late_hours,30.53,7,10,13,-3.25,South Outer Ring
2025-11-27,WGG8+G5|XH7P+G6,late_hours,29.71,7,11,13,-4.33,Mysore Road
2025-11-27,WHR9+R6|XJGF+6J,late_hours,27.73,7,12,13,-5.42,Central Diagonal 2
2025-11-27,WP44+W8|WJFH+XQ,late_hours,26.53,7,13,13,-6.5,Sarjapur Road
2025-11-28,XJG4+7J|5PX4+HQ,late_hours,51.53,7,1,13,6.5,Airport Expy
2025-11-28,VJRQ+2M|RMJJ+F4,late_hours,40.26,7,2,13,5.42,Hosur Road
2025-11-28,WH5F+26|WJ8X+F5W,late_hours,37.5,7,3,13,4.33,Double Decker Flyover
2025-11-28,XMW9+G8|WMJR+V4,late_hours,36.44,7,4,13,3.25,East Outer Ring
2025-11-28,XPC7+72|XM33+J3,late_hours,34.58,7,5,13,2.17,Old Airport Road
2025-11-28,WGG8+G5|XH7P+G6,late_hours,33.4,7,6,13,1.08,Mysore Road
2025-11-28,XHJ7+MG|WJM6+VC,late_hours,32.91,7,7,13,0.0,Central Diagonal 1
2025-11-28,2HM2+P8|XJV5+RG,late_hours,31.45,7,8,13,-1.08,North Inner Ring
2025-11-28,XJPW+92|WJP4+FF,late_hours,31.12,7,9,13,-2.17,East Inner Ring
2025-11-28,XG48+2W|VHWC+C3,late_hours,30.73,7,10,13,-3.25,South Outer Ring
2025-11-28,2HVW+G8|XJXR+WG,late_hours,29.81,7,11,13,-4.33,North Outer Ring
2025-11-28,WHR9+R6|XJGF+6J,late_hours,27.32,7,12,13,-5.42,Central Diagonal 2
2025-11-28,WP44+W8|WJFH+XQ,late_hours,26.62,7,13,13,-6.5,Sarjapur Road
2025-11-29,XJG4+7J|5PX4+HQ,late_hours,49.68,7,1,13,6.5,Airport Expy
2025-11-29,VJRQ+2M|RMJJ+F4,late_hours,40.29,7,2,13,5.42,Hosur Road
2025-11-29,XMW9+G8|WMJR+V4,late_hours,34.03,7,3,13,4.33,East Outer Ring
2025-11-29,XPC7+72|XM33+J3,late_hours,33.58,7,4,13,3.25,Old Airport Road
2025-11-29,WH5F+26|WJ8X+F5W,late_hours,32.74,7,5,13,2.17,Double Decker Flyover
2025-11-29,WGG8+G5|XH7P+G6,late_hours,32.3,7,6,13,1.08,Mysore Road
2025-11-29,XHJ7+MG|WJM6+VC,late_hours,31.99,7,7,13,0.0,Central Diagonal 1
2025-11-29,2HVW+G8|XJXR+WG,late_hours,31.25,7,8,13,-1.08,North Outer Ring
2025-11-29,2HM2+P8|XJV5+RG,late_hours,30.97,7,9,13,-2.17,North Inner Ring
2025-11-29,XJPW+92|WJP4+FF,late_hours,30.33,7,10,13,-3.25,East Inner Ring
2025-11-29,XG48+2W|VHWC+C3,late_hours,29.43,7,11,13,-4.33,South Outer Ring
2025-11-29,WP44+W8|WJFH+XQ,late_hours,27.0,7,12,13,-5.42,Sarjapur Road
2025-11-29,WHR9+R6|XJGF+6J,late_hours,26.39,7,13,13,-6.5,Central Diagonal 2
2025-11-30,XJG4+7J|5PX4+HQ,late_hours,51.03,7,1,13,6.5,Airport Expy
2025-11-30,VJRQ+2M|RMJJ+F4,late_hours,39.84,7,2,13,5.42,Hosur Road
2025-11-30,XMW9+G8|WMJR+V4,late_hours,37.24,7,3,13,4.33,East Outer Ring
2025-11-30,WH5F+26|WJ8X+F5W,late_hours,34.25,7,4,13,3.25,Double Decker Flyover
2025-11-30,XPC7+72|XM33+J3,late_hours,34.2,7,5,13,2.17,Old Airport Road
2025-11-30,XHJ7+MG|WJM6+VC,late_hours,32.36,7,6,13,1.08,Central Diagonal 1
2025-11-30,WGG8+G5|XH7P+G6,late_hours,32.21,7,7,13,0.0,Mysore Road
2025-11-30,2HM2+P8|XJV5+RG,late_hours,31.8,7,8,13,-1.08,North Inner Ring
2025-11-30,2HVW+G8|XJXR+WG,late_hours,31.27,7,9,13,-2.17,North Outer Ring
2025-11-30,XJPW+92|WJP4+FF,late_hours,30.33,7,10,13,-3.25,East Inner Ring
2025-11-30,XG48+2W|VHWC+C3,late_hours,30.16,7,11,13,-4.33,South Outer Ring
2025-11-30,WP44+W8|WJFH+XQ,late_hours,27.66,7,12,13,-5.42,Sarjapur Road
2025-11-30,WHR9+R6|XJGF+6J,late_hours,26.01,7,13,13,-6.5,Central Diagonal 2
2025-12-01,XJG4+7J|5PX4+HQ,late_hours,52.82,7,1,13,6.5,Airport Expy
2025-12-01,XMW9+G8|WMJR+V4,late_hours,42.5,7,2,13,5.42,East Outer Ring
2025-12-01,VJRQ+2M|RMJJ+F4,late_hours,40.79,7,3,13,4.33,Hosur Road
2025-12-01,WH5F+26|WJ8X+F5W,late_hours,38.68,7,4,13,3.25,Double Decker Flyover
2025-12-01,XPC7+72|XM33+J3,late_hours,35.25,7,5,13,2.17,Old Airport Road
2025-12-01,2HVW+G8|XJXR+WG,late_hours,34.49,7,6,13,1.08,North Outer Ring
2025-12-01,XHJ7+MG|WJM6+VC,late_hours,33.42,7,7,13,0.0,Central Diagonal 1
2025-12-01,WGG8+G5|XH7P+G6,late_hours,33.36,7,8,13,-1.08,Mysore Road
2025-12-01,2HM2+P8|XJV5+RG,late_hours,31.93,7,9,13,-2.17,North Inner Ring
2025-12-01,XJPW+92|WJP4+FF,late_hours,31.25,7,10,13,-3.25,East Inner Ring
2025-12-01,XG48+2W|VHWC+C3,late_hours,29.32,7,11,13,-4.33,South Outer Ring
2025-12-01,WP44+W8|WJFH+XQ,late_hours,29.3,7,12,13,-5.42,Sarjapur Road
2025-12-01,WHR9+R6|XJGF+6J,late_hours,27.88,7,13,13,-6.5,Central Diagonal 2
2025-12-02,XJG4+7J|5PX4+HQ,late_hours,53.42,7,1,13,6.5,Airport Expy
2025-12-02,VJRQ+2M|RMJJ+F4,late_hours,40.72,7,2,13,5.42,Hosur Road
2025-12-02,XMW9+G8|WMJR+V4,late_hours,36.34,7,3,13,4.33,East Outer Ring
2025-12-02,WH5F+26|WJ8X+F5W,late_hours,35.67,7,4,13,3.25,Double Decker Flyover
2025-12-02,XPC7+72|XM33+J3,late_hours,35.57,7,5,13,2.17,Old Airport Road
2025-12-02,2HVW+G8|XJXR+WG,late_hours,34.65,7,6,13,1.08,North Outer Ring
2025-12-02,WGG8+G5|XH7P+G6,late_hours,34.38,7,7,13,0.0,Mysore Road
2025-12-02,XHJ7+MG|WJM6+VC,late_hours,34.01,7,8,13,-1.08,Central Diagonal 1
2025-12-02,2HM2+P8|XJV5+RG,late_hours,32.79,7,9,13,-2.17,North Inner Ring
2025-12-02,XJPW+92|WJP4+FF,late_hours,32.75,7,10,13,-3.25,East Inner Ring
2025-12-02,XG48+2W|VHWC+C3,late_hours,31.03,7,11,13,-4.33,South Outer Ring
2025-12-02,WP44+W8|WJFH+XQ,late_hours,28.99,7,12,13,-5.42,Sarjapur Road
2025-12-02,WHR9+R6|XJGF+6J,late_hours,28.31,7,13,13,-6.5,Central Diagonal 2
2025-12-03,XJG4+7J|5PX4+HQ,late_hours,52.58,7,1,13,6.5,Airport Expy
2025-12-03,VJRQ+2M|RMJJ+F4,late_hours,41.0,7,2,13,5.42,Hosur Road
2025-12-03,WH5F+26|WJ8X+F5W,late_hours,38.56,7,3,13,4.33,Double Decker Flyover
2025-12-03,XMW9+G8|WMJR+V4,late_hours,36.94,7,4,13,3.25,East Outer Ring
2025-12-03,XPC7+72|XM33+J3,late_hours,35.16,7,5,13,2.17,Old Airport Road
2025-12-03,WGG8+G5|XH7P+G6,late_hours,35.09,7,6,13,1.08,Mysore Road
2025-12-03,2HVW+G8|XJXR+WG,late_hours,34.56,7,7,13,0.0,North Outer Ring
2025-12-03,XHJ7+MG|WJM6+VC,late_hours,34.32,7,8,13,-1.08,Central Diagonal 1
2025-12-03,XJPW+92|WJP4+FF,late_hours,32.85,7,9,13,-2.17,East Inner Ring
2025-12-03,2HM2+P8|XJV5+RG,late_hours,32.52,7,10,13,-3.25,North Inner Ring
2025-12-03,XG48+2W|VHWC+C3,late_hours,31.42,7,11,13,-4.33,South Outer Ring
2025-12-03,WHR9+R6|XJGF+6J,late_hours,28.94,7,12,13,-5.42,Central Diagonal 2
2025-12-03,WP44+W8|WJFH+XQ,late_hours,28.83,7,13,13,-6.5,Sarjapur Road
2025-12-04,XJG4+7J|5PX4+HQ,late_hours,52.85,7,1,13,6.5,Airport Expy
2025-12-04,VJRQ+2M|RMJJ+F4,late_hours,40.71,7,2,13,5.42,Hosur Road
2025-12-04,XMW9+G8|WMJR+V4,late_hours,37.71,7,3,13,4.33,East Outer Ring
2025-12-04,WH5F+26|WJ8X+F5W,late_hours,37.68,7,4,13,3.25,Double Decker Flyover
2025-12-04,XPC7+72|XM33+J3,late_hours,34.77,7,5,13,2.17,Old Airport Road
2025-12-04,2HVW+G8|XJXR+WG,late_hours,34.53,7,6,13,1.08,North Outer Ring
2025-12-04,XHJ7+MG|WJM6+VC,late_hours,34.33,7,7,13,0.0,Central Diagonal 1
2025-12-04,WGG8+G5|XH7P+G6,late_hours,34.1,7,8,13,-1.08,Mysore Road
2025-12-04,2HM2+P8|XJV5+RG,late_hours,32.53,7,9,13,-2.17,North Inner Ring
2025-12-04,XJPW+92|WJP4+FF,late_hours,32.27,7,10,13,-3.25,East Inner Ring
2025-12-04,XG48+2W|VHWC+C3,late_hours,30.65,7,11,13,-4.33,South Outer Ring
2025-12-04,WP44+W8|WJFH+XQ,late_hours,28.15,7,12,13,-5.42,Sarjapur Road
2025-12-04,WHR9+R6|XJGF+6J,late_hours,27.83,7,13,13,-6.5,Central Diagonal 2
2025-12-05,XJG4+7J|5PX4+HQ,late_hours,51.52,7,1,13,6.5,Airport Expy
2025-12-05,VJRQ+2M|RMJJ+F4,late_hours,40.07,7,2,13,5.42,Hosur Road
2025-12-05,WH5F+26|WJ8X+F5W,late_hours,37.51,7,3,13,4.33,Double Decker Flyover
2025-12-05,WGG8+G5|XH7P+G6,late_hours,33.93,7,4,13,3.25,Mysore Road
2025-12-05,2HVW+G8|XJXR+WG,late_hours,33.05,7,5,13,2.17,North Outer Ring
2025-12-05,XHJ7+MG|WJM6+VC,late_hours,32.81,7,6,13,1.08,Central Diagonal 1
2025-12-05,2HM2+P8|XJV5+RG,late_hours,32.2,7,7,13,0.0,North Inner Ring
2025-12-05,XPC7+72|XM33+J3,late_hours,31.86,7,8,13,-1.08,Old Airport Road
2025-12-05,XMW9+G8|WMJR+V4,late_hours,31.84,7,9,13,-2.17,East Outer Ring
2025-12-05,XJPW+92|WJP4+FF,late_hours,31.07,7,10,13,-3.25,East Inner Ring
2025-12-05,XG48+2W|VHWC+C3,late_hours,30.44,7,11,13,-4.33,South Outer Ring
2025-12-05,WHR9+R6|XJGF+6J,late_hours,27.76,7,12,13,-5.42,Central Diagonal 2
2025-12-05,WP44+W8|WJFH+XQ,late_hours,27.39,7,13,13,-6.5,Sarjapur Road
2025-12-06,XJG4+7J|5PX4+HQ,late_hours,50.12,7,1,13,6.5,Airport Expy
2025-12-06,VJRQ+2M|RMJJ+F4,late_hours,40.16,7,2,13,5.42,Hosur Road
2025-12-06,WH5F+26|WJ8X+F5W,late_hours,36.74,7,3,13,4.33,Double Decker Flyover
2025-12-06,XMW9+G8|WMJR+V4,late_hours,33.85,7,4,13,3.25,East Outer Ring
2025-12-06,WGG8+G5|XH7P+G6,late_hours,32.32,7,5,13,2.17,Mysore Road
2025-12-06,XHJ7+MG|WJM6+VC,late_hours,32.23,7,6,13,1.08,Central Diagonal 1
2025-12-06,XPC7+72|XM33+J3,late_hours,32.13,7,7,13,0.0,Old Airport Road
2025-12-06,2HVW+G8|XJXR+WG,late_hours,31.71,7,8,13,-1.08,North Outer Ring
2025-12-06,2HM2+P8|XJV5+RG,late_hours,31.34,7,9,13,-2.17,North Inner Ring
2025-12-06,XG48+2W|VHWC+C3,late_hours,29.58,7,10,13,-3.25,South Outer Ring
2025-12-06,XJPW+92|WJP4+FF,late_hours,29.38,7,11,13,-4.33,East Inner Ring
2025-12-06,WHR9+R6|XJGF+6J,late_hours,26.08,7,12,13,-5.42,Central Diagonal 2
2025-12-06,WP44+W8|WJFH+XQ,late_hours,25.74,7,13,13,-6.5,Sarjapur Road
2025-12-07,XJG4+7J|5PX4+HQ,late_hours,51.09,7,1,13,6.5,Airport Expy
2025-12-07,VJRQ+2M|RMJJ+F4,late_hours,40.47,7,2,13,5.42,Hosur Road
2025-12-07,WH5F+26|WJ8X+F5W,late_hours,36.3,7,3,13,4.33,Double Decker Flyover
2025-12-07,XMW9+G8|WMJR+V4,late_hours,33.46,7,4,13,3.25,East Outer Ring
2025-12-07,2HVW+G8|XJXR+WG,late_hours,32.41,7,5,13,2.17,North Outer Ring
2025-12-07,XPC7+72|XM33+J3,late_hours,32.26,7,6,13,1.08,Old Airport Road
2025-12-07,WGG8+G5|XH7P+G6,late_hours,32.12,7,7,13,0.0,Mysore Road
2025-12-07,XHJ7+MG|WJM6+VC,late_hours,31.89,7,8,13,-1.08,Central Diagonal 1
2025-12-07,2HM2+P8|XJV5+RG,late_hours,31.7,7,9,13,-2.17,North Inner Ring
2025-12-07,XG48+2W|VHWC+C3,late_hours,30.13,7,10,13,-3.25,South Outer Ring
2025-12-07,XJPW+92|WJP4+FF,late_hours,29.25,7,11,13,-4.33,East Inner Ring
2025-12-07,WHR9+R6|XJGF+6J,late_hours,26.5,7,12,13,-5.42,Central Diagonal 2
2025-12-07,WP44+W8|WJFH+XQ,late_hours,26.13,7,13,13,-6.5,Sarjapur Road
2025-12-08,XJG4+7J|5PX4+HQ,late_hours,53.77,7,1,13,6.5,Airport Expy
2025-12-08,XMW9+G8|WMJR+V4,late_hours,42.24,7,2,13,5.42,East Outer Ring
2025-12-08,VJRQ+2M|RMJJ+F4,late_hours,40.29,7,3,13,4.33,Hosur Road
2025-12-08,WH5F+26|WJ8X+F5W,late_hours,39.09,7,4,13,3.25,Double Decker Flyover
2025-12-08,XPC7+72|XM33+J3,late_hours,35.25,7,5,13,2.17,Old Airport Road
2025-12-08,2HVW+G8|XJXR+WG,late_hours,35.13,7,6,13,1.08,North Outer Ring
2025-12-08,WGG8+G5|XH7P+G6,late_hours,34.44,7,7,13,0.0,Mysore Road
2025-12-08,XHJ7+MG|WJM6+VC,late_hours,32.8,7,8,13,-1.08,Central Diagonal 1
2025-12-08,2HM2+P8|XJV5+RG,late_hours,32.68,7,9,13,-2.17,North Inner Ring
2025-12-08,XJPW+92|WJP4+FF,late_hours,31.3,7,10,13,-3.25,East Inner Ring
2025-12-08,XG48+2W|VHWC+C3,late_hours,29.92,7,11,13,-4.33,South Outer Ring
2025-12-08,WP44+W8|WJFH+XQ,late_hours,29.42,7,12,13,-5.42,Sarjapur Road
2025-12-08,WHR9+R6|XJGF+6J,late_hours,27.95,7,13,13,-6.5,Central Diagonal 2
2025-12-09,XJG4+7J|5PX4+HQ,late_hours,53.55,7,1,13,6.5,Airport Expy
2025-12-09,VJRQ+2M|RMJJ+F4,late_hours,41.05,7,2,13,5.42,Hosur Road
2025-12-09,WH5F+26|WJ8X+F5W,late_hours,38.4,7,3,13,4.33,Double Decker Flyover
2025-12-09,XMW9+G8|WMJR+V4,late_hours,37.82,7,4,13,3.25,East Outer Ring
2025-12-09,XPC7+72|XM33+J3,late_hours,35.02,7,5,13,2.17,Old Airport Road
2025-12-09,XHJ7+MG|WJM6+VC,late_hours,34.61,7,6,13,1.08,Central Diagonal 1
2025-12-09,WGG8+G5|XH7P+G6,late_hours,34.26,7,7,13,0.0,Mysore Road
2025-12-09,2HVW+G8|XJXR+WG,late_hours,32.83,7,8,13,-1.08,North Outer Ring
2025-12-09,2HM2+P8|XJV5+RG,late_hours,32.82,7,9,13,-2.17,North Inner Ring
2025-12-09,XJPW+92|WJP4+FF,late_hours,32.5,7,10,13,-3.25,East Inner Ring
2025-12-09,XG48+2W|VHWC+C3,late_hours,30.47,7,11,13,-4.33,South Outer Ring
2025-12-09,WP44+W8|WJFH+XQ,late_hours,30.09,7,12,13,-5.42,Sarjapur Road
2025-12-09,WHR9+R6|XJGF+6J,late_hours,28.59,7,13,13,-6.5,Central Diagonal 2
2025-12-10,XJG4+7J|5PX4+HQ,late_hours,52.52,7,1,13,6.5,Airport Expy
2025-12-10,VJRQ+2M|RMJJ+F4,late_hours,41.0,7,2,13,5.42,Hosur Road
2025-12-10,XMW9+G8|WMJR+V4,late_hours,38.51,7,3,13,4.33,East Outer Ring
2025-12-10,WH5F+26|WJ8X+F5W,late_hours,38.5,7,4,13,3.25,Double Decker Flyover
2025-12-10,XPC7+72|XM33+J3,late_hours,35.53,7,5,13,2.17,Old Airport Road
2025-12-10,WGG8+G5|XH7P+G6,late_hours,34.92,7,6,13,1.08,Mysore Road
2025-12-10,XHJ7+MG|WJM6+VC,late_hours,34.52,7,7,13,0.0,Central Diagonal 1
2025-12-10,2HM2+P8|XJV5+RG,late_hours,33.68,7,8,13,-1.08,North Inner Ring
2025-12-10,XJPW+92|WJP4+FF,late_hours,31.83,7,9,13,-2.17,East Inner Ring
2025-12-10,XG48+2W|VHWC+C3,late_hours,31.48,7,10,13,-3.25,South Outer Ring
2025-12-10,2HVW+G8|XJXR+WG,late_hours,30.71,7,11,13,-4.33,North Outer Ring
2025-12-10,WP44+W8|WJFH+XQ,late_hours,30.45,7,12,13,-5.42,Sarjapur Road
2025-12-10,WHR9+R6|XJGF+6J,late_hours,28.82,7,13,13,-6.5,Central Diagonal 2
2025-12-11,XJG4+7J|5PX4+HQ,late_hours,52.31,7,1,13,6.5,Airport Expy
2025-12-11,VJRQ+2M|RMJJ+F4,late_hours,41.0,7,2,13,5.42,Hosur Road
2025-12-11,WH5F+26|WJ8X+F5W,late_hours,39.04,7,3,13,4.33,Double Decker Flyover
2025-12-11,XMW9+G8|WMJR+V4,late_hours,38.64,7,4,13,3.25,East Outer Ring
2025-12-11,XPC7+72|XM33+J3,late_hours,34.44,7,5,13,2.17,Old Airport Road
2025-12-11,XHJ7+MG|WJM6+VC,late_hours,34.42,7,6,13,1.08,Central Diagonal 1
2025-12-11,WGG8+G5|XH7P+G6,late_hours,34.26,7,7,13,0.0,Mysore Road
2025-12-11,2HM2+P8|XJV5+RG,late_hours,33.41,7,8,13,-1.08,North Inner Ring
2025-12-11,XJPW+92|WJP4+FF,late_hours,32.07,7,9,13,-2.17,East Inner Ring
2025-12-11,XG48+2W|VHWC+C3,late_hours,31.4,7,10,13,-3.25,South Outer Ring
2025-12-11,2HVW+G8|XJXR+WG,late_hours,30.67,7,11,13,-4.33,North Outer Ring
2025-12-11,WP44+W8|WJFH+XQ,late_hours,30.07,7,12,13,-5.42,Sarjapur Road
2025-12-11,WHR9+R6|XJGF+6J,late_hours,28.73,7,13,13,-6.5,Central Diagonal 2
2025-12-12,XJG4+7J|5PX4+HQ,late_hours,51.36,7,1,13,6.5,Airport Expy
2025-12-12,VJRQ+2M|RMJJ+F4,late_hours,39.23,7,2,13,5.42,Hosur Road
2025-12-12,WH5F+26|WJ8X+F5W,late_hours,35.55,7,3,13,4.33,Double Decker Flyover
2025-12-12,XPC7+72|XM33+J3,late_hours,33.02,7,4,13,3.25,Old Airport Road
2025-12-12,2HVW+G8|XJXR+WG,late_hours,32.83,7,5,13,2.17,North Outer Ring
2025-12-12,XHJ7+MG|WJM6+VC,late_hours,32.66,7,6,13,1.08,Central Diagonal 1
2025-12-12,WGG8+G5|XH7P+G6,late_hours,32.11,7,7,13,0.0,Mysore Road
2025-12-12,2HM2+P8|XJV5+RG,late_hours,31.74,7,8,13,-1.08,North Inner Ring
2025-12-12,XMW9+G8|WMJR+V4,late_hours,31.7,7,9,13,-2.17,East Outer Ring
2025-12-12,XJPW+92|WJP4+FF,late_hours,30.75,7,10,13,-3.25,East Inner Ring
2025-12-12,XG48+2W|VHWC+C3,late_hours,29.62,7,11,13,-4.33,South Outer Ring
2025-12-12,WP44+W8|WJFH+XQ,late_hours,27.98,7,12,13,-5.42,Sarjapur Road
2025-12-12,WHR9+R6|XJGF+6J,late_hours,27.16,7,13,13,-6.5,Central Diagonal 2
2025-12-13,XJG4+7J|5PX4+HQ,late_hours,49.95,7,1,13,6.5,Airport Expy
2025-12-13,VJRQ+2M|RMJJ+F4,late_hours,38.68,7,2,13,5.42,Hosur Road
2025-12-13,WH5F+26|WJ8X+F5W,late_hours,36.35,7,3,13,4.33,Double Decker Flyover
2025-12-13,WGG8+G5|XH7P+G6,late_hours,32.56,7,4,13,3.25,Mysore Road
2025-12-13,XPC7+72|XM33+J3,late_hours,32.28,7,5,13,2.17,Old Airport Road
2025-12-13,XHJ7+MG|WJM6+VC,late_hours,32.15,7,6,13,1.08,Central Diagonal 1
2025-12-13,XMW9+G8|WMJR+V4,late_hours,31.42,7,7,13,0.0,East Outer Ring
2025-12-13,2HM2+P8|XJV5+RG,late_hours,31.4,7,8,13,-1.08,North Inner Ring
2025-12-13,XG48+2W|VHWC+C3,late_hours,29.49,7,9,13,-2.17,South Outer Ring
2025-12-13,XJPW+92|WJP4+FF,late_hours,28.88,7,10,13,-3.25,East Inner Ring
2025-12-13,2HVW+G8|XJXR+WG,late_hours,27.59,7,11,13,-4.33,North Outer Ring
2025-12-13,WHR9+R6|XJGF+6J,late_hours,25.86,7,12,13,-5.42,Central Diagonal 2
2025-12-13,WP44+W8|WJFH+XQ,late_hours,25.56,7,13,13,-6.5,Sarjapur Road
2025-12-14,XJG4+7J|5PX4+HQ,late_hours,50.91,7,1,13,6.5,Airport Expy
2025-12-14,VJRQ+2M|RMJJ+F4,late_hours,39.37,7,2,13,5.42,Hosur Road
2025-12-14,WH5F+26|WJ8X+F5W,late_hours,36.74,7,3,13,4.33,Double Decker Flyover
2025-12-14,XHJ7+MG|WJM6+VC,late_hours,32.96,7,4,13,3.25,Central Diagonal 1
2025-12-14,XPC7+72|XM33+J3,late_hours,32.89,7,5,13,2.17,Old Airport Road
2025-12-14,WGG8+G5|XH7P+G6,late_hours,32.14,7,6,13,1.08,Mysore Road
2025-12-14,2HM2+P8|XJV5+RG,late_hours,31.48,7,7,13,0.0,North Inner Ring
2025-12-14,XMW9+G8|WMJR+V4,late_hours,31.3,7,8,13,-1.08,East Outer Ring
2025-12-14,2HVW+G8|XJXR+WG,late_hours,29.77,7,9,13,-2.17,North Outer Ring
2025-12-14,XG48+2W|VHWC+C3,late_hours,29.58,7,10,13,-3.25,South Outer Ring
2025-12-14,XJPW+92|WJP4+FF,late_hours,29.04,7,11,13,-4.33,East Inner Ring
2025-12-14,WP44+W8|WJFH+XQ,late_hours,27.66,7,12,13,-5.42,Sarjapur Road
2025-12-14,WHR9+R6|XJGF+6J,late_hours,26.34,7,13,13,-6.5,Central Diagonal 2
2025-12-15,XJG4+7J|5PX4+HQ,late_hours,53.59,7,1,13,6.5,Airport Expy
2025-12-15,XMW9+G8|WMJR+V4,late_hours,42.97,7,2,13,5.42,East Outer Ring
2025-12-15,VJRQ+2M|RMJJ+F4,late_hours,40.42,7,3,13,4.33,Hosur Road
2025-12-15,WH5F+26|WJ8X+F5W,late_hours,39.08,7,4,13,3.25,Double Decker Flyover
2025-12-15,XPC7+72|XM33+J3,late_hours,35.54,7,5,13,2.17,Old Airport Road
2025-12-15,WGG8+G5|XH7P+G6,late_hours,34.76,7,6,13,1.08,Mysore Road
2025-12-15,XHJ7+MG|WJM6+VC,late_hours,34.28,7,7,13,0.0,Central Diagonal 1
2025-12-15,2HM2+P8|XJV5+RG,late_hours,32.17,7,8,13,-1.08,North Inner Ring
2025-12-15,XJPW+92|WJP4+FF,late_hours,32.09,7,9,13,-2.17,East Inner Ring
2025-12-15,2HVW+G8|XJXR+WG,late_hours,31.54,7,10,13,-3.25,North Outer Ring
2025-12-15,XG48+2W|VHWC+C3,late_hours,29.99,7,11,13,-4.33,South Outer Ring
2025-12-15,WP44+W8|WJFH+XQ,late_hours,29.59,7,12,13,-5.42,Sarjapur Road
2025-12-15,WHR9+R6|XJGF+6J,late_hours,28.28,7,13,13,-6.5,Central Diagonal 2
2025-12-16,XJG4+7J|5PX4+HQ,late_hours,53.66,7,1,13,6.5,Airport Expy
2025-12-16,VJRQ+2M|RMJJ+F4,late_hours,40.63,7,2,13,5.42,Hosur Road
2025-12-16,WH5F+26|WJ8X+F5W,late_hours,38.68,7,3,13,4.33,Double Decker Flyover
2025-12-16,XMW9+G8|WMJR+V4,late_hours,35.79,7,4,13,3.25,East Outer Ring
2025-12-16,XPC7+72|XM33+J3,late_hours,35.68,7,5,13,2.17,Old Airport Road
2025-12-16,XHJ7+MG|WJM6+VC,late_hours,35.13,7,6,13,1.08,Central Diagonal 1
2025-12-16,WGG8+G5|XH7P+G6,late_hours,34.76,7,7,13,0.0,Mysore Road
2025-12-16,2HM2+P8|XJV5+RG,late_hours,33.25,7,8,13,-1.08,North Inner Ring
2025-12-16,XJPW+92|WJP4+FF,late_hours,32.86,7,9,13,-2.17,East Inner Ring
2025-12-16,XG48+2W|VHWC+C3,late_hours,31.05,7,10,13,-3.25,South Outer Ring
2025-12-16,2HVW+G8|XJXR+WG,late_hours,31.02,7,11,13,-4.33,North Outer Ring
2025-12-16,WP44+W8|WJFH+XQ,late_hours,30.71,7,12,13,-5.42,Sarjapur Road
2025-12-16,WHR9+R6|XJGF+6J,late_hours,28.86,7,13,13,-6.5,Central Diagonal 2
2025-12-17,XJG4+7J|5PX4+HQ,late_hours,52.54,7,1,13,6.5,Airport Expy
2025-12-17,VJRQ+2M|RMJJ+F4,late_hours,40.33,7,2,13,5.42,Hosur Road
2025-12-17,WH5F+26|WJ8X+F5W,late_hours,39.17,7,3,13,4.33,Double Decker Flyover
2025-12-17,XMW9+G8|WMJR+V4,late_hours,36.48,7,4,13,3.25,East Outer Ring
2025-12-17,XPC7+72|XM33+J3,late_hours,34.61,7,5,13,2.17,Old Airport Road
2025-12-17,XHJ7+MG|WJM6+VC,late_hours,34.04,7,6,13,1.08,Central Diagonal 1
2025-12-17,WGG8+G5|XH7P+G6,late_hours,33.89,7,7,13,0.0,Mysore Road
2025-12-17,2HM2+P8|XJV5+RG,late_hours,32.82,7,8,13,-1.08,North Inner Ring
2025-12-17,XJPW+92|WJP4+FF,late_hours,32.01,7,9,13,-2.17,East Inner Ring
2025-12-17,XG48+2W|VHWC+C3,late_hours,31.17,7,10,13,-3.25,South Outer Ring
2025-12-17,2HVW+G8|XJXR+WG,late_hours,30.28,7,11,13,-4.33,North Outer Ring
2025-12-17,WP44+W8|WJFH+XQ,late_hours,29.4,7,12,13,-5.42,Sarjapur Road
2025-12-17,WHR9+R6|XJGF+6J,late_hours,28.17,7,13,13,-6.5,Central Diagonal 2
2025-12-18,XJG4+7J|5PX4+HQ,late_hours,52.42,7,1,13,6.5,Airport Expy
2025-12-18,VJRQ+2M|RMJJ+F4,late_hours,39.35,7,2,13,5.42,Hosur Road
2025-12-18,WH5F+26|WJ8X+F5W,late_hours,38.76,7,3,13,4.33,Double Decker Flyover
2025-12-18,XMW9+G8|WMJR+V4,late_hours,35.48,7,4,13,3.25,East Outer Ring
2025-12-18,XPC7+72|XM33+J3,late_hours,35.09,7,5,13,2.17,Old Airport Road
2025-12-18,XHJ7+MG|WJM6+VC,late_hours,33.87,7,6,13,1.08,Central Diagonal 1
2025-12-18,WGG8+G5|XH7P+G6,late_hours,33.26,7,7,13,0.0,Mysore Road
2025-12-18,2HM2+P8|XJV5+RG,late_hours,32.11,7,8,13,-1.08,North Inner Ring
2025-12-18,XJPW+92|WJP4+FF,late_hours,31.16,7,9,13,-2.17,East Inner Ring
2025-12-18,XG48+2W|VHWC+C3,late_hours,29.99,7,10,13,-3.25,South Outer Ring
2025-12-18,2HVW+G8|XJXR+WG,late_hours,29.53,7,11,13,-4.33,North Outer Ring
2025-12-18,WP44+W8|WJFH+XQ,late_hours,28.86,7,12,13,-5.42,Sarjapur Road
2025-12-18,WHR9+R6|XJGF+6J,late_hours,28.05,7,13,13,-6.5,Central Diagonal 2
2025-12-19,XJG4+7J|5PX4+HQ,late_hours,51.57,7,1,13,6.5,Airport Expy
2025-12-19,VJRQ+2M|RMJJ+F4,late_hours,38.65,7,2,13,5.42,Hosur Road
2025-12-19,WH5F+26|WJ8X+F5W,late_hours,37.86,7,3,13,4.33,Double Decker Flyover
2025-12-19,XMW9+G8|WMJR+V4,late_hours,37.18,7,4,13,3.25,East Outer Ring
2025-12-19,XHJ7+MG|WJM6+VC,late_hours,33.56,7,5,13,2.17,Central Diagonal 1
2025-12-19,XPC7+72|XM33+J3,late_hours,33.56,7,6,13,1.08,Old Airport Road
2025-12-19,WGG8+G5|XH7P+G6,late_hours,32.12,7,7,13,0.0,Mysore Road
2025-12-19,2HM2+P8|XJV5+RG,late_hours,31.11,7,8,13,-1.08,North Inner Ring
2025-12-19,XJPW+92|WJP4+FF,late_hours,30.95,7,9,13,-2.17,East Inner Ring
2025-12-19,XG48+2W|VHWC+C3,late_hours,30.03,7,10,13,-3.25,South Outer Ring
2025-12-19,2HVW+G8|XJXR+WG,late_hours,29.52,7,11,13,-4.33,North Outer Ring
2025-12-19,WP44+W8|WJFH+XQ,late_hours,27.99,7,12,13,-5.42,Sarjapur Road
2025-12-19,WHR9+R6|XJGF+6J,late_hours,27.16,7,13,13,-6.5,Central Diagonal 2
2025-12-20,XJG4+7J|5PX4+HQ,late_hours,49.95,7,1,13,6.5,Airport Expy
2025-12-20,VJRQ+2M|RMJJ+F4,late_hours,38.31,7,2,13,5.42,Hosur Road
2025-12-20,WH5F+26|WJ8X+F5W,late_hours,36.31,7,3,13,4.33,Double Decker Flyover
2025-12-20,XHJ7+MG|WJM6+VC,late_hours,32.57,7,4,13,3.25,Central Diagonal 1
2025-12-20,WGG8+G5|XH7P+G6,late_hours,32.07,7,5,13,2.17,Mysore Road
2025-12-20,2HM2+P8|XJV5+RG,late_hours,31.06,7,6,13,1.08,North Inner Ring
2025-12-20,XPC7+72|XM33+J3,late_hours,30.98,7,7,13,0.0,Old Airport Road
2025-12-20,XMW9+G8|WMJR+V4,late_hours,30.84,7,8,13,-1.08,East Outer Ring
2025-12-20,XG48+2W|VHWC+C3,late_hours,29.67,7,9,13,-2.17,South Outer Ring
2025-12-20,WP44+W8|WJFH+XQ,late_hours,29.1,7,10,13,-3.25,Sarjapur Road
2025-12-20,XJPW+92|WJP4+FF,late_hours,29.0,7,11,13,-4.33,East Inner Ring
2025-12-20,2HVW+G8|XJXR+WG,late_hours,28.57,7,12,13,-5.42,North Outer Ring
2025-12-20,WHR9+R6|XJGF+6J,late_hours,26.45,7,13,13,-6.5,Central Diagonal 2
2025-12-21,XJG4+7J|5PX4+HQ,late_hours,51.02,7,1,13,6.5,Airport Expy
2025-12-21,VJRQ+2M|RMJJ+F4,late_hours,39.68,7,2,13,5.42,Hosur Road
2025-12-21,XMW9+G8|WMJR+V4,late_hours,34.68,7,3,13,4.33,East Outer Ring
2025-12-21,XPC7+72|XM33+J3,late_hours,33.62,7,4,13,3.25,Old Airport Road
2025-12-21,WH5F+26|WJ8X+F5W,late_hours,32.87,7,5,13,2.17,Double Decker Flyover
2025-12-21,WGG8+G5|XH7P+G6,late_hours,32.45,7,6,13,1.08,Mysore Road
2025-12-21,XHJ7+MG|WJM6+VC,late_hours,32.15,7,7,13,0.0,Central Diagonal 1
2025-12-21,2HM2+P8|XJV5+RG,late_hours,31.24,7,8,13,-1.08,North Inner Ring
2025-12-21,WP44+W8|WJFH+XQ,late_hours,29.7,7,9,13,-2.17,Sarjapur Road
2025-12-21,XJPW+92|WJP4+FF,late_hours,29.59,7,10,13,-3.25,East Inner Ring
2025-12-21,XG48+2W|VHWC+C3,late_hours,29.35,7,11,13,-4.33,South Outer Ring
2025-12-21,2HVW+G8|XJXR+WG,late_hours,29.19,7,12,13,-5.42,North Outer Ring
2025-12-21,WHR9+R6|XJGF+6J,late_hours,26.67,7,13,13,-6.5,Central Diagonal 2
2025-12-22,XJG4+7J|5PX4+HQ,late_hours,53.33,7,1,13,6.5,Airport Expy
2025-12-22,VJRQ+2M|RMJJ+F4,late_hours,39.55,7,2,13,5.42,Hosur Road
2025-12-22,XMW9+G8|WMJR+V4,late_hours,39.42,7,3,13,4.33,East Outer Ring
2025-12-22,WH5F+26|WJ8X+F5W,late_hours,38.72,7,4,13,3.25,Double Decker Flyover
2025-12-22,XPC7+72|XM33+J3,late_hours,35.25,7,5,13,2.17,Old Airport Road
2025-12-22,XHJ7+MG|WJM6+VC,late_hours,33.9,7,6,13,1.08,Central Diagonal 1
2025-12-22,WGG8+G5|XH7P+G6,late_hours,33.3,7,7,13,0.0,Mysore Road
2025-12-22,2HM2+P8|XJV5+RG,late_hours,32.43,7,8,13,-1.08,North Inner Ring
2025-12-22,WP44+W8|WJFH+XQ,late_hours,32.39,7,9,13,-2.17,Sarjapur Road
2025-12-22,XJPW+92|WJP4+FF,late_hours,31.41,7,10,13,-3.25,East Inner Ring
2025-12-22,2HVW+G8|XJXR+WG,late_hours,31.14,7,11,13,-4.33,North Outer Ring
2025-12-22,XG48+2W|VHWC+C3,late_hours,30.56,7,12,13,-5.42,South Outer Ring
2025-12-22,WHR9+R6|XJGF+6J,late_hours,27.73,7,13,13,-6.5,Central Diagonal 2
2025-12-23,XJG4+7J|5PX4+HQ,late_hours,52.78,7,1,13,6.5,Airport Expy
2025-12-23,VJRQ+2M|RMJJ+F4,late_hours,39.84,7,2,13,5.42,Hosur Road
2025-12-23,XMW9+G8|WMJR+V4,late_hours,35.62,7,3,13,4.33,East Outer Ring
2025-12-23,WH5F+26|WJ8X+F5W,late_hours,35.54,7,4,13,3.25,Double Decker Flyover
2025-12-23,XHJ7+MG|WJM6+VC,late_hours,34.17,7,5,13,2.17,Central Diagonal 1
2025-12-23,WGG8+G5|XH7P+G6,late_hours,33.89,7,6,13,1.08,Mysore Road
2025-12-23,XPC7+72|XM33+J3,late_hours,33.83,7,7,13,0.0,Old Airport Road
2025-12-23,2HM2+P8|XJV5+RG,late_hours,32.67,7,8,13,-1.08,North Inner Ring
2025-12-23,XJPW+92|WJP4+FF,late_hours,32.27,7,9,13,-2.17,East Inner Ring
2025-12-23,WP44+W8|WJFH+XQ,late_hours,31.63,7,10,13,-3.25,Sarjapur Road
2025-12-23,XG48+2W|VHWC+C3,late_hours,31.1,7,11,13,-4.33,South Outer Ring
2025-12-23,2HVW+G8|XJXR+WG,late_hours,30.67,7,12,13,-5.42,North Outer Ring
2025-12-23,WHR9+R6|XJGF+6J,late_hours,28.32,7,13,13,-6.5,Central Diagonal 2
2025-12-24,XJG4+7J|5PX4+HQ,late_hours,51.75,7,1,13,6.5,Airport Expy
2025-12-24,VJRQ+2M|RMJJ+F4,late_hours,39.89,7,2,13,5.42,Hosur Road
2025-12-24,WH5F+26|WJ8X+F5W,late_hours,38.44,7,3,13,4.33,Double Decker Flyover
2025-12-24,XMW9+G8|WMJR+V4,late_hours,38.38,7,4,13,3.25,East Outer Ring
2025-12-24,XPC7+72|XM33+J3,late_hours,33.09,7,5,13,2.17,Old Airport Road
2025-12-24,XHJ7+MG|WJM6+VC,late_hours,33.01,7,6,13,1.08,Central Diagonal 1
2025-12-24,WGG8+G5|XH7P+G6,late_hours,32.95,7,7,13,0.0,Mysore Road
2025-12-24,2HM2+P8|XJV5+RG,late_hours,32.62,7,8,13,-1.08,North Inner Ring
2025-12-24,2HVW+G8|XJXR+WG,late_hours,32.08,7,9,13,-2.17,North Outer Ring
2025-12-24,XJPW+92|WJP4+FF,late_hours,31.28,7,10,13,-3.25,East Inner Ring
2025-12-24,XG48+2W|VHWC+C3,late_hours,30.42,7,11,13,-4.33,South Outer Ring
2025-12-24,WP44+W8|WJFH+XQ,late_hours,29.61,7,12,13,-5.42,Sarjapur Road
2025-12-24,WHR9+R6|XJGF+6J,late_hours,26.52,7,13,13,-6.5,Central Diagonal 2
2025-12-25,XJG4+7J|5PX4+HQ,late_hours,49.59,7,1,13,6.5,Airport Expy
2025-12-25,VJRQ+2M|RMJJ+F4,late_hours,41.42,7,2,13,5.42,Hosur Road
2025-12-25,WH5F+26|WJ8X+F5W,late_hours,38.24,7,3,13,4.33,Double Decker Flyover
2025-12-25,XMW9+G8|WMJR+V4,late_hours,34.15,7,4,13,3.25,East Outer Ring
2025-12-25,XPC7+72|XM33+J3,late_hours,32.77,7,5,13,2.17,Old Airport Road
2025-12-25,XHJ7+MG|WJM6+VC,late_hours,32.12,7,6,13,1.08,Central Diagonal 1
2025-12-25,WGG8+G5|XH7P+G6,late_hours,32.11,7,7,13,0.0,Mysore Road
2025-12-25,2HM2+P8|XJV5+RG,late_hours,31.43,7,8,13,-1.08,North Inner Ring
2025-12-25,WP44+W8|WJFH+XQ,late_hours,29.43,7,9,13,-2.17,Sarjapur Road
2025-12-25,XG48+2W|VHWC+C3,late_hours,29.38,7,10,13,-3.25,South Outer Ring
2025-12-25,XJPW+92|WJP4+FF,late_hours,29.12,7,11,13,-4.33,East Inner Ring
2025-12-25,2HVW+G8|XJXR+WG,late_hours,28.45,7,12,13,-5.42,North Outer Ring
2025-12-25,WHR9+R6|XJGF+6J,late_hours,25.16,7,13,13,-6.5,Central Diagonal 2
2025-12-26,XJG4+7J|5PX4+HQ,late_hours,51.03,7,1,13,6.5,Airport Expy
2025-12-26,VJRQ+2M|RMJJ+F4,late_hours,43.45,7,2,13,5.42,Hosur Road
2025-12-26,WH5F+26|WJ8X+F5W,late_hours,38.33,7,3,13,4.33,Double Decker Flyover
2025-12-26,XMW9+G8|WMJR+V4,late_hours,36.1,7,4,13,3.25,East Outer Ring
2025-12-26,XPC7+72|XM33+J3,late_hours,33.45,7,5,13,2.17,Old Airport Road
2025-12-26,WGG8+G5|XH7P+G6,late_hours,32.96,7,6,13,1.08,Mysore Road
2025-12-26,WP44+W8|WJFH+XQ,late_hours,32.5,7,7,13,0.0,Sarjapur Road
2025-12-26,XHJ7+MG|WJM6+VC,late_hours,32.4,7,8,13,-1.08,Central Diagonal 1
2025-12-26,2HM2+P8|XJV5+RG,late_hours,31.65,7,9,13,-2.17,North Inner Ring
2025-12-26,XJPW+92|WJP4+FF,late_hours,30.55,7,10,13,-3.25,East Inner Ring
2025-12-26,XG48+2W|VHWC+C3,late_hours,29.73,7,11,13,-4.33,South Outer Ring
2025-12-26,2HVW+G8|XJXR+WG,late_hours,29.23,7,12,13,-5.42,North Outer Ring
2025-12-26,WHR9+R6|XJGF+6J,late_hours,26.41,7,13,13,-6.5,Central Diagonal 2
2025-12-27,XJG4+7J|5PX4+HQ,late_hours,50.56,7,1,13,6.5,Airport Expy
2025-12-27,VJRQ+2M|RMJJ+F4,late_hours,42.1,7,2,13,5.42,Hosur Road
2025-12-27,WH5F+26|WJ8X+F5W,late_hours,36.81,7,3,13,4.33,Double Decker Flyover
2025-12-27,XMW9+G8|WMJR+V4,late_hours,36.67,7,4,13,3.25,East Outer Ring
2025-12-27,XPC7+72|XM33+J3,late_hours,33.89,7,5,13,2.17,Old Airport Road
2025-12-27,XHJ7+MG|WJM6+VC,late_hours,33.34,7,6,13,1.08,Central Diagonal 1
2025-12-27,WGG8+G5|XH7P+G6,late_hours,31.49,7,7,13,0.0,Mysore Road
2025-12-27,2HM2+P8|XJV5+RG,late_hours,31.47,7,8,13,-1.08,North Inner Ring
2025-12-27,2HVW+G8|XJXR+WG,late_hours,29.94,7,9,13,-2.17,North Outer Ring
2025-12-27,XJPW+92|WJP4+FF,late_hours,29.93,7,10,13,-3.25,East Inner Ring
2025-12-27,XG48+2W|VHWC+C3,late_hours,29.58,7,11,13,-4.33,South Outer Ring
2025-12-27,WP44+W8|WJFH+XQ,late_hours,29.07,7,12,13,-5.42,Sarjapur Road
2025-12-27,WHR9+R6|XJGF+6J,late_hours,25.89,7,13,13,-6.5,Central Diagonal 2
2025-12-28,XJG4+7J|5PX4+HQ,late_hours,52.06,7,1,13,6.5,Airport Expy
2025-12-28,VJRQ+2M|RMJJ+F4,late_hours,40.15,7,2,13,5.42,Hosur Road
2025-12-28,WH5F+26|WJ8X+F5W,late_hours,36.0,7,3,13,4.33,Double Decker Flyover
2025-12-28,XPC7+72|XM33+J3,late_hours,34.78,7,4,13,3.25,Old Airport Road
2025-12-28,XMW9+G8|WMJR+V4,late_hours,34.65,7,5,13,2.17,East Outer Ring
2025-12-28,XHJ7+MG|WJM6+VC,late_hours,32.93,7,6,13,1.08,Central Diagonal 1
2025-12-28,WGG8+G5|XH7P+G6,late_hours,32.38,7,7,13,0.0,Mysore Road
2025-12-28,2HVW+G8|XJXR+WG,late_hours,31.94,7,8,13,-1.08,North Outer Ring
2025-12-28,WP44+W8|WJFH+XQ,late_hours,30.46,7,9,13,-2.17,Sarjapur Road
2025-12-28,2HM2+P8|XJV5+RG,late_hours,30.13,7,10,13,-3.25,North Inner Ring
2025-12-28,XJPW+92|WJP4+FF,late_hours,30.05,7,11,13,-4.33,East Inner Ring
2025-12-28,XG48+2W|VHWC+C3,late_hours,29.51,7,12,13,-5.42,South Outer Ring
2025-12-28,WHR9+R6|XJGF+6J,late_hours,26.22,7,13,13,-6.5,Central Diagonal 2
2025-12-29,XJG4+7J|5PX4+HQ,late_hours,52.8,7,1,13,6.5,Airport Expy
2025-12-29,VJRQ+2M|RMJJ+F4,late_hours,40.47,7,2,13,5.42,Hosur Road
2025-12-29,WH5F+26|WJ8X+F5W,late_hours,38.5,7,3,13,4.33,Double Decker Flyover
2025-12-29,XMW9+G8|WMJR+V4,late_hours,35.35,7,4,13,3.25,East Outer Ring
2025-12-29,XPC7+72|XM33+J3,late_hours,34.98,7,5,13,2.17,Old Airport Road
2025-12-29,XHJ7+MG|WJM6+VC,late_hours,33.99,7,6,13,1.08,Central Diagonal 1
2025-12-29,2HVW+G8|XJXR+WG,late_hours,33.57,7,7,13,0.0,North Outer Ring
2025-12-29,WGG8+G5|XH7P+G6,late_hours,32.97,7,8,13,-1.08,Mysore Road
2025-12-29,2HM2+P8|XJV5+RG,late_hours,31.96,7,9,13,-2.17,North Inner Ring
2025-12-29,XJPW+92|WJP4+FF,late_hours,31.71,7,10,13,-3.25,East Inner Ring
2025-12-29,WP44+W8|WJFH+XQ,late_hours,30.15,7,11,13,-4.33,Sarjapur Road
2025-12-29,XG48+2W|VHWC+C3,late_hours,29.71,7,12,13,-5.42,South Outer Ring
2025-12-29,WHR9+R6|XJGF+6J,late_hours,27.59,7,13,13,-6.5,Central Diagonal 2
2025-12-30,XJG4+7J|5PX4+HQ,late_hours,53.31,7,1,13,6.5,Airport Expy
2025-12-30,VJRQ+2M|RMJJ+F4,late_hours,41.05,7,2,13,5.42,Hosur Road
2025-12-30,WH5F+26|WJ8X+F5W,late_hours,38.62,7,3,13,4.33,Double Decker Flyover
2025-12-30,XMW9+G8|WMJR+V4,late_hours,35.42,7,4,13,3.25,East Outer Ring
2025-12-30,XHJ7+MG|WJM6+VC,late_hours,34.68,7,5,13,2.17,Central Diagonal 1
2025-12-30,WGG8+G5|XH7P+G6,late_hours,33.85,7,6,13,1.08,Mysore Road
2025-12-30,XPC7+72|XM33+J3,late_hours,33.13,7,7,13,0.0,Old Airport Road
2025-12-30,2HM2+P8|XJV5+RG,late_hours,33.11,7,8,13,-1.08,North Inner Ring
2025-12-30,XJPW+92|WJP4+FF,late_hours,32.19,7,9,13,-2.17,East Inner Ring
2025-12-30,WP44+W8|WJFH+XQ,late_hours,31.07,7,10,13,-3.25,Sarjapur Road
2025-12-30,XG48+2W|VHWC+C3,late_hours,30.61,7,11,13,-4.33,South Outer Ring
2025-12-30,2HVW+G8|XJXR+WG,late_hours,29.17,7,12,13,-5.42,North Outer Ring
2025-12-30,WHR9+R6|XJGF+6J,late_hours,28.31,7,13,13,-6.5,Central Diagonal 2
2025-12-31,XJG4+7J|5PX4+HQ,late_hours,51.79,7,1,13,6.5,Airport Expy
2025-12-31,VJRQ+2M|RMJJ+F4,late_hours,39.01,7,2,13,5.42,Hosur Road
2025-12-31,XMW9+G8|WMJR+V4,late_hours,37.47,7,3,13,4.33,East Outer Ring
2025-12-31,WH5F+26|WJ8X+F5W,late_hours,37.34,7,4,13,3.25,Double Decker Flyover
2025-12-31,XPC7+72|XM33+J3,late_hours,34.66,7,5,13,2.17,Old Airport Road
2025-12-31,XHJ7+MG|WJM6+VC,late_hours,33.91,7,6,13,1.08,Central Diagonal 1
2025-12-31,WGG8+G5|XH7P+G6,late_hours,32.55,7,7,13,0.0,Mysore Road
2025-12-31,2HM2+P8|XJV5+RG,late_hours,32.23,7,8,13,-1.08,North Inner Ring
2025-12-31,2HVW+G8|XJXR+WG,late_hours,31.51,7,9,13,-2.17,North Outer Ring
2025-12-31,XJPW+92|WJP4+FF,late_hours,30.82,7,10,13,-3.25,East Inner Ring
2025-12-31,XG48+2W|VHWC+C3,late_hours,30.28,7,11,13,-4.33,South Outer Ring
2025-12-31,WP44+W8|WJFH+XQ,late_hours,28.67,7,12,13,-5.42,Sarjapur Road
2025-12-31,WHR9+R6|XJGF+6J,late_hours,26.16,7,13,13,-6.5,Central Diagonal 2
2026-01-01,XJG4+7J|5PX4+HQ,late_hours,48.17,7,1,13,6.5,Airport Expy
2026-01-01,XMW9+G8|WMJR+V4,late_hours,38.08,7,2,13,5.42,East Outer Ring
2026-01-01,VJRQ+2M|RMJJ+F4,late_hours,37.71,7,3,13,4.33,Hosur Road
2026-01-01,XPC7+72|XM33+J3,late_hours,32.18,7,4,13,3.25,Old Airport Road
2026-01-01,2HVW+G8|XJXR+WG,late_hours,30.62,7,5,13,2.17,North Outer Ring
2026-01-01,WP44+W8|WJFH+XQ,late_hours,30.0,7,6,13,1.08,Sarjapur Road
2026-01-01,2HM2+P8|XJV5+RG,late_hours,29.91,7,7,13,0.0,North Inner Ring
2026-01-01,WH5F+26|WJ8X+F5W,late_hours,29.27,7,8,13,-1.08,Double Decker Flyover
2026-01-01,XHJ7+MG|WJM6+VC,late_hours,28.65,7,9,13,-2.17,Central Diagonal 1
2026-01-01,XG48+2W|VHWC+C3,late_hours,28.27,7,10,13,-3.25,South Outer Ring
2026-01-01,WGG8+G5|XH7P+G6,late_hours,27.09,7,11,13,-4.33,Mysore Road
2026-01-01,XJPW+92|WJP4+FF,late_hours,25.96,7,12,13,-5.42,East Inner Ring
2026-01-01,WHR9+R6|XJGF+6J,late_hours,24.69,7,13,13,-6.5,Central Diagonal 2
2026-01-02,XJG4+7J|5PX4+HQ,late_hours,51.93,7,1,13,6.5,Airport Expy
2026-01-02,VJRQ+2M|RMJJ+F4,late_hours,39.39,7,2,13,5.42,Hosur Road
2026-01-02,WH5F+26|WJ8X+F5W,late_hours,38.08,7,3,13,4.33,Double Decker Flyover
2026-01-02,XMW9+G8|WMJR+V4,late_hours,35.04,7,4,13,3.25,East Outer Ring
2026-01-02,XPC7+72|XM33+J3,late_hours,34.17,7,5,13,2.17,Old Airport Road
2026-01-02,2HVW+G8|XJXR+WG,late_hours,33.79,7,6,13,1.08,North Outer Ring
2026-01-02,XHJ7+MG|WJM6+VC,late_hours,33.29,7,7,13,0.0,Central Diagonal 1
2026-01-02,WGG8+G5|XH7P+G6,late_hours,32.92,7,8,13,-1.08,Mysore Road
2026-01-02,2HM2+P8|XJV5+RG,late_hours,31.46,7,9,13,-2.17,North Inner Ring
2026-01-02,XJPW+92|WJP4+FF,late_hours,30.71,7,10,13,-3.25,East Inner Ring
2026-01-02,XG48+2W|VHWC+C3,late_hours,30.33,7,11,13,-4.33,South Outer Ring
2026-01-02,WP44+W8|WJFH+XQ,late_hours,29.6,7,12,13,-5.42,Sarjapur Road
2026-01-02,WHR9+R6|XJGF+6J,late_hours,27.76,7,13,13,-6.5,Central Diagonal 2
2026-01-03,XJG4+7J|5PX4+HQ,late_hours,50.51,7,1,13,6.5,Airport Expy
2026-01-03,VJRQ+2M|RMJJ+F4,late_hours,39.45,7,2,13,5.42,Hosur Road
2026-01-03,XMW9+G8|WMJR+V4,late_hours,36.82,7,3,13,4.33,East Outer Ring
2026-01-03,WH5F+26|WJ8X+F5W,late_hours,35.73,7,4,13,3.25,Double Decker Flyover
2026-01-03,XPC7+72|XM33+J3,late_hours,34.22,7,5,13,2.17,Old Airport Road
2026-01-03,XHJ7+MG|WJM6+VC,late_hours,33.52,7,6,13,1.08,Central Diagonal 1
2026-01-03,WGG8+G5|XH7P+G6,late_hours,32.53,7,7,13,0.0,Mysore Road
2026-01-03,2HM2+P8|XJV5+RG,late_hours,31.65,7,8,13,-1.08,North Inner Ring
2026-01-03,2HVW+G8|XJXR+WG,late_hours,30.12,7,9,13,-2.17,North Outer Ring
2026-01-03,XJPW+92|WJP4+FF,late_hours,30.02,7,10,13,-3.25,East Inner Ring
2026-01-03,XG48+2W|VHWC+C3,late_hours,30.01,7,11,13,-4.33,South Outer Ring
2026-01-03,WP44+W8|WJFH+XQ,late_hours,29.39,7,12,13,-5.42,Sarjapur Road
2026-01-03,WHR9+R6|XJGF+6J,late_hours,26.53,7,13,13,-6.5,Central Diagonal 2
2026-01-04,XJG4+7J|5PX4+HQ,late_hours,51.97,7,1,13,6.5,Airport Expy
2026-01-04,VJRQ+2M|RMJJ+F4,late_hours,40.52,7,2,13,5.42,Hosur Road
2026-01-04,WH5F+26|WJ8X+F5W,late_hours,37.11,7,3,13,4.33,Double Decker Flyover
2026-01-04,XMW9+G8|WMJR+V4,late_hours,34.7,7,4,13,3.25,East Outer Ring
2026-01-04,XPC7+72|XM33+J3,late_hours,33.59,7,5,13,2.17,Old Airport Road
2026-01-04,XHJ7+MG|WJM6+VC,late_hours,33.2,7,6,13,1.08,Central Diagonal 1
2026-01-04,WGG8+G5|XH7P+G6,late_hours,32.32,7,7,13,0.0,Mysore Road
2026-01-04,2HM2+P8|XJV5+RG,late_hours,31.64,7,8,13,-1.08,North Inner Ring
2026-01-04,2HVW+G8|XJXR+WG,late_hours,31.55,7,9,13,-2.17,North Outer Ring
2026-01-04,XJPW+92|WJP4+FF,late_hours,30.1,7,10,13,-3.25,East Inner Ring
2026-01-04,WP44+W8|WJFH+XQ,late_hours,29.54,7,11,13,-4.33,Sarjapur Road
2026-01-04,XG48+2W|VHWC+C3,late_hours,29.35,7,12,13,-5.42,South Outer Ring
2026-01-04,WHR9+R6|XJGF+6J,late_hours,27.12,7,13,13,-6.5,Central Diagonal 2
2026-01-05,XJG4+7J|5PX4+HQ,late_hours,52.75,7,1,13,6.5,Airport Expy
2026-01-05,XMW9+G8|WMJR+V4,late_hours,42.14,7,2,13,5.42,East Outer Ring
2026-01-05,VJRQ+2M|RMJJ+F4,late_hours,40.37,7,3,13,4.33,Hosur Road
2026-01-05,WH5F+26|WJ8X+F5W,late_hours,38.36,7,4,13,3.25,Double Decker Flyover
2026-01-05,XPC7+72|XM33+J3,late_hours,35.27,7,5,13,2.17,Old Airport Road
2026-01-05,2HVW+G8|XJXR+WG,late_hours,34.49,7,6,13,1.08,North Outer Ring
2026-01-05,WGG8+G5|XH7P+G6,late_hours,34.49,7,7,13,0.0,Mysore Road
2026-01-05,XHJ7+MG|WJM6+VC,late_hours,34.39,7,8,13,-1.08,Central Diagonal 1
2026-01-05,2HM2+P8|XJV5+RG,late_hours,32.43,7,9,13,-2.17,North Inner Ring
2026-01-05,XJPW+92|WJP4+FF,late_hours,31.39,7,10,13,-3.25,East Inner Ring
2026-01-05,WP44+W8|WJFH+XQ,late_hours,31.1,7,11,13,-4.33,Sarjapur Road
2026-01-05,XG48+2W|VHWC+C3,late_hours,30.53,7,12,13,-5.42,South Outer Ring
2026-01-05,WHR9+R6|XJGF+6J,late_hours,28.2,7,13,13,-6.5,Central Diagonal 2
2026-01-06,XJG4+7J|5PX4+HQ,late_hours,53.33,7,1,13,6.5,Airport Expy
2026-01-06,VJRQ+2M|RMJJ+F4,late_hours,40.9,7,2,13,5.42,Hosur Road
2026-01-06,WH5F+26|WJ8X+F5W,late_hours,39.47,7,3,13,4.33,Double Decker Flyover
2026-01-06,XPC7+72|XM33+J3,late_hours,35.6,7,4,13,3.25,Old Airport Road
2026-01-06,XHJ7+MG|WJM6+VC,late_hours,35.25,7,5,13,2.17,Central Diagonal 1
2026-01-06,XMW9+G8|WMJR+V4,late_hours,34.73,7,6,13,1.08,East Outer Ring
2026-01-06,WGG8+G5|XH7P+G6,late_hours,34.67,7,7,13,0.0,Mysore Road
2026-01-06,2HVW+G8|XJXR+WG,late_hours,33.87,7,8,13,-1.08,North Outer Ring
2026-01-06,2HM2+P8|XJV5+RG,late_hours,33.2,7,9,13,-2.17,North Inner Ring
2026-01-06,XJPW+92|WJP4+FF,late_hours,32.51,7,10,13,-3.25,East Inner Ring
2026-01-06,XG48+2W|VHWC+C3,late_hours,31.6,7,11,13,-4.33,South Outer Ring
2026-01-06,WP44+W8|WJFH+XQ,late_hours,31.58,7,12,13,-5.42,Sarjapur Road
2026-01-06,WHR9+R6|XJGF+6J,late_hours,28.43,7,13,13,-6.5,Central Diagonal 2
2026-01-07,XJG4+7J|5PX4+HQ,late_hours,52.97,7,1,13,6.5,Airport Expy
2026-01-07,VJRQ+2M|RMJJ+F4,late_hours,40.07,7,2,13,5.42,Hosur Road
2026-01-07,WH5F+26|WJ8X+F5W,late_hours,39.39,7,3,13,4.33,Double Decker Flyover
2026-01-07,XMW9+G8|WMJR+V4,late_hours,35.95,7,4,13,3.25,East Outer Ring
2026-01-07,XPC7+72|XM33+J3,late_hours,35.43,7,5,13,2.17,Old Airport Road
2026-01-07,XHJ7+MG|WJM6+VC,late_hours,34.7,7,6,13,1.08,Central Diagonal 1
2026-01-07,WGG8+G5|XH7P+G6,late_hours,34.44,7,7,13,0.0,Mysore Road
2026-01-07,2HM2+P8|XJV5+RG,late_hours,32.93,7,8,13,-1.08,North Inner Ring
2026-01-07,XJPW+92|WJP4+FF,late_hours,32.46,7,9,13,-2.17,East Inner Ring
2026-01-07,2HVW+G8|XJXR+WG,late_hours,32.34,7,10,13,-3.25,North Outer Ring
2026-01-07,XG48+2W|VHWC+C3,late_hours,30.89,7,11,13,-4.33,South Outer Ring
2026-01-07,WP44+W8|WJFH+XQ,late_hours,30.69,7,12,13,-5.42,Sarjapur Road
2026-01-07,WHR9+R6|XJGF+6J,late_hours,28.94,7,13,13,-6.5,Central Diagonal 2
2026-01-08,XJG4+7J|5PX4+HQ,late_hours,52.42,7,1,13,6.5,Airport Expy
2026-01-08,VJRQ+2M|RMJJ+F4,late_hours,40.39,7,2,13,5.42,Hosur Road
2026-01-08,WH5F+26|WJ8X+F5W,late_hours,39.04,7,3,13,4.33,Double Decker Flyover
2026-01-08,XPC7+72|XM33+J3,late_hours,35.18,7,4,13,3.25,Old Airport Road
2026-01-08,XMW9+G8|WMJR+V4,late_hours,34.9,7,5,13,2.17,East Outer Ring
2026-01-08,XHJ7+MG|WJM6+VC,late_hours,34.44,7,6,13,1.08,Central Diagonal 1
2026-01-08,WGG8+G5|XH7P+G6,late_hours,33.97,7,7,13,0.0,Mysore Road
2026-01-08,2HM2+P8|XJV5+RG,late_hours,32.96,7,8,13,-1.08,North Inner Ring
2026-01-08,2HVW+G8|XJXR+WG,late_hours,32.15,7,9,13,-2.17,North Outer Ring
2026-01-08,XJPW+92|WJP4+FF,late_hours,31.96,7,10,13,-3.25,East Inner Ring
2026-01-08,WP44+W8|WJFH+XQ,late_hours,31.88,7,11,13,-4.33,Sarjapur Road
2026-01-08,XG48+2W|VHWC+C3,late_hours,30.79,7,12,13,-5.42,South Outer Ring
2026-01-08,WHR9+R6|XJGF+6J,late_hours,28.31,7,13,13,-6.5,Central Diagonal 2
2026-01-09,XJG4+7J|5PX4+HQ,late_hours,51.38,7,1,13,6.5,Airport Expy
2026-01-09,VJRQ+2M|RMJJ+F4,late_hours,39.31,7,2,13,5.42,Hosur Road
2026-01-09,WH5F+26|WJ8X+F5W,late_hours,37.82,7,3,13,4.33,Double Decker Flyover
2026-01-09,XMW9+G8|WMJR+V4,late_hours,34.77,7,4,13,3.25,East Outer Ring
2026-01-09,XPC7+72|XM33+J3,late_hours,34.42,7,5,13,2.17,Old Airport Road
2026-01-09,XHJ7+MG|WJM6+VC,late_hours,33.46,7,6,13,1.08,Central Diagonal 1
2026-01-09,WGG8+G5|XH7P+G6,late_hours,33.3,7,7,13,0.0,Mysore Road
2026-01-09,2HM2+P8|XJV5+RG,late_hours,32.09,7,8,13,-1.08,North Inner Ring
2026-01-09,XJPW+92|WJP4+FF,late_hours,31.2,7,9,13,-2.17,East Inner Ring
2026-01-09,XG48+2W|VHWC+C3,late_hours,30.33,7,10,13,-3.25,South Outer Ring
2026-01-09,2HVW+G8|XJXR+WG,late_hours,30.23,7,11,13,-4.33,North Outer Ring
2026-01-09,WP44+W8|WJFH+XQ,late_hours,28.42,7,12,13,-5.42,Sarjapur Road
2026-01-09,WHR9+R6|XJGF+6J,late_hours,27.76,7,13,13,-6.5,Central Diagonal 2
2026-01-10,XJG4+7J|5PX4+HQ,late_hours,50.23,7,1,13,6.5,Airport Expy
2026-01-10,VJRQ+2M|RMJJ+F4,late_hours,39.12,7,2,13,5.42,Hosur Road
2026-01-10,WH5F+26|WJ8X+F5W,late_hours,36.91,7,3,13,4.33,Double Decker Flyover
2026-01-10,XMW9+G8|WMJR+V4,late_hours,36.9,7,4,13,3.25,East Outer Ring
2026-01-10,XPC7+72|XM33+J3,late_hours,33.23,7,5,13,2.17,Old Airport Road
2026-01-10,XHJ7+MG|WJM6+VC,late_hours,32.3,7,6,13,1.08,Central Diagonal 1
2026-01-10,WGG8+G5|XH7P+G6,late_hours,31.97,7,7,13,0.0,Mysore Road
2026-01-10,2HM2+P8|XJV5+RG,late_hours,30.93,7,8,13,-1.08,North Inner Ring
2026-01-10,2HVW+G8|XJXR+WG,late_hours,29.38,7,9,13,-2.17,North Outer Ring
2026-01-10,XG48+2W|VHWC+C3,late_hours,29.18,7,10,13,-3.25,South Outer Ring
2026-01-10,XJPW+92|WJP4+FF,late_hours,28.85,7,11,13,-4.33,East Inner Ring
2026-01-10,WP44+W8|WJFH+XQ,late_hours,28.48,7,12,13,-5.42,Sarjapur Road
2026-01-10,WHR9+R6|XJGF+6J,late_hours,26.1,7,13,13,-6.5,Central Diagonal 2
2026-01-11,XJG4+7J|5PX4+HQ,late_hours,50.74,7,1,13,6.5,Airport Expy
2026-01-11,VJRQ+2M|RMJJ+F4,late_hours,40.13,7,2,13,5.42,Hosur Road
2026-01-11,XMW9+G8|WMJR+V4,late_hours,37.5,7,3,13,4.33,East Outer Ring
2026-01-11,WH5F+26|WJ8X+F5W,late_hours,36.81,7,4,13,3.25,Double Decker Flyover
2026-01-11,WGG8+G5|XH7P+G6,late_hours,33.11,7,5,13,2.17,Mysore Road
2026-01-11,XPC7+72|XM33+J3,late_hours,33.07,7,6,13,1.08,Old Airport Road
2026-01-11,XHJ7+MG|WJM6+VC,late_hours,32.29,7,7,13,0.0,Central Diagonal 1
2026-01-11,2HM2+P8|XJV5+RG,late_hours,30.76,7,8,13,-1.08,North Inner Ring
2026-01-11,2HVW+G8|XJXR+WG,late_hours,30.74,7,9,13,-2.17,North Outer Ring
2026-01-11,XJPW+92|WJP4+FF,late_hours,30.06,7,10,13,-3.25,East Inner Ring
2026-01-11,XG48+2W|VHWC+C3,late_hours,29.12,7,11,13,-4.33,South Outer Ring
2026-01-11,WP44+W8|WJFH+XQ,late_hours,29.07,7,12,13,-5.42,Sarjapur Road
2026-01-11,WHR9+R6|XJGF+6J,late_hours,25.9,7,13,13,-6.5,Central Diagonal 2
2026-01-12,XJG4+7J|5PX4+HQ,late_hours,52.84,7,1,13,6.5,Airport Expy
2026-01-12,XMW9+G8|WMJR+V4,late_hours,41.74,7,2,13,5.42,East Outer Ring
2026-01-12,VJRQ+2M|RMJJ+F4,late_hours,39.56,7,3,13,4.33,Hosur Road
2026-01-12,WH5F+26|WJ8X+F5W,late_hours,37.55,7,4,13,3.25,Double Decker Flyover
2026-01-12,XPC7+72|XM33+J3,late_hours,34.97,7,5,13,2.17,Old Airport Road
2026-01-12,XHJ7+MG|WJM6+VC,late_hours,34.12,7,6,13,1.08,Central Diagonal 1
2026-01-12,WGG8+G5|XH7P+G6,late_hours,33.33,7,7,13,0.0,Mysore Road
2026-01-12,2HVW+G8|XJXR+WG,late_hours,32.57,7,8,13,-1.08,North Outer Ring
2026-01-12,2HM2+P8|XJV5+RG,late_hours,32.38,7,9,13,-2.17,North Inner Ring
2026-01-12,XJPW+92|WJP4+FF,late_hours,31.27,7,10,13,-3.25,East Inner Ring
2026-01-12,WP44+W8|WJFH+XQ,late_hours,30.04,7,11,13,-4.33,Sarjapur Road
2026-01-12,XG48+2W|VHWC+C3,late_hours,29.64,7,12,13,-5.42,South Outer Ring
2026-01-12,WHR9+R6|XJGF+6J,late_hours,27.85,7,13,13,-6.5,Central Diagonal 2
2026-01-13,XJG4+7J|5PX4+HQ,late_hours,52.83,7,1,13,6.5,Airport Expy
2026-01-13,VJRQ+2M|RMJJ+F4,late_hours,40.64,7,2,13,5.42,Hosur Road
2026-01-13,WH5F+26|WJ8X+F5W,late_hours,37.89,7,3,13,4.33,Double Decker Flyover
2026-01-13,XMW9+G8|WMJR+V4,late_hours,37.65,7,4,13,3.25,East Outer Ring
2026-01-13,XPC7+72|XM33+J3,late_hours,35.75,7,5,13,2.17,Old Airport Road
2026-01-13,XHJ7+MG|WJM6+VC,late_hours,34.62,7,6,13,1.08,Central Diagonal 1
2026-01-13,WGG8+G5|XH7P+G6,late_hours,33.97,7,7,13,0.0,Mysore Road
2026-01-13,2HM2+P8|XJV5+RG,late_hours,32.38,7,8,13,-1.08,North Inner Ring
2026-01-13,XJPW+92|WJP4+FF,late_hours,32.36,7,9,13,-2.17,East Inner Ring
2026-01-13,2HVW+G8|XJXR+WG,late_hours,30.8,7,10,13,-3.25,North Outer Ring
2026-01-13,XG48+2W|VHWC+C3,late_hours,30.29,7,11,13,-4.33,South Outer Ring
2026-01-13,WP44+W8|WJFH+XQ,late_hours,28.99,7,12,13,-5.42,Sarjapur Road
2026-01-13,WHR9+R6|XJGF+6J,late_hours,28.5,7,13,13,-6.5,Central Diagonal 2
2026-01-14,XJG4+7J|5PX4+HQ,late_hours,52.0,7,1,13,6.5,Airport Expy
2026-01-14,VJRQ+2M|RMJJ+F4,late_hours,40.45,7,2,13,5.42,Hosur Road
2026-01-14,WH5F+26|WJ8X+F5W,late_hours,38.56,7,3,13,4.33,Double Decker Flyover
2026-01-14,XMW9+G8|WMJR+V4,late_hours,37.35,7,4,13,3.25,East Outer Ring
2026-01-14,XPC7+72|XM33+J3,late_hours,35.58,7,5,13,2.17,Old Airport Road
2026-01-14,XHJ7+MG|WJM6+VC,late_hours,33.83,7,6,13,1.08,Central Diagonal 1
2026-01-14,WGG8+G5|XH7P+G6,late_hours,33.5,7,7,13,0.0,Mysore Road
2026-01-14,2HM2+P8|XJV5+RG,late_hours,32.13,7,8,13,-1.08,North Inner Ring
2026-01-14,XJPW+92|WJP4+FF,late_hours,31.85,7,9,13,-2.17,East Inner Ring
2026-01-14,WP44+W8|WJFH+XQ,late_hours,30.69,7,10,13,-3.25,Sarjapur Road
2026-01-14,XG48+2W|VHWC+C3,late_hours,30.17,7,11,13,-4.33,South Outer Ring
2026-01-14,2HVW+G8|XJXR+WG,late_hours,28.82,7,12,13,-5.42,North Outer Ring
2026-01-14,WHR9+R6|XJGF+6J,late_hours,27.64,7,13,13,-6.5,Central Diagonal 2
2026-01-15,XJG4+7J|5PX4+HQ,late_hours,52.47,7,1,13,6.5,Airport Expy
2026-01-15,VJRQ+2M|RMJJ+F4,late_hours,40.39,7,2,13,5.42,Hosur Road
2026-01-15,WH5F+26|WJ8X+F5W,late_hours,38.86,7,3,13,4.33,Double Decker Flyover
2026-01-15,XMW9+G8|WMJR+V4,late_hours,35.9,7,4,13,3.25,East Outer Ring
2026-01-15,XPC7+72|XM33+J3,late_hours,35.16,7,5,13,2.17,Old Airport Road
2026-01-15,XHJ7+MG|WJM6+VC,late_hours,34.06,7,6,13,1.08,Central Diagonal 1
2026-01-15,WGG8+G5|XH7P+G6,late_hours,33.57,7,7,13,0.0,Mysore Road
2026-01-15,XJPW+92|WJP4+FF,late_hours,31.9,7,8,13,-1.08,East Inner Ring
2026-01-15,2HVW+G8|XJXR+WG,late_hours,30.82,7,9,13,-2.17,North Outer Ring
2026-01-15,2HM2+P8|XJV5+RG,late_hours,30.64,7,10,13,-3.25,North Inner Ring
2026-01-15,XG48+2W|VHWC+C3,late_hours,30.38,7,11,13,-4.33,South Outer Ring
2026-01-15,WP44+W8|WJFH+XQ,late_hours,30.37,7,12,13,-5.42,Sarjapur Road
2026-01-15,WHR9+R6|XJGF+6J,late_hours,27.62,7,13,13,-6.5,Central Diagonal 2
2026-01-16,XJG4+7J|5PX4+HQ,late_hours,52.56,7,1,13,6.5,Airport Expy
2026-01-16,VJRQ+2M|RMJJ+F4,late_hours,40.26,7,2,13,5.42,Hosur Road
2026-01-16,WH5F+26|WJ8X+F5W,late_hours,38.56,7,3,13,4.33,Double Decker Flyover
2026-01-16,XMW9+G8|WMJR+V4,late_hours,37.59,7,4,13,3.25,East Outer Ring
2026-01-16,2HVW+G8|XJXR+WG,late_hours,35.68,7,5,13,2.17,North Outer Ring
2026-01-16,XPC7+72|XM33+J3,late_hours,35.15,7,6,13,1.08,Old Airport Road
2026-01-16,WGG8+G5|XH7P+G6,late_hours,34.14,7,7,13,0.0,Mysore Road
2026-01-16,XHJ7+MG|WJM6+VC,late_hours,34.11,7,8,13,-1.08,Central Diagonal 1
2026-01-16,XJPW+92|WJP4+FF,late_hours,32.07,7,9,13,-2.17,East Inner Ring
2026-01-16,2HM2+P8|XJV5+RG,late_hours,31.96,7,10,13,-3.25,North Inner Ring
2026-01-16,WP44+W8|WJFH+XQ,late_hours,31.17,7,11,13,-4.33,Sarjapur Road
2026-01-16,XG48+2W|VHWC+C3,late_hours,30.57,7,12,13,-5.42,South Outer Ring
2026-01-16,WHR9+R6|XJGF+6J,late_hours,27.99,7,13,13,-6.5,Central Diagonal 2
2026-01-17,XJG4+7J|5PX4+HQ,late_hours,50.77,7,1,13,6.5,Airport Expy
2026-01-17,VJRQ+2M|RMJJ+F4,late_hours,39.84,7,2,13,5.42,Hosur Road
2026-01-17,WH5F+26|WJ8X+F5W,late_hours,37.29,7,3,13,4.33,Double Decker Flyover
2026-01-17,XMW9+G8|WMJR+V4,late_hours,35.16,7,4,13,3.25,East Outer Ring
2026-01-17,XPC7+72|XM33+J3,late_hours,33.75,7,5,13,2.17,Old Airport Road
2026-01-17,XHJ7+MG|WJM6+VC,late_hours,32.92,7,6,13,1.08,Central Diagonal 1
2026-01-17,WGG8+G5|XH7P+G6,late_hours,32.56,7,7,13,0.0,Mysore Road
2026-01-17,2HM2+P8|XJV5+RG,late_hours,31.52,7,8,13,-1.08,North Inner Ring
2026-01-17,XJPW+92|WJP4+FF,late_hours,30.46,7,9,13,-2.17,East Inner Ring
2026-01-17,XG48+2W|VHWC+C3,late_hours,29.74,7,10,13,-3.25,South Outer Ring
2026-01-17,2HVW+G8|XJXR+WG,late_hours,29.29,7,11,13,-4.33,North Outer Ring
2026-01-17,WHR9+R6|XJGF+6J,late_hours,27.01,7,12,13,-5.42,Central Diagonal 2
2026-01-17,WP44+W8|WJFH+XQ,late_hours,26.77,7,13,13,-6.5,Sarjapur Road
2026-01-18,XJG4+7J|5PX4+HQ,late_hours,51.11,7,1,13,6.5,Airport Expy
2026-01-18,VJRQ+2M|RMJJ+F4,late_hours,40.76,7,2,13,5.42,Hosur Road
2026-01-18,WH5F+26|WJ8X+F5W,late_hours,37.43,7,3,13,4.33,Double Decker Flyover
2026-01-18,XMW9+G8|WMJR+V4,late_hours,35.14,7,4,13,3.25,East Outer Ring
2026-01-18,XPC7+72|XM33+J3,late_hours,33.31,7,5,13,2.17,Old Airport Road
2026-01-18,XHJ7+MG|WJM6+VC,late_hours,32.98,7,6,13,1.08,Central Diagonal 1
2026-01-18,WGG8+G5|XH7P+G6,late_hours,32.84,7,7,13,0.0,Mysore Road
2026-01-18,2HM2+P8|XJV5+RG,late_hours,31.18,7,8,13,-1.08,North Inner Ring
2026-01-18,XJPW+92|WJP4+FF,late_hours,30.4,7,9,13,-2.17,East Inner Ring
2026-01-18,2HVW+G8|XJXR+WG,late_hours,30.15,7,10,13,-3.25,North Outer Ring
2026-01-18,XG48+2W|VHWC+C3,late_hours,29.47,7,11,13,-4.33,South Outer Ring
2026-01-18,WP44+W8|WJFH+XQ,late_hours,28.86,7,12,13,-5.42,Sarjapur Road
2026-01-18,WHR9+R6|XJGF+6J,late_hours,26.62,7,13,13,-6.5,Central Diagonal 2
2026-01-19,XJG4+7J|5PX4+HQ,late_hours,53.13,7,1,13,6.5,Airport Expy
2026-01-19,XMW9+G8|WMJR+V4,late_hours,42.72,7,2,13,5.42,East Outer Ring
2026-01-19,VJRQ+2M|RMJJ+F4,late_hours,41.62,7,3,13,4.33,Hosur Road
2026-01-19,WH5F+26|WJ8X+F5W,late_hours,38.14,7,4,13,3.25,Double Decker Flyover
2026-01-19,XPC7+72|XM33+J3,late_hours,34.88,7,5,13,2.17,Old Airport Road
2026-01-19,XHJ7+MG|WJM6+VC,late_hours,34.38,7,6,13,1.08,Central Diagonal 1
2026-01-19,WGG8+G5|XH7P+G6,late_hours,33.88,7,7,13,0.0,Mysore Road
2026-01-19,2HM2+P8|XJV5+RG,late_hours,32.68,7,8,13,-1.08,North Inner Ring
2026-01-19,2HVW+G8|XJXR+WG,late_hours,32.68,7,9,13,-2.17,North Outer Ring
2026-01-19,XJPW+92|WJP4+FF,late_hours,32.18,7,10,13,-3.25,East Inner Ring
2026-01-19,WP44+W8|WJFH+XQ,late_hours,30.79,7,11,13,-4.33,Sarjapur Road
2026-01-19,XG48+2W|VHWC+C3,late_hours,29.57,7,12,13,-5.42,South Outer Ring
2026-01-19,WHR9+R6|XJGF+6J,late_hours,27.95,7,13,13,-6.5,Central Diagonal 2
2026-01-20,XJG4+7J|5PX4+HQ,late_hours,52.91,7,1,13,6.5,Airport Expy
2026-01-20,VJRQ+2M|RMJJ+F4,late_hours,40.26,7,2,13,5.42,Hosur Road
2026-01-20,WH5F+26|WJ8X+F5W,late_hours,38.83,7,3,13,4.33,Double Decker Flyover
2026-01-20,XMW9+G8|WMJR+V4,late_hours,38.83,7,4,13,3.25,East Outer Ring
2026-01-20,XPC7+72|XM33+J3,late_hours,35.84,7,5,13,2.17,Old Airport Road
2026-01-20,XHJ7+MG|WJM6+VC,late_hours,34.91,7,6,13,1.08,Central Diagonal 1
2026-01-20,WGG8+G5|XH7P+G6,late_hours,33.66,7,7,13,0.0,Mysore Road
2026-01-20,XJPW+92|WJP4+FF,late_hours,33.02,7,8,13,-1.08,East Inner Ring
2026-01-20,2HVW+G8|XJXR+WG,late_hours,31.75,7,9,13,-2.17,North Outer Ring
2026-01-20,2HM2+P8|XJV5+RG,late_hours,31.48,7,10,13,-3.25,North Inner Ring
2026-01-20,XG48+2W|VHWC+C3,late_hours,30.97,7,11,13,-4.33,South Outer Ring
2026-01-20,WHR9+R6|XJGF+6J,late_hours,28.31,7,12,13,-5.42,Central Diagonal 2
2026-01-20,WP44+W8|WJFH+XQ,late_hours,27.78,7,13,13,-6.5,Sarjapur Road
2026-01-21,XJG4+7J|5PX4+HQ,late_hours,53.47,6,1,13,6.5,Airport Expy
2026-01-21,VJRQ+2M|RMJJ+F4,late_hours,41.0,6,2,13,5.42,Hosur Road
2026-01-21,WH5F+26|WJ8X+F5W,late_hours,38.62,6,3,13,4.33,Double Decker Flyover
2026-01-21,XMW9+G8|WMJR+V4,late_hours,37.94,6,4,13,3.25,East Outer Ring
2026-01-21,XPC7+72|XM33+J3,late_hours,36.72,6,5,13,2.17,Old Airport Road
2026-01-21,XHJ7+MG|WJM6+VC,late_hours,35.82,6,6,13,1.08,Central Diagonal 1
2026-01-21,WGG8+G5|XH7P+G6,late_hours,34.56,6,7,13,0.0,Mysore Road
2026-01-21,XJPW+92|WJP4+FF,late_hours,33.31,6,8,13,-1.08,East Inner Ring
2026-01-21,2HM2+P8|XJV5+RG,late_hours,33.01,6,9,13,-2.17,North Inner Ring
2026-01-21,XG48+2W|VHWC+C3,late_hours,31.41,6,10,13,-3.25,South Outer Ring
2026-01-21,WP44+W8|WJFH+XQ,late_hours,30.64,6,11,13,-4.33,Sarjapur Road
2026-01-21,2HVW+G8|XJXR+WG,late_hours,30.45,6,12,13,-5.42,North Outer Ring
2026-01-21,WHR9+R6|XJGF+6J,late_hours,28.74,6,13,13,-6.5,Central Diagonal 2
2026-01-22,XJG4+7J|5PX4+HQ,late_hours,51.68,7,1,13,6.5,Airport Expy
2026-01-22,VJRQ+2M|RMJJ+F4,late_hours,39.77,7,2,13,5.42,Hosur Road
2026-01-22,WH5F+26|WJ8X+F5W,late_hours,38.78,7,3,13,4.33,Double Decker Flyover
2026-01-22,XMW9+G8|WMJR+V4,late_hours,37.51,7,4,13,3.25,East Outer Ring
2026-01-22,WGG8+G5|XH7P+G6,late_hours,33.76,7,5,13,2.17,Mysore Road
2026-01-22,XHJ7+MG|WJM6+VC,late_hours,33.74,7,6,13,1.08,Central Diagonal 1
2026-01-22,XPC7+72|XM33+J3,late_hours,33.52,7,7,13,0.0,Old Airport Road
2026-01-22,2HM2+P8|XJV5+RG,late_hours,32.43,7,8,13,-1.08,North Inner Ring
2026-01-22,XJPW+92|WJP4+FF,late_hours,31.75,7,9,13,-2.17,East Inner Ring
2026-01-22,XG48+2W|VHWC+C3,late_hours,30.05,7,10,13,-3.25,South Outer Ring
2026-01-22,WP44+W8|WJFH+XQ,late_hours,30.04,7,11,13,-4.33,Sarjapur Road
2026-01-22,2HVW+G8|XJXR+WG,late_hours,29.89,7,12,13,-5.42,North Outer Ring
2026-01-22,WHR9+R6|XJGF+6J,late_hours,28.08,7,13,13,-6.5,Central Diagonal 2
2026-01-23,XJG4+7J|5PX4+HQ,late_hours,51.38,7,1,13,6.5,Airport Expy
2026-01-23,VJRQ+2M|RMJJ+F4,late_hours,39.73,7,2,13,5.42,Hosur Road
2026-01-23,XMW9+G8|WMJR+V4,late_hours,37.38,7,3,13,4.33,East Outer Ring
2026-01-23,WH5F+26|WJ8X+F5W,late_hours,36.71,7,4,13,3.25,Double Decker Flyover
2026-01-23,WGG8+G5|XH7P+G6,late_hours,33.3,7,5,13,2.17,Mysore Road
2026-01-23,XHJ7+MG|WJM6+VC,late_hours,32.66,7,6,13,1.08,Central Diagonal 1
2026-01-23,XPC7+72|XM33+J3,late_hours,32.07,7,7,13,0.0,Old Airport Road
2026-01-23,2HM2+P8|XJV5+RG,late_hours,31.91,7,8,13,-1.08,North Inner Ring
2026-01-23,XJPW+92|WJP4+FF,late_hours,31.36,7,9,13,-2.17,East Inner Ring
2026-01-23,XG48+2W|VHWC+C3,late_hours,30.17,7,10,13,-3.25,South Outer Ring
2026-01-23,2HVW+G8|XJXR+WG,late_hours,29.86,7,11,13,-4.33,North Outer Ring
2026-01-23,WP44+W8|WJFH+XQ,late_hours,29.63,7,12,13,-5.42,Sarjapur Road
2026-01-23,WHR9+R6|XJGF+6J,late_hours,27.42,7,13,13,-6.5,Central Diagonal 2
2026-01-24,XJG4+7J|5PX4+HQ,late_hours,46.16,7,1,13,6.5,Airport Expy
2026-01-24,VJRQ+2M|RMJJ+F4,late_hours,39.37,7,2,13,5.42,Hosur Road
2026-01-24,WH5F+26|WJ8X+F5W,late_hours,37.64,7,3,13,4.33,Double Decker Flyover
2026-01-24,XMW9+G8|WMJR+V4,late_hours,35.91,7,4,13,3.25,East Outer Ring
2026-01-24,XPC7+72|XM33+J3,late_hours,32.63,7,5,13,2.17,Old Airport Road
2026-01-24,XHJ7+MG|WJM6+VC,late_hours,31.74,7,6,13,1.08,Central Diagonal 1
2026-01-24,WGG8+G5|XH7P+G6,late_hours,31.54,7,7,13,0.0,Mysore Road
2026-01-24,2HM2+P8|XJV5+RG,late_hours,31.06,7,8,13,-1.08,North Inner Ring
2026-01-24,XG48+2W|VHWC+C3,late_hours,29.23,7,9,13,-2.17,South Outer Ring
2026-01-24,XJPW+92|WJP4+FF,late_hours,29.11,7,10,13,-3.25,East Inner Ring
2026-01-24,WP44+W8|WJFH+XQ,late_hours,28.51,7,11,13,-4.33,Sarjapur Road
2026-01-24,2HVW+G8|XJXR+WG,late_hours,28.46,7,12,13,-5.42,North Outer Ring
2026-01-24,WHR9+R6|XJGF+6J,late_hours,25.05,7,13,13,-6.5,Central Diagonal 2
2026-01-25,XJG4+7J|5PX4+HQ,late_hours,48.19,7,1,13,6.5,Airport Expy
2026-01-25,VJRQ+2M|RMJJ+F4,late_hours,40.12,7,2,13,5.42,Hosur Road
2026-01-25,XMW9+G8|WMJR+V4,late_hours,39.46,7,3,13,4.33,East Outer Ring
2026-01-25,WH5F+26|WJ8X+F5W,late_hours,36.91,7,4,13,3.25,Double Decker Flyover
2026-01-25,XPC7+72|XM33+J3,late_hours,33.31,7,5,13,2.17,Old Airport Road
2026-01-25,WGG8+G5|XH7P+G6,late_hours,32.3,7,6,13,1.08,Mysore Road
2026-01-25,2HVW+G8|XJXR+WG,late_hours,31.69,7,7,13,0.0,North Outer Ring
2026-01-25,XHJ7+MG|WJM6+VC,late_hours,31.38,7,8,13,-1.08,Central Diagonal 1
2026-01-25,2HM2+P8|XJV5+RG,late_hours,30.74,7,9,13,-2.17,North Inner Ring
2026-01-25,XJPW+92|WJP4+FF,late_hours,29.6,7,10,13,-3.25,East Inner Ring
2026-01-25,XG48+2W|VHWC+C3,late_hours,29.27,7,11,13,-4.33,South Outer Ring
2026-01-25,WP44+W8|WJFH+XQ,late_hours,29.18,7,12,13,-5.42,Sarjapur Road
2026-01-25,WHR9+R6|XJGF+6J,late_hours,25.54,7,13,13,-6.5,Central Diagonal 2
2026-01-26,XJG4+7J|5PX4+HQ,late_hours,49.57,7,1,13,6.5,Airport Expy
2026-01-26,XMW9+G8|WMJR+V4,late_hours,41.82,7,2,13,5.42,East Outer Ring
2026-01-26,VJRQ+2M|RMJJ+F4,late_hours,40.1,7,3,13,4.33,Hosur Road
2026-01-26,WH5F+26|WJ8X+F5W,late_hours,37.73,7,4,13,3.25,Double Decker Flyover
2026-01-26,2HVW+G8|XJXR+WG,late_hours,34.78,7,5,13,2.17,North Outer Ring
2026-01-26,XPC7+72|XM33+J3,late_hours,34.04,7,6,13,1.08,Old Airport Road
2026-01-26,WGG8+G5|XH7P+G6,late_hours,33.04,7,7,13,0.0,Mysore Road
2026-01-26,XHJ7+MG|WJM6+VC,late_hours,32.9,7,8,13,-1.08,Central Diagonal 1
2026-01-26,2HM2+P8|XJV5+RG,late_hours,31.29,7,9,13,-2.17,North Inner Ring
2026-01-26,XJPW+92|WJP4+FF,late_hours,31.0,7,10,13,-3.25,East Inner Ring
2026-01-26,XG48+2W|VHWC+C3,late_hours,29.8,7,11,13,-4.33,South Outer Ring
2026-01-26,WP44+W8|WJFH+XQ,late_hours,29.53,7,12,13,-5.42,Sarjapur Road
2026-01-26,WHR9+R6|XJGF+6J,late_hours,26.71,7,13,13,-6.5,Central Diagonal 2
2026-01-27,XJG4+7J|5PX4+HQ,late_hours,52.36,7,1,13,6.5,Airport Expy
2026-01-27,VJRQ+2M|RMJJ+F4,late_hours,40.92,7,2,13,5.42,Hosur Road
2026-01-27,WH5F+26|WJ8X+F5W,late_hours,39.39,7,3,13,4.33,Double Decker Flyover
2026-01-27,XMW9+G8|WMJR+V4,late_hours,38.62,7,4,13,3.25,East Outer Ring
2026-01-27,XPC7+72|XM33+J3,late_hours,35.12,7,5,13,2.17,Old Airport Road
2026-01-27,XHJ7+MG|WJM6+VC,late_hours,34.89,7,6,13,1.08,Central Diagonal 1
2026-01-27,WGG8+G5|XH7P+G6,late_hours,33.97,7,7,13,0.0,Mysore Road
2026-01-27,2HVW+G8|XJXR+WG,late_hours,33.89,7,8,13,-1.08,North Outer Ring
2026-01-27,XJPW+92|WJP4+FF,late_hours,33.2,7,9,13,-2.17,East Inner Ring
2026-01-27,2HM2+P8|XJV5+RG,late_hours,32.82,7,10,13,-3.25,North Inner Ring
2026-01-27,WP44+W8|WJFH+XQ,late_hours,32.58,7,11,13,-4.33,Sarjapur Road
2026-01-27,XG48+2W|VHWC+C3,late_hours,30.1,7,12,13,-5.42,South Outer Ring
2026-01-27,WHR9+R6|XJGF+6J,late_hours,28.44,7,13,13,-6.5,Central Diagonal 2
2026-01-28,XJG4+7J|5PX4+HQ,late_hours,49.68,7,1,13,6.5,Airport Expy
2026-01-28,VJRQ+2M|RMJJ+F4,late_hours,40.94,7,2,13,5.42,Hosur Road
2026-01-28,XMW9+G8|WMJR+V4,late_hours,40.17,7,3,13,4.33,East Outer Ring
2026-01-28,WH5F+26|WJ8X+F5W,late_hours,38.89,7,4,13,3.25,Double Decker Flyover
2026-01-28,XPC7+72|XM33+J3,late_hours,35.41,7,5,13,2.17,Old Airport Road
2026-01-28,XHJ7+MG|WJM6+VC,late_hours,35.08,7,6,13,1.08,Central Diagonal 1
2026-01-28,2HVW+G8|XJXR+WG,late_hours,34.49,7,7,13,0.0,North Outer Ring
2026-01-28,WGG8+G5|XH7P+G6,late_hours,33.97,7,8,13,-1.08,Mysore Road
2026-01-28,XJPW+92|WJP4+FF,late_hours,32.61,7,9,13,-2.17,East Inner Ring
2026-01-28,2HM2+P8|XJV5+RG,late_hours,32.05,7,10,13,-3.25,North Inner Ring
2026-01-28,XG48+2W|VHWC+C3,late_hours,30.84,7,11,13,-4.33,South Outer Ring
2026-01-28,WP44+W8|WJFH+XQ,late_hours,30.48,7,12,13,-5.42,Sarjapur Road
2026-01-28,WHR9+R6|XJGF+6J,late_hours,28.5,7,13,13,-6.5,Central Diagonal 2
2026-01-29,XJG4+7J|5PX4+HQ,late_hours,50.9,7,1,13,6.5,Airport Expy
2026-01-29,VJRQ+2M|RMJJ+F4,late_hours,40.61,7,2,13,5.42,Hosur Road
2026-01-29,WH5F+26|WJ8X+F5W,late_hours,39.19,7,3,13,4.33,Double Decker Flyover
2026-01-29,XMW9+G8|WMJR+V4,late_hours,38.33,7,4,13,3.25,East Outer Ring
2026-01-29,XPC7+72|XM33+J3,late_hours,34.66,7,5,13,2.17,Old Airport Road
2026-01-29,XHJ7+MG|WJM6+VC,late_hours,34.24,7,6,13,1.08,Central Diagonal 1
2026-01-29,WGG8+G5|XH7P+G6,late_hours,33.3,7,7,13,0.0,Mysore Road
2026-01-29,2HVW+G8|XJXR+WG,late_hours,33.11,7,8,13,-1.08,North Outer Ring
2026-01-29,XJPW+92|WJP4+FF,late_hours,32.7,7,9,13,-2.17,East Inner Ring
2026-01-29,2HM2+P8|XJV5+RG,late_hours,32.39,7,10,13,-3.25,North Inner Ring
2026-01-29,WP44+W8|WJFH+XQ,late_hours,31.66,7,11,13,-4.33,Sarjapur Road
2026-01-29,XG48+2W|VHWC+C3,late_hours,30.42,7,12,13,-5.42,South Outer Ring
2026-01-29,WHR9+R6|XJGF+6J,late_hours,27.91,7,13,13,-6.5,Central Diagonal 2
2026-01-30,XJG4+7J|5PX4+HQ,late_hours,51.81,7,1,13,6.5,Airport Expy
2026-01-30,VJRQ+2M|RMJJ+F4,late_hours,39.94,7,2,13,5.42,Hosur Road
2026-01-30,WH5F+26|WJ8X+F5W,late_hours,38.24,7,3,13,4.33,Double Decker Flyover
2026-01-30,XMW9+G8|WMJR+V4,late_hours,36.73,7,4,13,3.25,East Outer Ring
2026-01-30,XPC7+72|XM33+J3,late_hours,35.59,7,5,13,2.17,Old Airport Road
2026-01-30,2HVW+G8|XJXR+WG,late_hours,34.07,7,6,13,1.08,North Outer Ring
2026-01-30,XHJ7+MG|WJM6+VC,late_hours,34.04,7,7,13,0.0,Central Diagonal 1
2026-01-30,WGG8+G5|XH7P+G6,late_hours,33.2,7,8,13,-1.08,Mysore Road
2026-01-30,2HM2+P8|XJV5+RG,late_hours,32.07,7,9,13,-2.17,North Inner Ring
2026-01-30,XJPW+92|WJP4+FF,late_hours,31.61,7,10,13,-3.25,East Inner Ring
2026-01-30,WP44+W8|WJFH+XQ,late_hours,31.54,7,11,13,-4.33,Sarjapur Road
2026-01-30,XG48+2W|VHWC+C3,late_hours,30.21,7,12,13,-5.42,South Outer Ring
2026-01-30,WHR9+R6|XJGF+6J,late_hours,28.24,7,13,13,-6.5,Central Diagonal 2
2026-01-31,XJG4+7J|5PX4+HQ,late_hours,50.63,7,1,13,6.5,Airport Expy
2026-01-31,VJRQ+2M|RMJJ+F4,late_hours,39.18,7,2,13,5.42,Hosur Road
2026-01-31,WH5F+26|WJ8X+F5W,late_hours,37.19,7,3,13,4.33,Double Decker Flyover
2026-01-31,XPC7+72|XM33+J3,late_hours,34.06,7,4,13,3.25,Old Airport Road
2026-01-31,XMW9+G8|WMJR+V4,late_hours,33.73,7,5,13,2.17,East Outer Ring
2026-01-31,XHJ7+MG|WJM6+VC,late_hours,33.0,7,6,13,1.08,Central Diagonal 1
2026-01-31,WGG8+G5|XH7P+G6,late_hours,32.1,7,7,13,0.0,Mysore Road
2026-01-31,2HM2+P8|XJV5+RG,late_hours,31.11,7,8,13,-1.08,North Inner Ring
2026-01-31,2HVW+G8|XJXR+WG,late_hours,30.61,7,9,13,-2.17,North Outer Ring
2026-01-31,WP44+W8|WJFH+XQ,late_hours,30.07,7,10,13,-3.25,Sarjapur Road
2026-01-31,XJPW+92|WJP4+FF,late_hours,29.71,7,11,13,-4.33,East Inner Ring
2026-01-31,XG48+2W|VHWC+C3,late_hours,29.5,7,12,13,-5.42,South Outer Ring
2026-01-31,WHR9+R6|XJGF+6J,late_hours,26.62,7,13,13,-6.5,Central Diagonal 2
2026-02-01,XJG4+7J|5PX4+HQ,late_hours,50.67,7,1,13,6.5,Airport Expy
2026-02-01,VJRQ+2M|RMJJ+F4,late_hours,39.96,7,2,13,5.42,Hosur Road
2026-02-01,XMW9+G8|WMJR+V4,late_hours,38.85,7,3,13,4.33,East Outer Ring
2026-02-01,WH5F+26|WJ8X+F5W,late_hours,36.84,7,4,13,3.25,Double Decker Flyover
2026-02-01,XHJ7+MG|WJM6+VC,late_hours,33.32,7,5,13,2.17,Central Diagonal 1
2026-02-01,XPC7+72|XM33+J3,late_hours,32.91,7,6,13,1.08,Old Airport Road
2026-02-01,WGG8+G5|XH7P+G6,late_hours,32.87,7,7,13,0.0,Mysore Road
2026-02-01,2HVW+G8|XJXR+WG,late_hours,32.05,7,8,13,-1.08,North Outer Ring
2026-02-01,2HM2+P8|XJV5+RG,late_hours,31.16,7,9,13,-2.17,North Inner Ring
2026-02-01,XJPW+92|WJP4+FF,late_hours,30.49,7,10,13,-3.25,East Inner Ring
2026-02-01,WP44+W8|WJFH+XQ,late_hours,29.48,7,11,13,-4.33,Sarjapur Road
2026-02-01,XG48+2W|VHWC+C3,late_hours,29.4,7,12,13,-5.42,South Outer Ring
2026-02-01,WHR9+R6|XJGF+6J,late_hours,26.5,7,13,13,-6.5,Central Diagonal 2
2026-02-02,XJG4+7J|5PX4+HQ,late_hours,54.05,7,1,13,6.5,Airport Expy
2026-02-02,XMW9+G8|WMJR+V4,late_hours,41.83,7,2,13,5.42,East Outer Ring
2026-02-02,VJRQ+2M|RMJJ+F4,late_hours,41.18,7,3,13,4.33,Hosur Road
2026-02-02,WH5F+26|WJ8X+F5W,late_hours,38.66,7,4,13,3.25,Double Decker Flyover
2026-02-02,XPC7+72|XM33+J3,late_hours,36.39,7,5,13,2.17,Old Airport Road
2026-02-02,2HVW+G8|XJXR+WG,late_hours,36.07,7,6,13,1.08,North Outer Ring
2026-02-02,XHJ7+MG|WJM6+VC,late_hours,34.32,7,7,13,0.0,Central Diagonal 1
2026-02-02,WP44+W8|WJFH+XQ,late_hours,34.03,7,8,13,-1.08,Sarjapur Road
2026-02-02,WGG8+G5|XH7P+G6,late_hours,33.92,7,9,13,-2.17,Mysore Road
2026-02-02,XJPW+92|WJP4+FF,late_hours,32.99,7,10,13,-3.25,East Inner Ring
2026-02-02,2HM2+P8|XJV5+RG,late_hours,32.65,7,11,13,-4.33,North Inner Ring
2026-02-02,XG48+2W|VHWC+C3,late_hours,30.48,7,12,13,-5.42,South Outer Ring
2026-02-02,WHR9+R6|XJGF+6J,late_hours,27.95,7,13,13,-6.5,Central Diagonal 2
2026-02-03,XJG4+7J|5PX4+HQ,late_hours,53.05,4,1,13,6.5,Airport Expy
2026-02-03,XMW9+G8|WMJR+V4,late_hours,40.25,4,2,13,5.42,East Outer Ring
2026-02-03,VJRQ+2M|RMJJ+F4,late_hours,37.7,4,3,13,4.33,Hosur Road
2026-02-03,XPC7+72|XM33+J3,late_hours,36.68,4,4,13,3.25,Old Airport Road
2026-02-03,WH5F+26|WJ8X+F5W,late_hours,35.68,4,5,13,2.17,Double Decker Flyover
2026-02-03,2HVW+G8|XJXR+WG,late_hours,34.94,4,6,13,1.08,North Outer Ring
2026-02-03,XHJ7+MG|WJM6+VC,late_hours,34.92,4,7,13,0.0,Central Diagonal 1
2026-02-03,WGG8+G5|XH7P+G6,late_hours,33.28,4,8,13,-1.08,Mysore Road
2026-02-03,XJPW+92|WJP4+FF,late_hours,31.86,4,9,13,-2.17,East Inner Ring
2026-02-03,2HM2+P8|XJV5+RG,late_hours,31.73,4,10,13,-3.25,North Inner Ring
2026-02-03,WP44+W8|WJFH+XQ,late_hours,31.47,4,11,13,-4.33,Sarjapur Road
2026-02-03,XG48+2W|VHWC+C3,late_hours,30.37,4,12,13,-5.42,South Outer Ring
2026-02-03,WHR9+R6|XJGF+6J,late_hours,28.42,4,13,13,-6.5,Central Diagonal 2
2026-02-04,XJG4+7J|5PX4+HQ,late_hours,52.7,7,1,13,6.5,Airport Expy
2026-02-04,XMW9+G8|WMJR+V4,late_hours,37.43,7,2,13,5.42,East Outer Ring
2026-02-04,XPC7+72|XM33+J3,late_hours,36.15,7,3,13,4.33,Old Airport Road
2026-02-04,XHJ7+MG|WJM6+VC,late_hours,34.23,7,4,13,3.25,Central Diagonal 1
2026-02-04,WH5F+26|WJ8X+F5W,late_hours,33.44,7,5,13,2.17,Double Decker Flyover
2026-02-04,XJPW+92|WJP4+FF,late_hours,32.97,7,6,13,1.08,East Inner Ring
2026-02-04,2HM2+P8|XJV5+RG,late_hours,32.65,7,7,13,0.0,North Inner Ring
2026-02-04,VJRQ+2M|RMJJ+F4,late_hours,32.61,7,8,13,-1.08,Hosur Road
2026-02-04,2HVW+G8|XJXR+WG,late_hours,31.35,7,9,13,-2.17,North Outer Ring
2026-02-04,WP44+W8|WJFH+XQ,late_hours,31.24,7,10,13,-3.25,Sarjapur Road
2026-02-04,XG48+2W|VHWC+C3,late_hours,30.33,7,11,13,-4.33,South Outer Ring
2026-02-04,WGG8+G5|XH7P+G6,late_hours,29.12,7,12,13,-5.42,Mysore Road
2026-02-04,WHR9+R6|XJGF+6J,late_hours,28.19,7,13,13,-6.5,Central Diagonal 2
2026-02-05,XJG4+7J|5PX4+HQ,late_hours,53.09,7,1,13,6.5,Airport Expy
2026-02-05,VJRQ+2M|RMJJ+F4,late_hours,39.98,7,2,13,5.42,Hosur Road
2026-02-05,WH5F+26|WJ8X+F5W,late_hours,38.72,7,3,13,4.33,Double Decker Flyover
2026-02-05,XMW9+G8|WMJR+V4,late_hours,37.92,7,4,13,3.25,East Outer Ring
2026-02-05,XPC7+72|XM33+J3,late_hours,36.17,7,5,13,2.17,Old Airport Road
2026-02-05,XHJ7+MG|WJM6+VC,late_hours,34.47,7,6,13,1.08,Central Diagonal 1
2026-02-05,WGG8+G5|XH7P+G6,late_hours,33.44,7,7,13,0.0,Mysore Road
2026-02-05,XJPW+92|WJP4+FF,late_hours,32.95,7,8,13,-1.08,East Inner Ring
2026-02-05,2HM2+P8|XJV5+RG,late_hours,32.61,7,9,13,-2.17,North Inner Ring
2026-02-05,2HVW+G8|XJXR+WG,late_hours,30.7,7,10,13,-3.25,North Outer Ring
2026-02-05,WP44+W8|WJFH+XQ,late_hours,30.38,7,11,13,-4.33,Sarjapur Road
2026-02-05,XG48+2W|VHWC+C3,late_hours,30.21,7,12,13,-5.42,South Outer Ring
2026-02-05,WHR9+R6|XJGF+6J,late_hours,28.44,7,13,13,-6.5,Central Diagonal 2
2026-02-07,XJG4+7J|5PX4+HQ,late_hours,51.47,7,1,13,6.5,Airport Expy
2026-02-07,VJRQ+2M|RMJJ+F4,late_hours,40.0,7,2,13,5.42,Hosur Road
2026-02-07,WH5F+26|WJ8X+F5W,late_hours,37.07,7,3,13,4.33,Double Decker Flyover
2026-02-07,XMW9+G8|WMJR+V4,late_hours,36.32,7,4,13,3.25,East Outer Ring
2026-02-07,XPC7+72|XM33+J3,late_hours,34.62,7,5,13,2.17,Old Airport Road
2026-02-07,XHJ7+MG|WJM6+VC,late_hours,33.16,7,6,13,1.08,Central Diagonal 1
2026-02-07,WGG8+G5|XH7P+G6,late_hours,31.65,7,7,13,0.0,Mysore Road
2026-02-07,2HM2+P8|XJV5+RG,late_hours,31.46,7,8,13,-1.08,North Inner Ring
2026-02-07,2HVW+G8|XJXR+WG,late_hours,31.32,7,9,13,-2.17,North Outer Ring
2026-02-07,XJPW+92|WJP4+FF,late_hours,29.88,7,10,13,-3.25,East Inner Ring
2026-02-07,XG48+2W|VHWC+C3,late_hours,29.62,7,11,13,-4.33,South Outer Ring
2026-02-07,WP44+W8|WJFH+XQ,late_hours,28.77,7,12,13,-5.42,Sarjapur Road
2026-02-07,WHR9+R6|XJGF+6J,late_hours,26.68,7,13,13,-6.5,Central Diagonal 2
2026-02-08,XJG4+7J|5PX4+HQ,late_hours,51.18,7,1,13,6.5,Airport Expy
2026-02-08,VJRQ+2M|RMJJ+F4,late_hours,40.39,7,2,13,5.42,Hosur Road
2026-02-08,XMW9+G8|WMJR+V4,late_hours,40.2,7,3,13,4.33,East Outer Ring
2026-02-08,WH5F+26|WJ8X+F5W,late_hours,37.42,7,4,13,3.25,Double Decker Flyover
2026-02-08,XPC7+72|XM33+J3,late_hours,33.16,7,5,13,2.17,Old Airport Road
2026-02-08,XHJ7+MG|WJM6+VC,late_hours,32.99,7,6,13,1.08,Central Diagonal 1
2026-02-08,WGG8+G5|XH7P+G6,late_hours,32.34,7,7,13,0.0,Mysore Road
2026-02-08,2HVW+G8|XJXR+WG,late_hours,32.29,7,8,13,-1.08,North Outer Ring
2026-02-08,2HM2+P8|XJV5+RG,late_hours,31.05,7,9,13,-2.17,North Inner Ring
2026-02-08,XJPW+92|WJP4+FF,late_hours,30.65,7,10,13,-3.25,East Inner Ring
2026-02-08,XG48+2W|VHWC+C3,late_hours,28.76,7,11,13,-4.33,South Outer Ring
2026-02-08,WP44+W8|WJFH+XQ,late_hours,28.66,7,12,13,-5.42,Sarjapur Road
2026-02-08,WHR9+R6|XJGF+6J,late_hours,26.6,7,13,13,-6.5,Central Diagonal 2
2026-02-09,XJG4+7J|5PX4+HQ,late_hours,55.83,5,1,13,6.5,Airport Expy
2026-02-09,XMW9+G8|WMJR+V4,late_hours,44.84,5,2,13,5.42,East Outer Ring
2026-02-09,VJRQ+2M|RMJJ+F4,late_hours,43.38,5,3,13,4.33,Hosur Road
2026-02-09,WH5F+26|WJ8X+F5W,late_hours,39.39,5,4,13,3.25,Double Decker Flyover
2026-02-09,XPC7+72|XM33+J3,late_hours,38.61,5,5,13,2.17,Old Airport Road
2026-02-09,2HVW+G8|XJXR+WG,late_hours,36.54,5,6,13,1.08,North Outer Ring
2026-02-09,XHJ7+MG|WJM6+VC,late_hours,36.33,5,7,13,0.0,Central Diagonal 1
2026-02-09,XJPW+92|WJP4+FF,late_hours,34.96,5,8,13,-1.08,East Inner Ring
2026-02-09,WGG8+G5|XH7P+G6,late_hours,34.55,5,9,13,-2.17,Mysore Road
2026-02-09,2HM2+P8|XJV5+RG,late_hours,33.72,5,10,13,-3.25,North Inner Ring
2026-02-09,WP44+W8|WJFH+XQ,late_hours,32.05,5,11,13,-4.33,Sarjapur Road
2026-02-09,XG48+2W|VHWC+C3,late_hours,30.95,5,12,13,-5.42,South Outer Ring
2026-02-09,WHR9+R6|XJGF+6J,late_hours,29.06,5,13,13,-6.5,Central Diagonal 2
2026-02-10,XJG4+7J|5PX4+HQ,late_hours,53.9,6,1,13,6.5,Airport Expy
2026-02-10,VJRQ+2M|RMJJ+F4,late_hours,40.01,6,2,13,5.42,Hosur Road
2026-02-10,XMW9+G8|WMJR+V4,late_hours,39.23,6,3,13,4.33,East Outer Ring
2026-02-10,WH5F+26|WJ8X+F5W,late_hours,39.19,6,4,13,3.25,Double Decker Flyover
2026-02-10,XPC7+72|XM33+J3,late_hours,37.18,6,5,13,2.17,Old Airport Road
2026-02-10,XHJ7+MG|WJM6+VC,late_hours,35.57,6,6,13,1.08,Central Diagonal 1
2026-02-10,XJPW+92|WJP4+FF,late_hours,34.02,6,7,13,0.0,East Inner Ring
2026-02-10,2HVW+G8|XJXR+WG,late_hours,33.95,6,8,13,-1.08,North Outer Ring
2026-02-10,2HM2+P8|XJV5+RG,late_hours,33.36,6,9,13,-2.17,North Inner Ring
2026-02-10,WGG8+G5|XH7P+G6,late_hours,32.87,6,10,13,-3.25,Mysore Road
2026-02-10,WP44+W8|WJFH+XQ,late_hours,32.54,6,11,13,-4.33,Sarjapur Road
2026-02-10,XG48+2W|VHWC+C3,late_hours,30.82,6,12,13,-5.42,South Outer Ring
2026-02-10,WHR9+R6|XJGF+6J,late_hours,29.53,6,13,13,-6.5,Central Diagonal 2
2026-02-11,XJG4+7J|5PX4+HQ,late_hours,52.52,6,1,13,6.5,Airport Expy
2026-02-11,VJRQ+2M|RMJJ+F4,late_hours,39.43,6,2,13,5.42,Hosur Road
2026-02-11,WH5F+26|WJ8X+F5W,late_hours,38.98,6,3,13,4.33,Double Decker Flyover
2026-02-11,XMW9+G8|WMJR+V4,late_hours,37.94,6,4,13,3.25,East Outer Ring
2026-02-11,XPC7+72|XM33+J3,late_hours,35.51,6,5,13,2.17,Old Airport Road
2026-02-11,XHJ7+MG|WJM6+VC,late_hours,35.03,6,6,13,1.08,Central Diagonal 1
2026-02-11,XJPW+92|WJP4+FF,late_hours,33.38,6,7,13,0.0,East Inner Ring
2026-02-11,2HM2+P8|XJV5+RG,late_hours,32.74,6,8,13,-1.08,North Inner Ring
2026-02-11,WGG8+G5|XH7P+G6,late_hours,32.49,6,9,13,-2.17,Mysore Road
2026-02-11,2HVW+G8|XJXR+WG,late_hours,31.21,6,10,13,-3.25,North Outer Ring
2026-02-11,WP44+W8|WJFH+XQ,late_hours,31.13,6,11,13,-4.33,Sarjapur Road
2026-02-11,XG48+2W|VHWC+C3,late_hours,30.31,6,12,13,-5.42,South Outer Ring
2026-02-11,WHR9+R6|XJGF+6J,late_hours,29.14,6,13,13,-6.5,Central Diagonal 2
2026-02-12,XJG4+7J|5PX4+HQ,late_hours,51.33,7,1,13,6.5,Airport Expy
2026-02-12,VJRQ+2M|RMJJ+F4,late_hours,38.49,7,2,13,5.42,Hosur Road
2026-02-12,WH5F+26|WJ8X+F5W,late_hours,38.33,7,3,13,4.33,Double Decker Flyover
2026-02-12,XMW9+G8|WMJR+V4,late_hours,38.21,7,4,13,3.25,East Outer Ring
2026-02-12,XHJ7+MG|WJM6+VC,late_hours,34.23,7,5,13,2.17,Central Diagonal 1
2026-02-12,XPC7+72|XM33+J3,late_hours,34.11,7,6,13,1.08,Old Airport Road
2026-02-12,2HM2+P8|XJV5+RG,late_hours,32.33,7,7,13,0.0,North Inner Ring
2026-02-12,XJPW+92|WJP4+FF,late_hours,31.92,7,8,13,-1.08,East Inner Ring
2026-02-12,WGG8+G5|XH7P+G6,late_hours,31.66,7,9,13,-2.17,Mysore Road
2026-02-12,WP44+W8|WJFH+XQ,late_hours,31.27,7,10,13,-3.25,Sarjapur Road
2026-02-12,2HVW+G8|XJXR+WG,late_hours,29.09,7,11,13,-4.33,North Outer Ring
2026-02-12,XG48+2W|VHWC+C3,late_hours,28.98,7,12,13,-5.42,South Outer Ring
2026-02-12,WHR9+R6|XJGF+6J,late_hours,28.12,7,13,13,-6.5,Central Diagonal 2
2026-02-13,XJG4+7J|5PX4+HQ,late_hours,52.03,7,1,13,6.5,Airport Expy
2026-02-13,VJRQ+2M|RMJJ+F4,late_hours,38.73,7,2,13,5.42,Hosur Road
2026-02-13,WH5F+26|WJ8X+F5W,late_hours,38.22,7,3,13,4.33,Double Decker Flyover
2026-02-13,XMW9+G8|WMJR+V4,late_hours,36.5,7,4,13,3.25,East Outer Ring
2026-02-13,XPC7+72|XM33+J3,late_hours,35.8,7,5,13,2.17,Old Airport Road
2026-02-13,XHJ7+MG|WJM6+VC,late_hours,35.12,7,6,13,1.08,Central Diagonal 1
2026-02-13,2HM2+P8|XJV5+RG,late_hours,32.96,7,7,13,0.0,North Inner Ring
2026-02-13,WGG8+G5|XH7P+G6,late_hours,32.89,7,8,13,-1.08,Mysore Road
2026-02-13,XJPW+92|WJP4+FF,late_hours,32.62,7,9,13,-2.17,East Inner Ring
2026-02-13,2HVW+G8|XJXR+WG,late_hours,31.49,7,10,13,-3.25,North Outer Ring
2026-02-13,WP44+W8|WJFH+XQ,late_hours,30.99,7,11,13,-4.33,Sarjapur Road
2026-02-13,XG48+2W|VHWC+C3,late_hours,30.22,7,12,13,-5.42,South Outer Ring
2026-02-13,WHR9+R6|XJGF+6J,late_hours,28.58,7,13,13,-6.5,Central Diagonal 2
2026-02-14,XJG4+7J|5PX4+HQ,late_hours,50.8,7,1,13,6.5,Airport Expy
2026-02-14,VJRQ+2M|RMJJ+F4,late_hours,39.28,7,2,13,5.42,Hosur Road
2026-02-14,WH5F+26|WJ8X+F5W,late_hours,37.31,7,3,13,4.33,Double Decker Flyover
2026-02-14,XMW9+G8|WMJR+V4,late_hours,36.74,7,4,13,3.25,East Outer Ring
2026-02-14,XPC7+72|XM33+J3,late_hours,34.16,7,5,13,2.17,Old Airport Road
2026-02-14,XHJ7+MG|WJM6+VC,late_hours,32.96,7,6,13,1.08,Central Diagonal 1
2026-02-14,WGG8+G5|XH7P+G6,late_hours,31.67,7,7,13,0.0,Mysore Road
2026-02-14,2HM2+P8|XJV5+RG,late_hours,31.45,7,8,13,-1.08,North Inner Ring
2026-02-14,2HVW+G8|XJXR+WG,late_hours,31.44,7,9,13,-2.17,North Outer Ring
2026-02-14,XJPW+92|WJP4+FF,late_hours,30.29,7,10,13,-3.25,East Inner Ring
2026-02-14,XG48+2W|VHWC+C3,late_hours,29.21,7,11,13,-4.33,South Outer Ring
2026-02-14,WP44+W8|WJFH+XQ,late_hours,28.96,7,12,13,-5.42,Sarjapur Road
2026-02-14,WHR9+R6|XJGF+6J,late_hours,26.49,7,13,13,-6.5,Central Diagonal 2
2026-02-15,XJG4+7J|5PX4+HQ,late_hours,51.54,7,1,13,6.5,Airport Expy
2026-02-15,VJRQ+2M|RMJJ+F4,late_hours,39.83,7,2,13,5.42,Hosur Road
2026-02-15,XMW9+G8|WMJR+V4,late_hours,38.31,7,3,13,4.33,East Outer Ring
2026-02-15,WH5F+26|WJ8X+F5W,late_hours,37.08,7,4,13,3.25,Double Decker Flyover
2026-02-15,XPC7+72|XM33+J3,late_hours,33.36,7,5,13,2.17,Old Airport Road
2026-02-15,XHJ7+MG|WJM6+VC,late_hours,33.35,7,6,13,1.08,Central Diagonal 1
2026-02-15,WGG8+G5|XH7P+G6,late_hours,31.88,7,7,13,0.0,Mysore Road
2026-02-15,XJPW+92|WJP4+FF,late_hours,31.31,7,8,13,-1.08,East Inner Ring
2026-02-15,2HM2+P8|XJV5+RG,late_hours,31.19,7,9,13,-2.17,North Inner Ring
2026-02-15,2HVW+G8|XJXR+WG,late_hours,30.38,7,10,13,-3.25,North Outer Ring
2026-02-15,WP44+W8|WJFH+XQ,late_hours,30.2,7,11,13,-4.33,Sarjapur Road
2026-02-15,XG48+2W|VHWC+C3,late_hours,29.62,7,12,13,-5.42,South Outer Ring
2026-02-15,WHR9+R6|XJGF+6J,late_hours,26.78,7,13,13,-6.5,Central Diagonal 2
2026-02-16,XJG4+7J|5PX4+HQ,late_hours,53.35,7,1,13,6.5,Airport Expy
2026-02-16,XMW9+G8|WMJR+V4,late_hours,43.05,7,2,13,5.42,East Outer Ring
2026-02-16,VJRQ+2M|RMJJ+F4,late_hours,39.54,7,3,13,4.33,Hosur Road
2026-02-16,WH5F+26|WJ8X+F5W,late_hours,36.72,7,4,13,3.25,Double Decker Flyover
2026-02-16,XPC7+72|XM33+J3,late_hours,35.54,7,5,13,2.17,Old Airport Road
2026-02-16,2HVW+G8|XJXR+WG,late_hours,35.29,7,6,13,1.08,North Outer Ring
2026-02-16,XHJ7+MG|WJM6+VC,late_hours,35.03,7,7,13,0.0,Central Diagonal 1
2026-02-16,WGG8+G5|XH7P+G6,late_hours,33.09,7,8,13,-1.08,Mysore Road
2026-02-16,XJPW+92|WJP4+FF,late_hours,32.49,7,9,13,-2.17,East Inner Ring
2026-02-16,2HM2+P8|XJV5+RG,late_hours,31.91,7,10,13,-3.25,North Inner Ring
2026-02-16,WP44+W8|WJFH+XQ,late_hours,31.9,7,11,13,-4.33,Sarjapur Road
2026-02-16,XG48+2W|VHWC+C3,late_hours,29.78,7,12,13,-5.42,South Outer Ring
2026-02-16,WHR9+R6|XJGF+6J,late_hours,28.01,7,13,13,-6.5,Central Diagonal 2
2026-02-17,XJG4+7J|5PX4+HQ,late_hours,52.25,7,1,13,6.5,Airport Expy
2026-02-17,VJRQ+2M|RMJJ+F4,late_hours,39.62,7,2,13,5.42,Hosur Road
2026-02-17,WH5F+26|WJ8X+F5W,late_hours,39.04,7,3,13,4.33,Double Decker Flyover
2026-02-17,XMW9+G8|WMJR+V4,late_hours,38.66,7,4,13,3.25,East Outer Ring
2026-02-17,XHJ7+MG|WJM6+VC,late_hours,35.42,7,5,13,2.17,Central Diagonal 1
2026-02-17,XPC7+72|XM33+J3,late_hours,35.25,7,6,13,1.08,Old Airport Road
2026-02-17,XJPW+92|WJP4+FF,late_hours,33.48,7,7,13,0.0,East Inner Ring
2026-02-17,WGG8+G5|XH7P+G6,late_hours,32.96,7,8,13,-1.08,Mysore Road
2026-02-17,2HM2+P8|XJV5+RG,late_hours,32.88,7,9,13,-2.17,North Inner Ring
2026-02-17,WP44+W8|WJFH+XQ,late_hours,32.29,7,10,13,-3.25,Sarjapur Road
2026-02-17,XG48+2W|VHWC+C3,late_hours,30.15,7,11,13,-4.33,South Outer Ring
2026-02-17,2HVW+G8|XJXR+WG,late_hours,29.93,7,12,13,-5.42,North Outer Ring
2026-02-17,WHR9+R6|XJGF+6J,late_hours,28.96,7,13,13,-6.5,Central Diagonal 2
2026-02-18,XJG4+7J|5PX4+HQ,late_hours,53.02,7,1,13,6.5,Airport Expy
2026-02-18,VJRQ+2M|RMJJ+F4,late_hours,39.04,7,2,13,5.42,Hosur Road
2026-02-18,WH5F+26|WJ8X+F5W,late_hours,38.46,7,3,13,4.33,Double Decker Flyover
2026-02-18,XMW9+G8|WMJR+V4,late_hours,36.86,7,4,13,3.25,East Outer Ring
2026-02-18,XHJ7+MG|WJM6+VC,late_hours,35.24,7,5,13,2.17,Central Diagonal 1
2026-02-18,XPC7+72|XM33+J3,late_hours,34.96,7,6,13,1.08,Old Airport Road
2026-02-18,XJPW+92|WJP4+FF,late_hours,33.06,7,7,13,0.0,East Inner Ring
2026-02-18,WGG8+G5|XH7P+G6,late_hours,32.68,7,8,13,-1.08,Mysore Road
2026-02-18,2HM2+P8|XJV5+RG,late_hours,32.56,7,9,13,-2.17,North Inner Ring
2026-02-18,WP44+W8|WJFH+XQ,late_hours,31.61,7,10,13,-3.25,Sarjapur Road
2026-02-18,2HVW+G8|XJXR+WG,late_hours,31.29,7,11,13,-4.33,North Outer Ring
2026-02-18,XG48+2W|VHWC+C3,late_hours,30.47,7,12,13,-5.42,South Outer Ring
2026-02-18,WHR9+R6|XJGF+6J,late_hours,28.75,7,13,13,-6.5,Central Diagonal 2
2026-02-19,XJG4+7J|5PX4+HQ,late_hours,52.61,7,1,13,6.5,Airport Expy
2026-02-19,VJRQ+2M|RMJJ+F4,late_hours,39.54,7,2,13,5.42,Hosur Road
2026-02-19,WH5F+26|WJ8X+F5W,late_hours,36.73,7,3,13,4.33,Double Decker Flyover
2026-02-19,XMW9+G8|WMJR+V4,late_hours,36.43,7,4,13,3.25,East Outer Ring
2026-02-19,XHJ7+MG|WJM6+VC,late_hours,35.08,7,5,13,2.17,Central Diagonal 1
2026-02-19,XPC7+72|XM33+J3,late_hours,34.78,7,6,13,1.08,Old Airport Road
2026-02-19,2HVW+G8|XJXR+WG,late_hours,33.06,7,7,13,0.0,North Outer Ring
2026-02-19,XJPW+92|WJP4+FF,late_hours,32.97,7,8,13,-1.08,East Inner Ring
2026-02-19,WGG8+G5|XH7P+G6,late_hours,32.73,7,9,13,-2.17,Mysore Road
2026-02-19,2HM2+P8|XJV5+RG,late_hours,32.55,7,10,13,-3.25,North Inner Ring
2026-02-19,WP44+W8|WJFH+XQ,late_hours,31.39,7,11,13,-4.33,Sarjapur Road
2026-02-19,XG48+2W|VHWC+C3,late_hours,29.97,7,12,13,-5.42,South Outer Ring
2026-02-19,WHR9+R6|XJGF+6J,late_hours,28.99,7,13,13,-6.5,Central Diagonal 2
2026-02-20,XJG4+7J|5PX4+HQ,late_hours,52.14,7,1,13,6.5,Airport Expy
2026-02-20,VJRQ+2M|RMJJ+F4,late_hours,38.04,7,2,13,5.42,Hosur Road
2026-02-20,XMW9+G8|WMJR+V4,late_hours,37.82,7,3,13,4.33,East Outer Ring
2026-02-20,WH5F+26|WJ8X+F5W,late_hours,37.37,7,4,13,3.25,Double Decker Flyover
2026-02-20,XPC7+72|XM33+J3,late_hours,35.98,7,5,13,2.17,Old Airport Road
2026-02-20,XHJ7+MG|WJM6+VC,late_hours,34.71,7,6,13,1.08,Central Diagonal 1
2026-02-20,XJPW+92|WJP4+FF,late_hours,32.71,7,7,13,0.0,East Inner Ring
2026-02-20,WP44+W8|WJFH+XQ,late_hours,32.7,7,8,13,-1.08,Sarjapur Road
2026-02-20,2HM2+P8|XJV5+RG,late_hours,32.35,7,9,13,-2.17,North Inner Ring
2026-02-20,WGG8+G5|XH7P+G6,late_hours,32.18,7,10,13,-3.25,Mysore Road
2026-02-20,2HVW+G8|XJXR+WG,late_hours,30.97,7,11,13,-4.33,North Outer Ring
2026-02-20,XG48+2W|VHWC+C3,late_hours,30.39,7,12,13,-5.42,South Outer Ring
2026-02-20,WHR9+R6|XJGF+6J,late_hours,28.94,7,13,13,-6.5,Central Diagonal 2
2026-02-21,XJG4+7J|5PX4+HQ,late_hours,51.44,7,1,13,6.5,Airport Expy
2026-02-21,VJRQ+2M|RMJJ+F4,late_hours,39.12,7,2,13,5.42,Hosur Road
2026-02-21,XMW9+G8|WMJR+V4,late_hours,39.08,7,3,13,4.33,East Outer Ring
2026-02-21,WH5F+26|WJ8X+F5W,late_hours,35.77,7,4,13,3.25,Double Decker Flyover
2026-02-21,XHJ7+MG|WJM6+VC,late_hours,33.12,7,5,13,2.17,Central Diagonal 1
2026-02-21,WP44+W8|WJFH+XQ,late_hours,31.98,7,6,13,1.08,Sarjapur Road
2026-02-21,XPC7+72|XM33+J3,late_hours,31.89,7,7,13,0.0,Old Airport Road
2026-02-21,WGG8+G5|XH7P+G6,late_hours,30.76,7,8,13,-1.08,Mysore Road
2026-02-21,2HM2+P8|XJV5+RG,late_hours,30.7,7,9,13,-2.17,North Inner Ring
2026-02-21,XJPW+92|WJP4+FF,late_hours,30.5,7,10,13,-3.25,East Inner Ring
2026-02-21,2HVW+G8|XJXR+WG,late_hours,30.05,7,11,13,-4.33,North Outer Ring
2026-02-21,XG48+2W|VHWC+C3,late_hours,29.31,7,12,13,-5.42,South Outer Ring
2026-02-21,WHR9+R6|XJGF+6J,late_hours,26.98,7,13,13,-6.5,Central Diagonal 2
2026-02-22,XJG4+7J|5PX4+HQ,late_hours,52.13,7,1,13,6.5,Airport Expy
2026-02-22,VJRQ+2M|RMJJ+F4,late_hours,39.87,7,2,13,5.42,Hosur Road
2026-02-22,XMW9+G8|WMJR+V4,late_hours,38.42,7,3,13,4.33,East Outer Ring
2026-02-22,WH5F+26|WJ8X+F5W,late_hours,37.42,7,4,13,3.25,Double Decker Flyover
2026-02-22,XPC7+72|XM33+J3,late_hours,34.66,7,5,13,2.17,Old Airport Road
2026-02-22,2HVW+G8|XJXR+WG,late_hours,33.95,7,6,13,1.08,North Outer Ring
2026-02-22,XHJ7+MG|WJM6+VC,late_hours,33.03,7,7,13,0.0,Central Diagonal 1
2026-02-22,WP44+W8|WJFH+XQ,late_hours,32.33,7,8,13,-1.08,Sarjapur Road
2026-02-22,WGG8+G5|XH7P+G6,late_hours,32.14,7,9,13,-2.17,Mysore Road
2026-02-22,XJPW+92|WJP4+FF,late_hours,31.31,7,10,13,-3.25,East Inner Ring
2026-02-22,2HM2+P8|XJV5+RG,late_hours,30.77,7,11,13,-4.33,North Inner Ring
2026-02-22,XG48+2W|VHWC+C3,late_hours,29.35,7,12,13,-5.42,South Outer Ring
2026-02-22,WHR9+R6|XJGF+6J,late_hours,26.85,7,13,13,-6.5,Central Diagonal 2
2026-02-23,XJG4+7J|5PX4+HQ,late_hours,52.27,7,1,13,6.5,Airport Expy
2026-02-23,XMW9+G8|WMJR+V4,late_hours,42.72,7,2,13,5.42,East Outer Ring
2026-02-23,VJRQ+2M|RMJJ+F4,late_hours,39.91,7,3,13,4.33,Hosur Road
2026-02-23,WH5F+26|WJ8X+F5W,late_hours,38.68,7,4,13,3.25,Double Decker Flyover
2026-02-23,XPC7+72|XM33+J3,late_hours,36.39,7,5,13,2.17,Old Airport Road
2026-02-23,2HVW+G8|XJXR+WG,late_hours,36.25,7,6,13,1.08,North Outer Ring
2026-02-23,XHJ7+MG|WJM6+VC,late_hours,35.26,7,7,13,0.0,Central Diagonal 1
2026-02-23,WP44+W8|WJFH+XQ,late_hours,34.86,7,8,13,-1.08,Sarjapur Road
2026-02-23,WGG8+G5|XH7P+G6,late_hours,33.0,7,9,13,-2.17,Mysore Road
2026-02-23,XJPW+92|WJP4+FF,late_hours,32.99,7,10,13,-3.25,East Inner Ring
2026-02-23,2HM2+P8|XJV5+RG,late_hours,32.32,7,11,13,-4.33,North Inner Ring
2026-02-23,XG48+2W|VHWC+C3,late_hours,31.02,7,12,13,-5.42,South Outer Ring
2026-02-23,WHR9+R6|XJGF+6J,late_hours,28.57,7,13,13,-6.5,Central Diagonal 2
2026-02-24,XJG4+7J|5PX4+HQ,late_hours,52.59,7,1,13,6.5,Airport Expy
2026-02-24,VJRQ+2M|RMJJ+F4,late_hours,38.86,7,2,13,5.42,Hosur Road
2026-02-24,WH5F+26|WJ8X+F5W,late_hours,38.72,7,3,13,4.33,Double Decker Flyover
2026-02-24,XMW9+G8|WMJR+V4,late_hours,37.13,7,4,13,3.25,East Outer Ring
2026-02-24,XHJ7+MG|WJM6+VC,late_hours,35.33,7,5,13,2.17,Central Diagonal 1
2026-02-24,XPC7+72|XM33+J3,late_hours,35.01,7,6,13,1.08,Old Airport Road
2026-02-24,WGG8+G5|XH7P+G6,late_hours,33.0,7,7,13,0.0,Mysore Road
2026-02-24,XJPW+92|WJP4+FF,late_hours,32.83,7,8,13,-1.08,East Inner Ring
2026-02-24,WP44+W8|WJFH+XQ,late_hours,32.72,7,9,13,-2.17,Sarjapur Road
2026-02-24,2HM2+P8|XJV5+RG,late_hours,32.48,7,10,13,-3.25,North Inner Ring
2026-02-24,2HVW+G8|XJXR+WG,late_hours,32.14,7,11,13,-4.33,North Outer Ring
2026-02-24,XG48+2W|VHWC+C3,late_hours,31.16,7,12,13,-5.42,South Outer Ring
2026-02-24,WHR9+R6|XJGF+6J,late_hours,28.66,7,13,13,-6.5,Central Diagonal 2
2026-02-25,XJG4+7J|5PX4+HQ,late_hours,52.56,7,1,13,6.5,Airport Expy
2026-02-25,VJRQ+2M|RMJJ+F4,late_hours,38.99,7,2,13,5.42,Hosur Road
2026-02-25,WH5F+26|WJ8X+F5W,late_hours,38.92,7,3,13,4.33,Double Decker Flyover
2026-02-25,XMW9+G8|WMJR+V4,late_hours,37.14,7,4,13,3.25,East Outer Ring
2026-02-25,XHJ7+MG|WJM6+VC,late_hours,34.65,7,5,13,2.17,Central Diagonal 1
2026-02-25,XPC7+72|XM33+J3,late_hours,33.41,7,6,13,1.08,Old Airport Road
2026-02-25,WP44+W8|WJFH+XQ,late_hours,32.68,7,7,13,0.0,Sarjapur Road
2026-02-25,2HM2+P8|XJV5+RG,late_hours,32.44,7,8,13,-1.08,North Inner Ring
2026-02-25,XJPW+92|WJP4+FF,late_hours,32.33,7,9,13,-2.17,East Inner Ring
2026-02-25,WGG8+G5|XH7P+G6,late_hours,32.13,7,10,13,-3.25,Mysore Road
2026-02-25,XG48+2W|VHWC+C3,late_hours,30.16,7,11,13,-4.33,South Outer Ring
2026-02-25,2HVW+G8|XJXR+WG,late_hours,29.88,7,12,13,-5.42,North Outer Ring
2026-02-25,WHR9+R6|XJGF+6J,late_hours,28.9,7,13,13,-6.5,Central Diagonal 2
2026-02-26,XJG4+7J|5PX4+HQ,late_hours,51.45,6,1,13,6.5,Airport Expy
2026-02-26,VJRQ+2M|RMJJ+F4,late_hours,39.63,6,2,13,5.42,Hosur Road
2026-02-26,XMW9+G8|WMJR+V4,late_hours,38.53,6,3,13,4.33,East Outer Ring
2026-02-26,WH5F+26|WJ8X+F5W,late_hours,38.49,6,4,13,3.25,Double Decker Flyover
2026-02-26,WP44+W8|WJFH+XQ,late_hours,36.31,6,5,13,2.17,Sarjapur Road
2026-02-26,XPC7+72|XM33+J3,late_hours,35.96,6,6,13,1.08,Old Airport Road
2026-02-26,XHJ7+MG|WJM6+VC,late_hours,34.11,6,7,13,0.0,Central Diagonal 1
2026-02-26,WGG8+G5|XH7P+G6,late_hours,32.31,6,8,13,-1.08,Mysore Road
2026-02-26,XJPW+92|WJP4+FF,late_hours,32.15,6,9,13,-2.17,East Inner Ring
2026-02-26,2HVW+G8|XJXR+WG,late_hours,31.89,6,10,13,-3.25,North Outer Ring
2026-02-26,2HM2+P8|XJV5+RG,late_hours,31.87,6,11,13,-4.33,North Inner Ring
2026-02-26,XG48+2W|VHWC+C3,late_hours,30.22,6,12,13,-5.42,South Outer Ring
2026-02-26,WHR9+R6|XJGF+6J,late_hours,28.15,6,13,13,-6.5,Central Diagonal 2
2026-02-27,XJG4+7J|5PX4+HQ,late_hours,51.87,7,1,13,6.5,Airport Expy
2026-02-27,VJRQ+2M|RMJJ+F4,late_hours,38.92,7,2,13,5.42,Hosur Road
2026-02-27,XMW9+G8|WMJR+V4,late_hours,38.47,7,3,13,4.33,East Outer Ring
2026-02-27,WH5F+26|WJ8X+F5W,late_hours,37.15,7,4,13,3.25,Double Decker Flyover
2026-02-27,XPC7+72|XM33+J3,late_hours,36.49,7,5,13,2.17,Old Airport Road
2026-02-27,XHJ7+MG|WJM6+VC,late_hours,34.66,7,6,13,1.08,Central Diagonal 1
2026-02-27,WP44+W8|WJFH+XQ,late_hours,33.15,7,7,13,0.0,Sarjapur Road
2026-02-27,WGG8+G5|XH7P+G6,late_hours,33.06,7,8,13,-1.08,Mysore Road
2026-02-27,2HVW+G8|XJXR+WG,late_hours,32.17,7,9,13,-2.17,North Outer Ring
2026-02-27,2HM2+P8|XJV5+RG,late_hours,32.09,7,10,13,-3.25,North Inner Ring
2026-02-27,XJPW+92|WJP4+FF,late_hours,32.06,7,11,13,-4.33,East Inner Ring
2026-02-27,XG48+2W|VHWC+C3,late_hours,30.86,7,12,13,-5.42,South Outer Ring
2026-02-27,WHR9+R6|XJGF+6J,late_hours,28.33,7,13,13,-6.5,Central Diagonal 2
2026-02-28,XJG4+7J|5PX4+HQ,late_hours,50.07,7,1,13,6.5,Airport Expy
2026-02-28,VJRQ+2M|RMJJ+F4,late_hours,39.36,7,2,13,5.42,Hosur Road
2026-02-28,XMW9+G8|WMJR+V4,late_hours,36.92,7,3,13,4.33,East Outer Ring
2026-02-28,WH5F+26|WJ8X+F5W,late_hours,34.93,7,4,13,3.25,Double Decker Flyover
2026-02-28,XPC7+72|XM33+J3,late_hours,34.5,7,5,13,2.17,Old Airport Road
2026-02-28,XHJ7+MG|WJM6+VC,late_hours,33.18,7,6,13,1.08,Central Diagonal 1
2026-02-28,2HVW+G8|XJXR+WG,late_hours,32.1,7,7,13,0.0,North Outer Ring
2026-02-28,WP44+W8|WJFH+XQ,late_hours,31.21,7,8,13,-1.08,Sarjapur Road
2026-02-28,WGG8+G5|XH7P+G6,late_hours,30.57,7,9,13,-2.17,Mysore Road
2026-02-28,2HM2+P8|XJV5+RG,late_hours,30.4,7,10,13,-3.25,North Inner Ring
2026-02-28,XJPW+92|WJP4+FF,late_hours,30.34,7,11,13,-4.33,East Inner Ring
2026-02-28,XG48+2W|VHWC+C3,late_hours,29.44,7,12,13,-5.42,South Outer Ring
2026-02-28,WHR9+R6|XJGF+6J,late_hours,26.29,7,13,13,-6.5,Central Diagonal 2
2026-03-01,XJG4+7J|5PX4+HQ,late_hours,50.88,7,1,13,6.5,Airport Expy
2026-03-01,VJRQ+2M|RMJJ+F4,late_hours,39.96,7,2,13,5.42,Hosur Road
2026-03-01,XMW9+G8|WMJR+V4,late_hours,38.94,7,3,13,4.33,East Outer Ring
2026-03-01,WH5F+26|WJ8X+F5W,late_hours,36.7,7,4,13,3.25,Double Decker Flyover
2026-03-01,XPC7+72|XM33+J3,late_hours,34.78,7,5,13,2.17,Old Airport Road
2026-03-01,XHJ7+MG|WJM6+VC,late_hours,33.14,7,6,13,1.08,Central Diagonal 1
2026-03-01,WP44+W8|WJFH+XQ,late_hours,32.6,7,7,13,0.0,Sarjapur Road
2026-03-01,WGG8+G5|XH7P+G6,late_hours,31.64,7,8,13,-1.08,Mysore Road
2026-03-01,2HM2+P8|XJV5+RG,late_hours,31.13,7,9,13,-2.17,North Inner Ring
2026-03-01,XJPW+92|WJP4+FF,late_hours,30.45,7,10,13,-3.25,East Inner Ring
2026-03-01,2HVW+G8|XJXR+WG,late_hours,29.96,7,11,13,-4.33,North Outer Ring
2026-03-01,XG48+2W|VHWC+C3,late_hours,29.12,7,12,13,-5.42,South Outer Ring
2026-03-01,WHR9+R6|XJGF+6J,late_hours,26.5,7,13,13,-6.5,Central Diagonal 2
2026-03-02,XJG4+7J|5PX4+HQ,late_hours,53.19,6,1,13,6.5,Airport Expy
2026-03-02,XMW9+G8|WMJR+V4,late_hours,40.58,6,2,13,5.42,East Outer Ring
2026-03-02,VJRQ+2M|RMJJ+F4,late_hours,38.89,6,3,13,4.33,Hosur Road
2026-03-02,WH5F+26|WJ8X+F5W,late_hours,37.34,6,4,13,3.25,Double Decker Flyover
2026-03-02,XPC7+72|XM33+J3,late_hours,35.84,6,5,13,2.17,Old Airport Road
2026-03-02,XHJ7+MG|WJM6+VC,late_hours,34.77,6,6,13,1.08,Central Diagonal 1
2026-03-02,2HVW+G8|XJXR+WG,late_hours,34.59,6,7,13,0.0,North Outer Ring
2026-03-02,WP44+W8|WJFH+XQ,late_hours,34.55,6,8,13,-1.08,Sarjapur Road
2026-03-02,2HM2+P8|XJV5+RG,late_hours,32.76,6,9,13,-2.17,North Inner Ring
2026-03-02,WGG8+G5|XH7P+G6,late_hours,32.57,6,10,13,-3.25,Mysore Road
2026-03-02,XJPW+92|WJP4+FF,late_hours,31.67,6,11,13,-4.33,East Inner Ring
2026-03-02,XG48+2W|VHWC+C3,late_hours,30.21,6,12,13,-5.42,South Outer Ring
2026-03-02,WHR9+R6|XJGF+6J,late_hours,28.2,6,13,13,-6.5,Central Diagonal 2
2026-03-03,XJG4+7J|5PX4+HQ,late_hours,53.56,7,1,13,6.5,Airport Expy
2026-03-03,VJRQ+2M|RMJJ+F4,late_hours,39.65,7,2,13,5.42,Hosur Road
2026-03-03,XMW9+G8|WMJR+V4,late_hours,39.38,7,3,13,4.33,East Outer Ring
2026-03-03,WH5F+26|WJ8X+F5W,late_hours,38.72,7,4,13,3.25,Double Decker Flyover
2026-03-03,XPC7+72|XM33+J3,late_hours,36.83,7,5,13,2.17,Old Airport Road
2026-03-03,XHJ7+MG|WJM6+VC,late_hours,35.33,7,6,13,1.08,Central Diagonal 1
2026-03-03,2HVW+G8|XJXR+WG,late_hours,34.96,7,7,13,0.0,North Outer Ring
2026-03-03,WP44+W8|WJFH+XQ,late_hours,34.91,7,8,13,-1.08,Sarjapur Road
2026-03-03,XJPW+92|WJP4+FF,late_hours,33.47,7,9,13,-2.17,East Inner Ring
2026-03-03,WGG8+G5|XH7P+G6,late_hours,33.19,7,10,13,-3.25,Mysore Road
2026-03-03,2HM2+P8|XJV5+RG,late_hours,32.79,7,11,13,-4.33,North Inner Ring
2026-03-03,XG48+2W|VHWC+C3,late_hours,30.91,7,12,13,-5.42,South Outer Ring
2026-03-03,WHR9+R6|XJGF+6J,late_hours,29.35,7,13,13,-6.5,Central Diagonal 2
2026-03-04,XJG4+7J|5PX4+HQ,late_hours,53.17,7,1,13,6.5,Airport Expy
2026-03-04,XMW9+G8|WMJR+V4,late_hours,42.24,7,2,13,5.42,East Outer Ring
2026-03-04,VJRQ+2M|RMJJ+F4,late_hours,39.28,7,3,13,4.33,Hosur Road
2026-03-04,WH5F+26|WJ8X+F5W,late_hours,37.99,7,4,13,3.25,Double Decker Flyover
2026-03-04,XPC7+72|XM33+J3,late_hours,36.11,7,5,13,2.17,Old Airport Road
2026-03-04,2HVW+G8|XJXR+WG,late_hours,35.36,7,6,13,1.08,North Outer Ring
2026-03-04,XHJ7+MG|WJM6+VC,late_hours,34.91,7,7,13,0.0,Central Diagonal 1
2026-03-04,WP44+W8|WJFH+XQ,late_hours,34.48,7,8,13,-1.08,Sarjapur Road
2026-03-04,WGG8+G5|XH7P+G6,late_hours,32.95,7,9,13,-2.17,Mysore Road
2026-03-04,XJPW+92|WJP4+FF,late_hours,32.59,7,10,13,-3.25,East Inner Ring
2026-03-04,2HM2+P8|XJV5+RG,late_hours,32.34,7,11,13,-4.33,North Inner Ring
2026-03-04,XG48+2W|VHWC+C3,late_hours,31.05,7,12,13,-5.42,South Outer Ring
2026-03-04,WHR9+R6|XJGF+6J,late_hours,28.36,7,13,13,-6.5,Central Diagonal 2
2026-03-05,XJG4+7J|5PX4+HQ,late_hours,54.08,6,1,13,6.5,Airport Expy
2026-03-05,VJRQ+2M|RMJJ+F4,late_hours,40.35,6,2,13,5.42,Hosur Road
2026-03-05,WH5F+26|WJ8X+F5W,late_hours,39.39,6,3,13,4.33,Double Decker Flyover
2026-03-05,WP44+W8|WJFH+XQ,late_hours,38.1,6,4,13,3.25,Sarjapur Road
2026-03-05,2HVW+G8|XJXR+WG,late_hours,37.64,6,5,13,2.17,North Outer Ring
2026-03-05,XPC7+72|XM33+J3,late_hours,36.83,6,6,13,1.08,Old Airport Road
2026-03-05,XHJ7+MG|WJM6+VC,late_hours,36.56,6,7,13,0.0,Central Diagonal 1
2026-03-05,XMW9+G8|WMJR+V4,late_hours,36.46,6,8,13,-1.08,East Outer Ring
2026-03-05,XJPW+92|WJP4+FF,late_hours,34.48,6,9,13,-2.17,East Inner Ring
2026-03-05,WGG8+G5|XH7P+G6,late_hours,33.68,6,10,13,-3.25,Mysore Road
2026-03-05,2HM2+P8|XJV5+RG,late_hours,33.37,6,11,13,-4.33,North Inner Ring
2026-03-05,XG48+2W|VHWC+C3,late_hours,31.71,6,12,13,-5.42,South Outer Ring
2026-03-05,WHR9+R6|XJGF+6J,late_hours,29.69,6,13,13,-6.5,Central Diagonal 2
2026-03-06,XJG4+7J|5PX4+HQ,late_hours,52.23,6,1,13,6.5,Airport Expy
2026-03-06,VJRQ+2M|RMJJ+F4,late_hours,39.32,6,2,13,5.42,Hosur Road
2026-03-06,WH5F+26|WJ8X+F5W,late_hours,36.48,6,3,13,4.33,Double Decker Flyover
2026-03-06,XPC7+72|XM33+J3,late_hours,35.76,6,4,13,3.25,Old Airport Road
2026-03-06,XHJ7+MG|WJM6+VC,late_hours,34.5,6,5,13,2.17,Central Diagonal 1
2026-03-06,WP44+W8|WJFH+XQ,late_hours,33.9,6,6,13,1.08,Sarjapur Road
2026-03-06,XJPW+92|WJP4+FF,late_hours,32.22,6,7,13,0.0,East Inner Ring
2026-03-06,XMW9+G8|WMJR+V4,late_hours,31.93,6,8,13,-1.08,East Outer Ring
2026-03-06,WGG8+G5|XH7P+G6,late_hours,31.56,6,9,13,-2.17,Mysore Road
2026-03-06,2HM2+P8|XJV5+RG,late_hours,30.98,6,10,13,-3.25,North Inner Ring
2026-03-06,XG48+2W|VHWC+C3,late_hours,30.72,6,11,13,-4.33,South Outer Ring
2026-03-06,2HVW+G8|XJXR+WG,late_hours,30.59,6,12,13,-5.42,North Outer Ring
2026-03-06,WHR9+R6|XJGF+6J,late_hours,28.27,6,13,13,-6.5,Central Diagonal 2
2026-03-07,XJG4+7J|5PX4+HQ,late_hours,50.37,7,1,13,6.5,Airport Expy
2026-03-07,VJRQ+2M|RMJJ+F4,late_hours,38.12,7,2,13,5.42,Hosur Road
2026-03-07,WH5F+26|WJ8X+F5W,late_hours,35.73,7,3,13,4.33,Double Decker Flyover
2026-03-07,XMW9+G8|WMJR+V4,late_hours,34.27,7,4,13,3.25,East Outer Ring
2026-03-07,XHJ7+MG|WJM6+VC,late_hours,33.32,7,5,13,2.17,Central Diagonal 1
2026-03-07,XPC7+72|XM33+J3,late_hours,32.96,7,6,13,1.08,Old Airport Road
2026-03-07,2HVW+G8|XJXR+WG,late_hours,32.52,7,7,13,0.0,North Outer Ring
2026-03-07,WGG8+G5|XH7P+G6,late_hours,30.88,7,8,13,-1.08,Mysore Road
2026-03-07,WP44+W8|WJFH+XQ,late_hours,30.31,7,9,13,-2.17,Sarjapur Road
2026-03-07,2HM2+P8|XJV5+RG,late_hours,29.9,7,10,13,-3.25,North Inner Ring
2026-03-07,XJPW+92|WJP4+FF,late_hours,29.73,7,11,13,-4.33,East Inner Ring
2026-03-07,XG48+2W|VHWC+C3,late_hours,29.31,7,12,13,-5.42,South Outer Ring
2026-03-07,WHR9+R6|XJGF+6J,late_hours,27.21,7,13,13,-6.5,Central Diagonal 2
2026-03-08,XJG4+7J|5PX4+HQ,late_hours,51.66,7,1,13,6.5,Airport Expy
2026-03-08,VJRQ+2M|RMJJ+F4,late_hours,39.17,7,2,13,5.42,Hosur Road
2026-03-08,WH5F+26|WJ8X+F5W,late_hours,35.85,7,3,13,4.33,Double Decker Flyover
2026-03-08,XMW9+G8|WMJR+V4,late_hours,35.79,7,4,13,3.25,East Outer Ring
2026-03-08,XPC7+72|XM33+J3,late_hours,34.73,7,5,13,2.17,Old Airport Road
2026-03-08,XHJ7+MG|WJM6+VC,late_hours,33.57,7,6,13,1.08,Central Diagonal 1
2026-03-08,WP44+W8|WJFH+XQ,late_hours,31.81,7,7,13,0.0,Sarjapur Road
2026-03-08,2HVW+G8|XJXR+WG,late_hours,31.17,7,8,13,-1.08,North Outer Ring
2026-03-08,XJPW+92|WJP4+FF,late_hours,31.1,7,9,13,-2.17,East Inner Ring
2026-03-08,WGG8+G5|XH7P+G6,late_hours,30.7,7,10,13,-3.25,Mysore Road
2026-03-08,2HM2+P8|XJV5+RG,late_hours,30.46,7,11,13,-4.33,North Inner Ring
2026-03-08,XG48+2W|VHWC+C3,late_hours,29.46,7,12,13,-5.42,South Outer Ring
2026-03-08,WHR9+R6|XJGF+6J,late_hours,26.82,7,13,13,-6.5,Central Diagonal 2
2026-03-09,XJG4+7J|5PX4+HQ,late_hours,53.8,6,1,13,6.5,Airport Expy
2026-03-09,VJRQ+2M|RMJJ+F4,late_hours,40.01,6,2,13,5.42,Hosur Road
2026-03-09,XMW9+G8|WMJR+V4,late_hours,38.68,6,3,13,4.33,East Outer Ring
2026-03-09,XPC7+72|XM33+J3,late_hours,38.37,6,4,13,3.25,Old Airport Road
2026-03-09,WH5F+26|WJ8X+F5W,late_hours,38.35,6,5,13,2.17,Double Decker Flyover
2026-03-09,2HVW+G8|XJXR+WG,late_hours,36.78,6,6,13,1.08,North Outer Ring
2026-03-09,WP44+W8|WJFH+XQ,late_hours,35.62,6,7,13,0.0,Sarjapur Road
2026-03-09,XHJ7+MG|WJM6+VC,late_hours,35.11,6,8,13,-1.08,Central Diagonal 1
2026-03-09,XJPW+92|WJP4+FF,late_hours,33.54,6,9,13,-2.17,East Inner Ring
2026-03-09,2HM2+P8|XJV5+RG,late_hours,32.4,6,10,13,-3.25,North Inner Ring
2026-03-09,WGG8+G5|XH7P+G6,late_hours,32.19,6,11,13,-4.33,Mysore Road
2026-03-09,XG48+2W|VHWC+C3,late_hours,30.7,6,12,13,-5.42,South Outer Ring
2026-03-09,WHR9+R6|XJGF+6J,late_hours,29.02,6,13,13,-6.5,Central Diagonal 2
2026-03-10,XJG4+7J|5PX4+HQ,late_hours,53.18,7,1,13,6.5,Airport Expy
2026-03-10,VJRQ+2M|RMJJ+F4,late_hours,39.91,7,2,13,5.42,Hosur Road
2026-03-10,WH5F+26|WJ8X+F5W,late_hours,39.04,7,3,13,4.33,Double Decker Flyover
2026-03-10,XPC7+72|XM33+J3,late_hours,37.29,7,4,13,3.25,Old Airport Road
2026-03-10,XHJ7+MG|WJM6+VC,late_hours,35.79,7,5,13,2.17,Central Diagonal 1
2026-03-10,XMW9+G8|WMJR+V4,late_hours,35.54,7,6,13,1.08,East Outer Ring
2026-03-10,2HVW+G8|XJXR+WG,late_hours,34.45,7,7,13,0.0,North Outer Ring
2026-03-10,WP44+W8|WJFH+XQ,late_hours,34.12,7,8,13,-1.08,Sarjapur Road
2026-03-10,XJPW+92|WJP4+FF,late_hours,33.49,7,9,13,-2.17,East Inner Ring
2026-03-10,WGG8+G5|XH7P+G6,late_hours,33.11,7,10,13,-3.25,Mysore Road
2026-03-10,2HM2+P8|XJV5+RG,late_hours,32.9,7,11,13,-4.33,North Inner Ring
2026-03-10,XG48+2W|VHWC+C3,late_hours,31.4,7,12,13,-5.42,South Outer Ring
2026-03-10,WHR9+R6|XJGF+6J,late_hours,29.16,7,13,13,-6.5,Central Diagonal 2
2026-03-11,XJG4+7J|5PX4+HQ,late_hours,51.95,7,1,13,6.5,Airport Expy
2026-03-11,VJRQ+2M|RMJJ+F4,late_hours,39.18,7,2,13,5.42,Hosur Road
2026-03-11,WH5F+26|WJ8X+F5W,late_hours,37.5,7,3,13,4.33,Double Decker Flyover
2026-03-11,XPC7+72|XM33+J3,late_hours,36.03,7,4,13,3.25,Old Airport Road
2026-03-11,XHJ7+MG|WJM6+VC,late_hours,34.79,7,5,13,2.17,Central Diagonal 1
2026-03-11,WP44+W8|WJFH+XQ,late_hours,34.26,7,6,13,1.08,Sarjapur Road
2026-03-11,XMW9+G8|WMJR+V4,late_hours,33.81,7,7,13,0.0,East Outer Ring
2026-03-11,2HVW+G8|XJXR+WG,late_hours,33.75,7,8,13,-1.08,North Outer Ring
2026-03-11,WGG8+G5|XH7P+G6,late_hours,32.91,7,9,13,-2.17,Mysore Road
2026-03-11,2HM2+P8|XJV5+RG,late_hours,32.58,7,10,13,-3.25,North Inner Ring
2026-03-11,XJPW+92|WJP4+FF,late_hours,32.31,7,11,13,-4.33,East Inner Ring
2026-03-11,XG48+2W|VHWC+C3,late_hours,30.99,7,12,13,-5.42,South Outer Ring
2026-03-11,WHR9+R6|XJGF+6J,late_hours,29.03,7,13,13,-6.5,Central Diagonal 2
2026-03-12,XJG4+7J|5PX4+HQ,late_hours,52.45,7,1,13,6.5,Airport Expy
2026-03-12,VJRQ+2M|RMJJ+F4,late_hours,39.61,7,2,13,5.42,Hosur Road
2026-03-12,WH5F+26|WJ8X+F5W,late_hours,37.92,7,3,13,4.33,Double Decker Flyover
2026-03-12,XPC7+72|XM33+J3,late_hours,34.7,7,4,13,3.25,Old Airport Road
2026-03-12,XHJ7+MG|WJM6+VC,late_hours,34.33,7,5,13,2.17,Central Diagonal 1
2026-03-12,WP44+W8|WJFH+XQ,late_hours,33.95,7,6,13,1.08,Sarjapur Road
2026-03-12,XMW9+G8|WMJR+V4,late_hours,32.98,7,7,13,0.0,East Outer Ring
2026-03-12,2HM2+P8|XJV5+RG,late_hours,31.81,7,8,13,-1.08,North Inner Ring
2026-03-12,WGG8+G5|XH7P+G6,late_hours,31.6,7,9,13,-2.17,Mysore Road
2026-03-12,XJPW+92|WJP4+FF,late_hours,31.43,7,10,13,-3.25,East Inner Ring
2026-03-12,2HVW+G8|XJXR+WG,late_hours,31.04,7,11,13,-4.33,North Outer Ring
2026-03-12,XG48+2W|VHWC+C3,late_hours,29.87,7,12,13,-5.42,South Outer Ring
2026-03-12,WHR9+R6|XJGF+6J,late_hours,28.15,7,13,13,-6.5,Central Diagonal 2
2026-03-13,XJG4+7J|5PX4+HQ,late_hours,51.45,7,1,13,6.5,Airport Expy
2026-03-13,VJRQ+2M|RMJJ+F4,late_hours,38.54,7,2,13,5.42,Hosur Road
2026-03-13,WH5F+26|WJ8X+F5W,late_hours,34.94,7,3,13,4.33,Double Decker Flyover
2026-03-13,XPC7+72|XM33+J3,late_hours,34.56,7,4,13,3.25,Old Airport Road
2026-03-13,XHJ7+MG|WJM6+VC,late_hours,34.27,7,5,13,2.17,Central Diagonal 1
2026-03-13,WGG8+G5|XH7P+G6,late_hours,32.91,7,6,13,1.08,Mysore Road
2026-03-13,WP44+W8|WJFH+XQ,late_hours,32.3,7,7,13,0.0,Sarjapur Road
2026-03-13,2HM2+P8|XJV5+RG,late_hours,31.37,7,8,13,-1.08,North Inner Ring
2026-03-13,XJPW+92|WJP4+FF,late_hours,31.19,7,9,13,-2.17,East Inner Ring
2026-03-13,2HVW+G8|XJXR+WG,late_hours,30.95,7,10,13,-3.25,North Outer Ring
2026-03-13,XG48+2W|VHWC+C3,late_hours,30.87,7,11,13,-4.33,South Outer Ring
2026-03-13,XMW9+G8|WMJR+V4,late_hours,30.51,7,12,13,-5.42,East Outer Ring
2026-03-13,WHR9+R6|XJGF+6J,late_hours,27.71,7,13,13,-6.5,Central Diagonal 2
2026-03-14,XJG4+7J|5PX4+HQ,late_hours,49.62,7,1,13,6.5,Airport Expy
2026-03-14,VJRQ+2M|RMJJ+F4,late_hours,38.38,7,2,13,5.42,Hosur Road
2026-03-14,WH5F+26|WJ8X+F5W,late_hours,32.84,7,3,13,4.33,Double Decker Flyover
2026-03-14,XPC7+72|XM33+J3,late_hours,32.71,7,4,13,3.25,Old Airport Road
2026-03-14,XHJ7+MG|WJM6+VC,late_hours,32.63,7,5,13,2.17,Central Diagonal 1
2026-03-14,2HVW+G8|XJXR+WG,late_hours,31.88,7,6,13,1.08,North Outer Ring
2026-03-14,2HM2+P8|XJV5+RG,late_hours,30.48,7,7,13,0.0,North Inner Ring
2026-03-14,WP44+W8|WJFH+XQ,late_hours,30.17,7,8,13,-1.08,Sarjapur Road
2026-03-14,WGG8+G5|XH7P+G6,late_hours,29.73,7,9,13,-2.17,Mysore Road
2026-03-14,XG48+2W|VHWC+C3,late_hours,29.72,7,10,13,-3.25,South Outer Ring
2026-03-14,XMW9+G8|WMJR+V4,late_hours,29.64,7,11,13,-4.33,East Outer Ring
2026-03-14,XJPW+92|WJP4+FF,late_hours,29.13,7,12,13,-5.42,East Inner Ring
2026-03-14,WHR9+R6|XJGF+6J,late_hours,26.38,7,13,13,-6.5,Central Diagonal 2
2026-03-15,XJG4+7J|5PX4+HQ,late_hours,50.56,7,1,13,6.5,Airport Expy
2026-03-15,VJRQ+2M|RMJJ+F4,late_hours,38.8,7,2,13,5.42,Hosur Road
2026-03-15,WH5F+26|WJ8X+F5W,late_hours,36.7,7,3,13,4.33,Double Decker Flyover
2026-03-15,XPC7+72|XM33+J3,late_hours,33.75,7,4,13,3.25,Old Airport Road
2026-03-15,XHJ7+MG|WJM6+VC,late_hours,33.45,7,5,13,2.17,Central Diagonal 1
2026-03-15,XMW9+G8|WMJR+V4,late_hours,33.31,7,6,13,1.08,East Outer Ring
2026-03-15,2HVW+G8|XJXR+WG,late_hours,32.25,7,7,13,0.0,North Outer Ring
2026-03-15,WGG8+G5|XH7P+G6,late_hours,31.51,7,8,13,-1.08,Mysore Road
2026-03-15,WP44+W8|WJFH+XQ,late_hours,30.39,7,9,13,-2.17,Sarjapur Road
2026-03-15,2HM2+P8|XJV5+RG,late_hours,29.98,7,10,13,-3.25,North Inner Ring
2026-03-15,XJPW+92|WJP4+FF,late_hours,29.7,7,11,13,-4.33,East Inner Ring
2026-03-15,XG48+2W|VHWC+C3,late_hours,29.66,7,12,13,-5.42,South Outer Ring
2026-03-15,WHR9+R6|XJGF+6J,late_hours,26.85,7,13,13,-6.5,Central Diagonal 2
2026-03-16,XJG4+7J|5PX4+HQ,late_hours,52.78,7,1,13,6.5,Airport Expy
2026-03-16,XMW9+G8|WMJR+V4,late_hours,37.5,7,2,13,5.42,East Outer Ring
2026-03-16,WH5F+26|WJ8X+F5W,late_hours,37.2,7,3,13,4.33,Double Decker Flyover
2026-03-16,VJRQ+2M|RMJJ+F4,late_hours,36.85,7,4,13,3.25,Hosur Road
2026-03-16,2HVW+G8|XJXR+WG,late_hours,36.08,7,5,13,2.17,North Outer Ring
2026-03-16,XPC7+72|XM33+J3,late_hours,35.55,7,6,13,1.08,Old Airport Road
2026-03-16,WP44+W8|WJFH+XQ,late_hours,35.11,7,7,13,0.0,Sarjapur Road
2026-03-16,XHJ7+MG|WJM6+VC,late_hours,34.64,7,8,13,-1.08,Central Diagonal 1
2026-03-16,WGG8+G5|XH7P+G6,late_hours,32.61,7,9,13,-2.17,Mysore Road
2026-03-16,2HM2+P8|XJV5+RG,late_hours,32.02,7,10,13,-3.25,North Inner Ring
2026-03-16,XJPW+92|WJP4+FF,late_hours,31.8,7,11,13,-4.33,East Inner Ring
2026-03-16,XG48+2W|VHWC+C3,late_hours,30.16,7,12,13,-5.42,South Outer Ring
2026-03-16,WHR9+R6|XJGF+6J,late_hours,28.42,7,13,13,-6.5,Central Diagonal 2
2026-03-17,XJG4+7J|5PX4+HQ,late_hours,53.58,6,1,13,6.5,Airport Expy
2026-03-17,XPC7+72|XM33+J3,late_hours,38.23,6,2,13,5.42,Old Airport Road
2026-03-17,WH5F+26|WJ8X+F5W,late_hours,35.73,6,3,13,4.33,Double Decker Flyover
2026-03-17,VJRQ+2M|RMJJ+F4,late_hours,35.44,6,4,13,3.25,Hosur Road
2026-03-17,XHJ7+MG|WJM6+VC,late_hours,35.4,6,5,13,2.17,Central Diagonal 1
2026-03-17,WP44+W8|WJFH+XQ,late_hours,34.34,6,6,13,1.08,Sarjapur Road
2026-03-17,XMW9+G8|WMJR+V4,late_hours,34.26,6,7,13,0.0,East Outer Ring
2026-03-17,2HVW+G8|XJXR+WG,late_hours,34.15,6,8,13,-1.08,North Outer Ring
2026-03-17,XJPW+92|WJP4+FF,late_hours,33.82,6,9,13,-2.17,East Inner Ring
2026-03-17,WGG8+G5|XH7P+G6,late_hours,33.1,6,10,13,-3.25,Mysore Road
2026-03-17,2HM2+P8|XJV5+RG,late_hours,31.95,6,11,13,-4.33,North Inner Ring
2026-03-17,XG48+2W|VHWC+C3,late_hours,31.62,6,12,13,-5.42,South Outer Ring
2026-03-17,WHR9+R6|XJGF+6J,late_hours,28.86,6,13,13,-6.5,Central Diagonal 2
2026-03-18,XJG4+7J|5PX4+HQ,late_hours,50.99,7,1,13,6.5,Airport Expy
2026-03-18,VJRQ+2M|RMJJ+F4,late_hours,38.73,7,2,13,5.42,Hosur Road
2026-03-18,WH5F+26|WJ8X+F5W,late_hours,37.63,7,3,13,4.33,Double Decker Flyover
2026-03-18,XPC7+72|XM33+J3,late_hours,34.53,7,4,13,3.25,Old Airport Road
2026-03-18,WP44+W8|WJFH+XQ,late_hours,33.16,7,5,13,2.17,Sarjapur Road
2026-03-18,XHJ7+MG|WJM6+VC,late_hours,32.82,7,6,13,1.08,Central Diagonal 1
2026-03-18,2HVW+G8|XJXR+WG,late_hours,32.13,7,7,13,0.0,North Outer Ring
2026-03-18,XJPW+92|WJP4+FF,late_hours,31.97,7,8,13,-1.08,East Inner Ring
2026-03-18,2HM2+P8|XJV5+RG,late_hours,31.74,7,9,13,-2.17,North Inner Ring
2026-03-18,WGG8+G5|XH7P+G6,late_hours,30.52,7,10,13,-3.25,Mysore Road
2026-03-18,XG48+2W|VHWC+C3,late_hours,30.19,7,11,13,-4.33,South Outer Ring
2026-03-18,XMW9+G8|WMJR+V4,late_hours,29.53,7,12,13,-5.42,East Outer Ring
2026-03-18,WHR9+R6|XJGF+6J,late_hours,27.84,7,13,13,-6.5,Central Diagonal 2
2026-03-19,XJG4+7J|5PX4+HQ,late_hours,51.42,6,1,13,6.5,Airport Expy
2026-03-19,VJRQ+2M|RMJJ+F4,late_hours,39.2,6,2,13,5.42,Hosur Road
2026-03-19,WH5F+26|WJ8X+F5W,late_hours,37.64,6,3,13,4.33,Double Decker Flyover
2026-03-19,XPC7+72|XM33+J3,late_hours,35.86,6,4,13,3.25,Old Airport Road
2026-03-19,WP44+W8|WJFH+XQ,late_hours,33.96,6,5,13,2.17,Sarjapur Road
2026-03-19,2HVW+G8|XJXR+WG,late_hours,33.75,6,6,13,1.08,North Outer Ring
2026-03-19,WGG8+G5|XH7P+G6,late_hours,32.81,6,7,13,0.0,Mysore Road
2026-03-19,XHJ7+MG|WJM6+VC,late_hours,32.19,6,8,13,-1.08,Central Diagonal 1
2026-03-19,XJPW+92|WJP4+FF,late_hours,31.97,6,9,13,-2.17,East Inner Ring
2026-03-19,XMW9+G8|WMJR+V4,late_hours,31.85,6,10,13,-3.25,East Outer Ring
2026-03-19,2HM2+P8|XJV5+RG,late_hours,31.64,6,11,13,-4.33,North Inner Ring
2026-03-19,XG48+2W|VHWC+C3,late_hours,29.9,6,12,13,-5.42,South Outer Ring
2026-03-19,WHR9+R6|XJGF+6J,late_hours,28.32,6,13,13,-6.5,Central Diagonal 2
2026-03-20,XJG4+7J|5PX4+HQ,late_hours,53.01,7,1,13,6.5,Airport Expy
2026-03-20,VJRQ+2M|RMJJ+F4,late_hours,39.04,7,2,13,5.42,Hosur Road
2026-03-20,WH5F+26|WJ8X+F5W,late_hours,37.68,7,3,13,4.33,Double Decker Flyover
2026-03-20,XPC7+72|XM33+J3,late_hours,36.93,7,4,13,3.25,Old Airport Road
2026-03-20,WP44+W8|WJFH+XQ,late_hours,34.16,7,5,13,2.17,Sarjapur Road
2026-03-20,2HVW+G8|XJXR+WG,late_hours,33.84,7,6,13,1.08,North Outer Ring
2026-03-20,WGG8+G5|XH7P+G6,late_hours,33.46,7,7,13,0.0,Mysore Road
2026-03-20,XHJ7+MG|WJM6+VC,late_hours,32.65,7,8,13,-1.08,Central Diagonal 1
2026-03-20,XJPW+92|WJP4+FF,late_hours,32.54,7,9,13,-2.17,East Inner Ring
2026-03-20,2HM2+P8|XJV5+RG,late_hours,31.68,7,10,13,-3.25,North Inner Ring
2026-03-20,XMW9+G8|WMJR+V4,late_hours,31.31,7,11,13,-4.33,East Outer Ring
2026-03-20,XG48+2W|VHWC+C3,late_hours,30.48,7,12,13,-5.42,South Outer Ring
2026-03-20,WHR9+R6|XJGF+6J,late_hours,28.01,7,13,13,-6.5,Central Diagonal 2
2026-03-21,XJG4+7J|5PX4+HQ,late_hours,52.13,7,1,13,6.5,Airport Expy
2026-03-21,VJRQ+2M|RMJJ+F4,late_hours,38.96,7,2,13,5.42,Hosur Road
2026-03-21,WH5F+26|WJ8X+F5W,late_hours,37.06,7,3,13,4.33,Double Decker Flyover
2026-03-21,XPC7+72|XM33+J3,late_hours,35.91,7,4,13,3.25,Old Airport Road
2026-03-21,WP44+W8|WJFH+XQ,late_hours,33.16,7,5,13,2.17,Sarjapur Road
2026-03-21,XHJ7+MG|WJM6+VC,late_hours,32.46,7,6,13,1.08,Central Diagonal 1
2026-03-21,WGG8+G5|XH7P+G6,late_hours,32.23,7,7,13,0.0,Mysore Road
2026-03-21,2HVW+G8|XJXR+WG,late_hours,32.04,7,8,13,-1.08,North Outer Ring
2026-03-21,2HM2+P8|XJV5+RG,late_hours,31.4,7,9,13,-2.17,North Inner Ring
2026-03-21,XMW9+G8|WMJR+V4,late_hours,31.17,7,10,13,-3.25,East Outer Ring
2026-03-21,XJPW+92|WJP4+FF,late_hours,30.72,7,11,13,-4.33,East Inner Ring
2026-03-21,XG48+2W|VHWC+C3,late_hours,30.25,7,12,13,-5.42,South Outer Ring
2026-03-21,WHR9+R6|XJGF+6J,late_hours,25.97,7,13,13,-6.5,Central Diagonal 2
2026-03-22,XJG4+7J|5PX4+HQ,late_hours,51.74,6,1,13,6.5,Airport Expy
2026-03-22,VJRQ+2M|RMJJ+F4,late_hours,39.35,6,2,13,5.42,Hosur Road
2026-03-22,WH5F+26|WJ8X+F5W,late_hours,35.43,6,3,13,4.33,Double Decker Flyover
2026-03-22,XPC7+72|XM33+J3,late_hours,34.31,6,4,13,3.25,Old Airport Road
2026-03-22,2HVW+G8|XJXR+WG,late_hours,32.25,6,5,13,2.17,North Outer Ring
2026-03-22,WP44+W8|WJFH+XQ,late_hours,32.24,6,6,13,1.08,Sarjapur Road
2026-03-22,XHJ7+MG|WJM6+VC,late_hours,31.73,6,7,13,0.0,Central Diagonal 1
2026-03-22,WGG8+G5|XH7P+G6,late_hours,31.49,6,8,13,-1.08,Mysore Road
2026-03-22,XMW9+G8|WMJR+V4,late_hours,31.36,6,9,13,-2.17,East Outer Ring
2026-03-22,2HM2+P8|XJV5+RG,late_hours,31.3,6,10,13,-3.25,North Inner Ring
2026-03-22,XJPW+92|WJP4+FF,late_hours,30.41,6,11,13,-4.33,East Inner Ring
2026-03-22,XG48+2W|VHWC+C3,late_hours,29.25,6,12,13,-5.42,South Outer Ring
2026-03-22,WHR9+R6|XJGF+6J,late_hours,26.75,6,13,13,-6.5,Central Diagonal 2
2026-03-23,XJG4+7J|5PX4+HQ,late_hours,53.58,7,1,13,6.5,Airport Expy
2026-03-23,VJRQ+2M|RMJJ+F4,late_hours,39.28,7,2,13,5.42,Hosur Road
2026-03-23,XMW9+G8|WMJR+V4,late_hours,36.0,7,3,13,4.33,East Outer Ring
2026-03-23,XPC7+72|XM33+J3,late_hours,35.84,7,4,13,3.25,Old Airport Road
2026-03-23,WP44+W8|WJFH+XQ,late_hours,35.02,7,5,13,2.17,Sarjapur Road
2026-03-23,WH5F+26|WJ8X+F5W,late_hours,34.7,7,6,13,1.08,Double Decker Flyover
2026-03-23,2HVW+G8|XJXR+WG,late_hours,33.6,7,7,13,0.0,North Outer Ring
2026-03-23,WGG8+G5|XH7P+G6,late_hours,33.19,7,8,13,-1.08,Mysore Road
2026-03-23,XHJ7+MG|WJM6+VC,late_hours,33.05,7,9,13,-2.17,Central Diagonal 1
2026-03-23,2HM2+P8|XJV5+RG,late_hours,32.36,7,10,13,-3.25,North Inner Ring
2026-03-23,XJPW+92|WJP4+FF,late_hours,31.54,7,11,13,-4.33,East Inner Ring
2026-03-23,XG48+2W|VHWC+C3,late_hours,30.13,7,12,13,-5.42,South Outer Ring
2026-03-23,WHR9+R6|XJGF+6J,late_hours,27.86,7,13,13,-6.5,Central Diagonal 2
2026-03-24,XJG4+7J|5PX4+HQ,late_hours,53.41,6,1,13,6.5,Airport Expy
2026-03-24,VJRQ+2M|RMJJ+F4,late_hours,39.71,6,2,13,5.42,Hosur Road
2026-03-24,WH5F+26|WJ8X+F5W,late_hours,38.86,6,3,13,4.33,Double Decker Flyover
2026-03-24,XPC7+72|XM33+J3,late_hours,36.95,6,4,13,3.25,Old Airport Road
2026-03-24,XHJ7+MG|WJM6+VC,late_hours,34.2,6,5,13,2.17,Central Diagonal 1
2026-03-24,WGG8+G5|XH7P+G6,late_hours,33.55,6,6,13,1.08,Mysore Road
2026-03-24,XMW9+G8|WMJR+V4,late_hours,33.5,6,7,13,0.0,East Outer Ring
2026-03-24,WP44+W8|WJFH+XQ,late_hours,33.41,6,8,13,-1.08,Sarjapur Road
2026-03-24,XJPW+92|WJP4+FF,late_hours,33.33,6,9,13,-2.17,East Inner Ring
2026-03-24,2HVW+G8|XJXR+WG,late_hours,33.03,6,10,13,-3.25,North Outer Ring
2026-03-24,2HM2+P8|XJV5+RG,late_hours,32.08,6,11,13,-4.33,North Inner Ring
2026-03-24,XG48+2W|VHWC+C3,late_hours,30.29,6,12,13,-5.42,South Outer Ring
2026-03-24,WHR9+R6|XJGF+6J,late_hours,28.57,6,13,13,-6.5,Central Diagonal 2
2026-03-25,XJG4+7J|5PX4+HQ,late_hours,53.33,6,1,13,6.5,Airport Expy
2026-03-25,VJRQ+2M|RMJJ+F4,late_hours,39.32,6,2,13,5.42,Hosur Road
2026-03-25,WH5F+26|WJ8X+F5W,late_hours,36.43,6,3,13,4.33,Double Decker Flyover
2026-03-25,XPC7+72|XM33+J3,late_hours,34.68,6,4,13,3.25,Old Airport Road
2026-03-25,XHJ7+MG|WJM6+VC,late_hours,33.58,6,5,13,2.17,Central Diagonal 1
2026-03-25,2HVW+G8|XJXR+WG,late_hours,33.06,6,6,13,1.08,North Outer Ring
2026-03-25,XJPW+92|WJP4+FF,late_hours,32.99,6,7,13,0.0,East Inner Ring
2026-03-25,2HM2+P8|XJV5+RG,late_hours,32.72,6,8,13,-1.08,North Inner Ring
2026-03-25,WGG8+G5|XH7P+G6,late_hours,32.68,6,9,13,-2.17,Mysore Road
2026-03-25,WP44+W8|WJFH+XQ,late_hours,32.16,6,10,13,-3.25,Sarjapur Road
2026-03-25,XMW9+G8|WMJR+V4,late_hours,30.35,6,11,13,-4.33,East Outer Ring
2026-03-25,XG48+2W|VHWC+C3,late_hours,30.18,6,12,13,-5.42,South Outer Ring
2026-03-25,WHR9+R6|XJGF+6J,late_hours,29.08,6,13,13,-6.5,Central Diagonal 2
2026-03-26,XJG4+7J|5PX4+HQ,late_hours,52.5,6,1,13,6.5,Airport Expy
2026-03-26,VJRQ+2M|RMJJ+F4,late_hours,39.43,6,2,13,5.42,Hosur Road
2026-03-26,WH5F+26|WJ8X+F5W,late_hours,38.02,6,3,13,4.33,Double Decker Flyover
2026-03-26,XPC7+72|XM33+J3,late_hours,33.99,6,4,13,3.25,Old Airport Road
2026-03-26,WP44+W8|WJFH+XQ,late_hours,33.75,6,5,13,2.17,Sarjapur Road
2026-03-26,XHJ7+MG|WJM6+VC,late_hours,32.62,6,6,13,1.08,Central Diagonal 1
2026-03-26,WGG8+G5|XH7P+G6,late_hours,32.36,6,7,13,0.0,Mysore Road
2026-03-26,2HVW+G8|XJXR+WG,late_hours,32.25,6,8,13,-1.08,North Outer Ring
2026-03-26,2HM2+P8|XJV5+RG,late_hours,32.17,6,9,13,-2.17,North Inner Ring
2026-03-26,XJPW+92|WJP4+FF,late_hours,31.8,6,10,13,-3.25,East Inner Ring
2026-03-26,XMW9+G8|WMJR+V4,late_hours,31.18,6,11,13,-4.33,East Outer Ring
2026-03-26,XG48+2W|VHWC+C3,late_hours,30.35,6,12,13,-5.42,South Outer Ring
2026-03-26,WHR9+R6|XJGF+6J,late_hours,28.6,6,13,13,-6.5,Central Diagonal 2
2026-03-27,XJG4+7J|5PX4+HQ,late_hours,52.03,7,1,13,6.5,Airport Expy
2026-03-27,VJRQ+2M|RMJJ+F4,late_hours,37.03,7,2,13,5.42,Hosur Road
2026-03-27,WH5F+26|WJ8X+F5W,late_hours,36.47,7,3,13,4.33,Double Decker Flyover
2026-03-27,XMW9+G8|WMJR+V4,late_hours,32.55,7,4,13,3.25,East Outer Ring
2026-03-27,XHJ7+MG|WJM6+VC,late_hours,32.16,7,5,13,2.17,Central Diagonal 1
2026-03-27,XPC7+72|XM33+J3,late_hours,32.13,7,6,13,1.08,Old Airport Road
2026-03-27,WGG8+G5|XH7P+G6,late_hours,31.9,7,7,13,0.0,Mysore Road
2026-03-27,2HM2+P8|XJV5+RG,late_hours,30.96,7,8,13,-1.08,North Inner Ring
2026-03-27,XJPW+92|WJP4+FF,late_hours,30.62,7,9,13,-2.17,East Inner Ring
2026-03-27,2HVW+G8|XJXR+WG,late_hours,30.06,7,10,13,-3.25,North Outer Ring
2026-03-27,XG48+2W|VHWC+C3,late_hours,29.65,7,11,13,-4.33,South Outer Ring
2026-03-27,WP44+W8|WJFH+XQ,late_hours,29.35,7,12,13,-5.42,Sarjapur Road
2026-03-27,WHR9+R6|XJGF+6J,late_hours,27.38,7,13,13,-6.5,Central Diagonal 2
2026-03-28,XJG4+7J|5PX4+HQ,late_hours,50.64,7,1,13,6.5,Airport Expy
2026-03-28,VJRQ+2M|RMJJ+F4,late_hours,37.51,7,2,13,5.42,Hosur Road
2026-03-28,WH5F+26|WJ8X+F5W,late_hours,36.66,7,3,13,4.33,Double Decker Flyover
2026-03-28,2HVW+G8|XJXR+WG,late_hours,32.98,7,4,13,3.25,North Outer Ring
2026-03-28,XMW9+G8|WMJR+V4,late_hours,31.21,7,5,13,2.17,East Outer Ring
2026-03-28,XHJ7+MG|WJM6+VC,late_hours,31.2,7,6,13,1.08,Central Diagonal 1
2026-03-28,XPC7+72|XM33+J3,late_hours,30.9,7,7,13,0.0,Old Airport Road
2026-03-28,WGG8+G5|XH7P+G6,late_hours,30.85,7,8,13,-1.08,Mysore Road
2026-03-28,2HM2+P8|XJV5+RG,late_hours,29.44,7,9,13,-2.17,North Inner Ring
2026-03-28,XG48+2W|VHWC+C3,late_hours,29.24,7,10,13,-3.25,South Outer Ring
2026-03-28,XJPW+92|WJP4+FF,late_hours,28.65,7,11,13,-4.33,East Inner Ring
2026-03-28,WP44+W8|WJFH+XQ,late_hours,27.41,7,12,13,-5.42,Sarjapur Road
2026-03-28,WHR9+R6|XJGF+6J,late_hours,26.36,7,13,13,-6.5,Central Diagonal 2
2026-03-29,XJG4+7J|5PX4+HQ,late_hours,50.53,7,1,13,6.5,Airport Expy
2026-03-29,VJRQ+2M|RMJJ+F4,late_hours,38.62,7,2,13,5.42,Hosur Road
2026-03-29,WH5F+26|WJ8X+F5W,late_hours,35.73,7,3,13,4.33,Double Decker Flyover
2026-03-29,XMW9+G8|WMJR+V4,late_hours,32.12,7,4,13,3.25,East Outer Ring
2026-03-29,2HVW+G8|XJXR+WG,late_hours,31.54,7,5,13,2.17,North Outer Ring
2026-03-29,XPC7+72|XM33+J3,late_hours,31.35,7,6,13,1.08,Old Airport Road
2026-03-29,XHJ7+MG|WJM6+VC,late_hours,30.98,7,7,13,0.0,Central Diagonal 1
2026-03-29,WGG8+G5|XH7P+G6,late_hours,30.21,7,8,13,-1.08,Mysore Road
2026-03-29,2HM2+P8|XJV5+RG,late_hours,30.1,7,9,13,-2.17,North Inner Ring
2026-03-29,WP44+W8|WJFH+XQ,late_hours,29.85,7,10,13,-3.25,Sarjapur Road
2026-03-29,XJPW+92|WJP4+FF,late_hours,29.43,7,11,13,-4.33,East Inner Ring
2026-03-29,XG48+2W|VHWC+C3,late_hours,27.52,7,12,13,-5.42,South Outer Ring
2026-03-29,WHR9+R6|XJGF+6J,late_hours,26.35,7,13,13,-6.5,Central Diagonal 2
2026-03-30,XJG4+7J|5PX4+HQ,late_hours,52.31,7,1,13,6.5,Airport Expy
2026-03-30,VJRQ+2M|RMJJ+F4,late_hours,39.28,7,2,13,5.42,Hosur Road
2026-03-30,WH5F+26|WJ8X+F5W,late_hours,36.38,7,3,13,4.33,Double Decker Flyover
2026-03-30,2HVW+G8|XJXR+WG,late_hours,34.74,7,4,13,3.25,North Outer Ring
2026-03-30,XMW9+G8|WMJR+V4,late_hours,34.62,7,5,13,2.17,East Outer Ring
2026-03-30,WP44+W8|WJFH+XQ,late_hours,33.24,7,6,13,1.08,Sarjapur Road
2026-03-30,XHJ7+MG|WJM6+VC,late_hours,32.47,7,7,13,0.0,Central Diagonal 1
2026-03-30,XPC7+72|XM33+J3,late_hours,32.12,7,8,13,-1.08,Old Airport Road
2026-03-30,WGG8+G5|XH7P+G6,late_hours,31.81,7,9,13,-2.17,Mysore Road
2026-03-30,XJPW+92|WJP4+FF,late_hours,31.76,7,10,13,-3.25,East Inner Ring
2026-03-30,2HM2+P8|XJV5+RG,late_hours,31.13,7,11,13,-4.33,North Inner Ring
2026-03-30,XG48+2W|VHWC+C3,late_hours,29.42,7,12,13,-5.42,South Outer Ring
2026-03-30,WHR9+R6|XJGF+6J,late_hours,27.77,7,13,13,-6.5,Central Diagonal 2
2026-03-31,XJG4+7J|5PX4+HQ,late_hours,53.91,6,1,13,6.5,Airport Expy
2026-03-31,VJRQ+2M|RMJJ+F4,late_hours,39.0,6,2,13,5.42,Hosur Road
2026-03-31,WH5F+26|WJ8X+F5W,late_hours,38.02,6,3,13,4.33,Double Decker Flyover
2026-03-31,XPC7+72|XM33+J3,late_hours,36.31,6,4,13,3.25,Old Airport Road
2026-03-31,XHJ7+MG|WJM6+VC,late_hours,33.55,6,5,13,2.17,Central Diagonal 1
2026-03-31,WP44+W8|WJFH+XQ,late_hours,33.46,6,6,13,1.08,Sarjapur Road
2026-03-31,2HVW+G8|XJXR+WG,late_hours,33.32,6,7,13,0.0,North Outer Ring
2026-03-31,XJPW+92|WJP4+FF,late_hours,32.93,6,8,13,-1.08,East Inner Ring
2026-03-31,XMW9+G8|WMJR+V4,late_hours,32.81,6,9,13,-2.17,East Outer Ring
2026-03-31,2HM2+P8|XJV5+RG,late_hours,32.49,6,10,13,-3.25,North Inner Ring
2026-03-31,WGG8+G5|XH7P+G6,late_hours,31.95,6,11,13,-4.33,Mysore Road
2026-03-31,XG48+2W|VHWC+C3,late_hours,30.29,6,12,13,-5.42,South Outer Ring
2026-03-31,WHR9+R6|XJGF+6J,late_hours,28.86,6,13,13,-6.5,Central Diagonal 2
2026-04-01,XJG4+7J|5PX4+HQ,late_hours,52.55,7,1,13,6.5,Airport Expy
2026-04-01,VJRQ+2M|RMJJ+F4,late_hours,37.93,7,2,13,5.42,Hosur Road
2026-04-01,WH5F+26|WJ8X+F5W,late_hours,37.68,7,3,13,4.33,Double Decker Flyover
2026-04-01,XPC7+72|XM33+J3,late_hours,34.99,7,4,13,3.25,Old Airport Road
2026-04-01,XHJ7+MG|WJM6+VC,late_hours,32.5,7,5,13,2.17,Central Diagonal 1
2026-04-01,XJPW+92|WJP4+FF,late_hours,32.38,7,6,13,1.08,East Inner Ring
2026-04-01,2HVW+G8|XJXR+WG,late_hours,31.95,7,7,13,0.0,North Outer Ring
2026-04-01,WP44+W8|WJFH+XQ,late_hours,31.76,7,8,13,-1.08,Sarjapur Road
2026-04-01,2HM2+P8|XJV5+RG,late_hours,31.52,7,9,13,-2.17,North Inner Ring
2026-04-01,WGG8+G5|XH7P+G6,late_hours,31.23,7,10,13,-3.25,Mysore Road
2026-04-01,XMW9+G8|WMJR+V4,late_hours,30.9,7,11,13,-4.33,East Outer Ring
2026-04-01,XG48+2W|VHWC+C3,late_hours,29.65,7,12,13,-5.42,South Outer Ring
2026-04-01,WHR9+R6|XJGF+6J,late_hours,28.71,7,13,13,-6.5,Central Diagonal 2
2026-04-02,XJG4+7J|5PX4+HQ,late_hours,52.21,7,1,13,6.5,Airport Expy
2026-04-02,VJRQ+2M|RMJJ+F4,late_hours,37.82,7,2,13,5.42,Hosur Road
2026-04-02,WH5F+26|WJ8X+F5W,late_hours,36.2,7,3,13,4.33,Double Decker Flyover
2026-04-02,XPC7+72|XM33+J3,late_hours,33.6,7,4,13,3.25,Old Airport Road
2026-04-02,2HM2+P8|XJV5+RG,late_hours,31.73,7,5,13,2.17,North Inner Ring
2026-04-02,XHJ7+MG|WJM6+VC,late_hours,31.31,7,6,13,1.08,Central Diagonal 1
2026-04-02,XJPW+92|WJP4+FF,late_hours,31.25,7,7,13,0.0,East Inner Ring
2026-04-02,2HVW+G8|XJXR+WG,late_hours,31.21,7,8,13,-1.08,North Outer Ring
2026-04-02,WGG8+G5|XH7P+G6,late_hours,31.11,7,9,13,-2.17,Mysore Road
2026-04-02,WP44+W8|WJFH+XQ,late_hours,30.29,7,10,13,-3.25,Sarjapur Road
2026-04-02,XMW9+G8|WMJR+V4,late_hours,29.85,7,11,13,-4.33,East Outer Ring
2026-04-02,XG48+2W|VHWC+C3,late_hours,28.96,7,12,13,-5.42,South Outer Ring
2026-04-02,WHR9+R6|XJGF+6J,late_hours,27.2,7,13,13,-6.5,Central Diagonal 2
2026-04-03,XJG4+7J|5PX4+HQ,late_hours,51.67,7,1,13,6.5,Airport Expy
2026-04-03,VJRQ+2M|RMJJ+F4,late_hours,38.83,7,2,13,5.42,Hosur Road
2026-04-03,WH5F+26|WJ8X+F5W,late_hours,36.96,7,3,13,4.33,Double Decker Flyover
2026-04-03,XPC7+72|XM33+J3,late_hours,35.73,7,4,13,3.25,Old Airport Road
2026-04-03,2HVW+G8|XJXR+WG,late_hours,33.33,7,5,13,2.17,North Outer Ring
2026-04-03,XMW9+G8|WMJR+V4,late_hours,32.77,7,6,13,1.08,East Outer Ring
2026-04-03,XHJ7+MG|WJM6+VC,late_hours,32.1,7,7,13,0.0,Central Diagonal 1
2026-04-03,WGG8+G5|XH7P+G6,late_hours,31.98,7,8,13,-1.08,Mysore Road
2026-04-03,2HM2+P8|XJV5+RG,late_hours,31.26,7,9,13,-2.17,North Inner Ring
2026-04-03,XJPW+92|WJP4+FF,late_hours,30.52,7,10,13,-3.25,East Inner Ring
2026-04-03,WP44+W8|WJFH+XQ,late_hours,30.01,7,11,13,-4.33,Sarjapur Road
2026-04-03,XG48+2W|VHWC+C3,late_hours,29.26,7,12,13,-5.42,South Outer Ring
2026-04-03,WHR9+R6|XJGF+6J,late_hours,27.3,7,13,13,-6.5,Central Diagonal 2
2026-04-04,XJG4+7J|5PX4+HQ,late_hours,50.76,7,1,13,6.5,Airport Expy
2026-04-04,VJRQ+2M|RMJJ+F4,late_hours,37.84,7,2,13,5.42,Hosur Road
2026-04-04,WH5F+26|WJ8X+F5W,late_hours,36.34,7,3,13,4.33,Double Decker Flyover
2026-04-04,XPC7+72|XM33+J3,late_hours,34.04,7,4,13,3.25,Old Airport Road
2026-04-04,WGG8+G5|XH7P+G6,late_hours,31.98,7,5,13,2.17,Mysore Road
2026-04-04,2HVW+G8|XJXR+WG,late_hours,31.89,7,6,13,1.08,North Outer Ring
2026-04-04,XHJ7+MG|WJM6+VC,late_hours,31.31,7,7,13,0.0,Central Diagonal 1
2026-04-04,2HM2+P8|XJV5+RG,late_hours,30.13,7,8,13,-1.08,North Inner Ring
2026-04-04,XMW9+G8|WMJR+V4,late_hours,29.92,7,9,13,-2.17,East Outer Ring
2026-04-04,XJPW+92|WJP4+FF,late_hours,29.7,7,10,13,-3.25,East Inner Ring
2026-04-04,WP44+W8|WJFH+XQ,late_hours,29.2,7,11,13,-4.33,Sarjapur Road
2026-04-04,XG48+2W|VHWC+C3,late_hours,28.66,7,12,13,-5.42,South Outer Ring
2026-04-04,WHR9+R6|XJGF+6J,late_hours,26.37,7,13,13,-6.5,Central Diagonal 2
2026-04-05,XJG4+7J|5PX4+HQ,late_hours,51.53,7,1,13,6.5,Airport Expy
2026-04-05,VJRQ+2M|RMJJ+F4,late_hours,38.91,7,2,13,5.42,Hosur Road
2026-04-05,WH5F+26|WJ8X+F5W,late_hours,35.62,7,3,13,4.33,Double Decker Flyover
2026-04-05,XPC7+72|XM33+J3,late_hours,33.32,7,4,13,3.25,Old Airport Road
2026-04-05,XMW9+G8|WMJR+V4,late_hours,32.66,7,5,13,2.17,East Outer Ring
2026-04-05,2HVW+G8|XJXR+WG,late_hours,32.37,7,6,13,1.08,North Outer Ring
2026-04-05,WGG8+G5|XH7P+G6,late_hours,31.56,7,7,13,0.0,Mysore Road
2026-04-05,XHJ7+MG|WJM6+VC,late_hours,31.25,7,8,13,-1.08,Central Diagonal 1
2026-04-05,2HM2+P8|XJV5+RG,late_hours,31.03,7,9,13,-2.17,North Inner Ring
2026-04-05,XJPW+92|WJP4+FF,late_hours,29.82,7,10,13,-3.25,East Inner Ring
2026-04-05,XG48+2W|VHWC+C3,late_hours,29.03,7,11,13,-4.33,South Outer Ring
2026-04-05,WP44+W8|WJFH+XQ,late_hours,28.79,7,12,13,-5.42,Sarjapur Road
2026-04-05,WHR9+R6|XJGF+6J,late_hours,26.38,7,13,13,-6.5,Central Diagonal 2
2026-04-06,XJG4+7J|5PX4+HQ,late_hours,51.77,7,1,13,6.5,Airport Expy
2026-04-06,VJRQ+2M|RMJJ+F4,late_hours,39.28,7,2,13,5.42,Hosur Road
2026-04-06,WH5F+26|WJ8X+F5W,late_hours,36.96,7,3,13,4.33,Double Decker Flyover
2026-04-06,XMW9+G8|WMJR+V4,late_hours,35.33,7,4,13,3.25,East Outer Ring
2026-04-06,2HVW+G8|XJXR+WG,late_hours,35.1,7,5,13,2.17,North Outer Ring
2026-04-06,XPC7+72|XM33+J3,late_hours,34.78,7,6,13,1.08,Old Airport Road
2026-04-06,WP44+W8|WJFH+XQ,late_hours,34.06,7,7,13,0.0,Sarjapur Road
2026-04-06,WGG8+G5|XH7P+G6,late_hours,32.73,7,8,13,-1.08,Mysore Road
2026-04-06,XHJ7+MG|WJM6+VC,late_hours,32.59,7,9,13,-2.17,Central Diagonal 1
2026-04-06,XJPW+92|WJP4+FF,late_hours,31.92,7,10,13,-3.25,East Inner Ring
2026-04-06,2HM2+P8|XJV5+RG,late_hours,31.83,7,11,13,-4.33,North Inner Ring
2026-04-06,XG48+2W|VHWC+C3,late_hours,29.45,7,12,13,-5.42,South Outer Ring
2026-04-06,WHR9+R6|XJGF+6J,late_hours,27.95,7,13,13,-6.5,Central Diagonal 2
2026-04-07,XJG4+7J|5PX4+HQ,late_hours,54.33,6,1,13,6.5,Airport Expy
2026-04-07,VJRQ+2M|RMJJ+F4,late_hours,39.87,6,2,13,5.42,Hosur Road
2026-04-07,WH5F+26|WJ8X+F5W,late_hours,38.44,6,3,13,4.33,Double Decker Flyover
2026-04-07,XPC7+72|XM33+J3,late_hours,36.48,6,4,13,3.25,Old Airport Road
2026-04-07,2HVW+G8|XJXR+WG,late_hours,33.67,6,5,13,2.17,North Outer Ring
2026-04-07,XHJ7+MG|WJM6+VC,late_hours,33.55,6,6,13,1.08,Central Diagonal 1
2026-04-07,2HM2+P8|XJV5+RG,late_hours,33.38,6,7,13,0.0,North Inner Ring
2026-04-07,WGG8+G5|XH7P+G6,late_hours,33.29,6,8,13,-1.08,Mysore Road
2026-04-07,WP44+W8|WJFH+XQ,late_hours,32.78,6,9,13,-2.17,Sarjapur Road
2026-04-07,XJPW+92|WJP4+FF,late_hours,32.59,6,10,13,-3.25,East Inner Ring
2026-04-07,XG48+2W|VHWC+C3,late_hours,30.6,6,11,13,-4.33,South Outer Ring
2026-04-07,XMW9+G8|WMJR+V4,late_hours,29.83,6,12,13,-5.42,East Outer Ring
2026-04-07,WHR9+R6|XJGF+6J,late_hours,29.58,6,13,13,-6.5,Central Diagonal 2
2026-04-08,XJG4+7J|5PX4+HQ,late_hours,52.61,6,1,13,6.5,Airport Expy
2026-04-08,VJRQ+2M|RMJJ+F4,late_hours,39.43,6,2,13,5.42,Hosur Road
2026-04-08,WH5F+26|WJ8X+F5W,late_hours,36.66,6,3,13,4.33,Double Decker Flyover
2026-04-08,XPC7+72|XM33+J3,late_hours,34.8,6,4,13,3.25,Old Airport Road
2026-04-08,XJPW+92|WJP4+FF,late_hours,32.75,6,5,13,2.17,East Inner Ring
2026-04-08,XHJ7+MG|WJM6+VC,late_hours,32.56,6,6,13,1.08,Central Diagonal 1
2026-04-08,WGG8+G5|XH7P+G6,late_hours,32.49,6,7,13,0.0,Mysore Road
2026-04-08,WP44+W8|WJFH+XQ,late_hours,32.04,6,8,13,-1.08,Sarjapur Road
2026-04-08,2HM2+P8|XJV5+RG,late_hours,31.75,6,9,13,-2.17,North Inner Ring
2026-04-08,XMW9+G8|WMJR+V4,late_hours,31.6,6,10,13,-3.25,East Outer Ring
2026-04-08,2HVW+G8|XJXR+WG,late_hours,31.05,6,11,13,-4.33,North Outer Ring
2026-04-08,XG48+2W|VHWC+C3,late_hours,29.76,6,12,13,-5.42,South Outer Ring
2026-04-08,WHR9+R6|XJGF+6J,late_hours,28.37,6,13,13,-6.5,Central Diagonal 2
2026-04-09,XJG4+7J|5PX4+HQ,late_hours,53.02,6,1,13,6.5,Airport Expy
2026-04-09,VJRQ+2M|RMJJ+F4,late_hours,39.71,6,2,13,5.42,Hosur Road
2026-04-09,XPC7+72|XM33+J3,late_hours,36.42,6,3,13,4.33,Old Airport Road
2026-04-09,WH5F+26|WJ8X+F5W,late_hours,36.4,6,4,13,3.25,Double Decker Flyover
2026-04-09,XHJ7+MG|WJM6+VC,late_hours,33.2,6,5,13,2.17,Central Diagonal 1
2026-04-09,XJPW+92|WJP4+FF,late_hours,32.84,6,6,13,1.08,East Inner Ring
2026-04-09,WGG8+G5|XH7P+G6,late_hours,32.16,6,7,13,0.0,Mysore Road
2026-04-09,2HVW+G8|XJXR+WG,late_hours,31.97,6,8,13,-1.08,North Outer Ring
2026-04-09,2HM2+P8|XJV5+RG,late_hours,31.87,6,9,13,-2.17,North Inner Ring
2026-04-09,XMW9+G8|WMJR+V4,late_hours,30.71,6,10,13,-3.25,East Outer Ring
2026-04-09,WP44+W8|WJFH+XQ,late_hours,30.32,6,11,13,-4.33,Sarjapur Road
2026-04-09,XG48+2W|VHWC+C3,late_hours,30.09,6,12,13,-5.42,South Outer Ring
2026-04-09,WHR9+R6|XJGF+6J,late_hours,28.66,6,13,13,-6.5,Central Diagonal 2
2026-04-10,XJG4+7J|5PX4+HQ,late_hours,51.04,7,1,13,6.5,Airport Expy
2026-04-10,VJRQ+2M|RMJJ+F4,late_hours,38.93,7,2,13,5.42,Hosur Road
2026-04-10,WH5F+26|WJ8X+F5W,late_hours,35.2,7,3,13,4.33,Double Decker Flyover
2026-04-10,XPC7+72|XM33+J3,late_hours,33.74,7,4,13,3.25,Old Airport Road
2026-04-10,XHJ7+MG|WJM6+VC,late_hours,33.16,7,5,13,2.17,Central Diagonal 1
2026-04-10,WGG8+G5|XH7P+G6,late_hours,32.68,7,6,13,1.08,Mysore Road
2026-04-10,XMW9+G8|WMJR+V4,late_hours,31.65,7,7,13,0.0,East Outer Ring
2026-04-10,XJPW+92|WJP4+FF,late_hours,30.56,7,8,13,-1.08,East Inner Ring
2026-04-10,2HVW+G8|XJXR+WG,late_hours,30.55,7,9,13,-2.17,North Outer Ring
2026-04-10,2HM2+P8|XJV5+RG,late_hours,30.41,7,10,13,-3.25,North Inner Ring
2026-04-10,XG48+2W|VHWC+C3,late_hours,29.69,7,11,13,-4.33,South Outer Ring
2026-04-10,WP44+W8|WJFH+XQ,late_hours,28.9,7,12,13,-5.42,Sarjapur Road
2026-04-10,WHR9+R6|XJGF+6J,late_hours,27.03,7,13,13,-6.5,Central Diagonal 2
2026-04-11,XJG4+7J|5PX4+HQ,late_hours,49.19,7,1,13,6.5,Airport Expy
2026-04-11,VJRQ+2M|RMJJ+F4,late_hours,38.12,7,2,13,5.42,Hosur Road
2026-04-11,WH5F+26|WJ8X+F5W,late_hours,35.32,7,3,13,4.33,Double Decker Flyover
2026-04-11,XPC7+72|XM33+J3,late_hours,33.63,7,4,13,3.25,Old Airport Road
2026-04-11,2HVW+G8|XJXR+WG,late_hours,31.26,7,5,13,2.17,North Outer Ring
2026-04-11,XHJ7+MG|WJM6+VC,late_hours,31.25,7,6,13,1.08,Central Diagonal 1
2026-04-11,XMW9+G8|WMJR+V4,late_hours,31.08,7,7,13,0.0,East Outer Ring
2026-04-11,WGG8+G5|XH7P+G6,late_hours,30.83,7,8,13,-1.08,Mysore Road
2026-04-11,2HM2+P8|XJV5+RG,late_hours,30.03,7,9,13,-2.17,North Inner Ring
2026-04-11,XJPW+92|WJP4+FF,late_hours,29.58,7,10,13,-3.25,East Inner Ring
2026-04-11,XG48+2W|VHWC+C3,late_hours,28.94,7,11,13,-4.33,South Outer Ring
2026-04-11,WP44+W8|WJFH+XQ,late_hours,28.82,7,12,13,-5.42,Sarjapur Road
2026-04-11,WHR9+R6|XJGF+6J,late_hours,25.73,7,13,13,-6.5,Central Diagonal 2
2026-04-12,XJG4+7J|5PX4+HQ,late_hours,51.4,7,1,13,6.5,Airport Expy
2026-04-12,VJRQ+2M|RMJJ+F4,late_hours,39.17,7,2,13,5.42,Hosur Road
2026-04-12,WH5F+26|WJ8X+F5W,late_hours,36.96,7,3,13,4.33,Double Decker Flyover
2026-04-12,XPC7+72|XM33+J3,late_hours,33.75,7,4,13,3.25,Old Airport Road
2026-04-12,XHJ7+MG|WJM6+VC,late_hours,32.72,7,5,13,2.17,Central Diagonal 1
2026-04-12,XMW9+G8|WMJR+V4,late_hours,31.7,7,6,13,1.08,East Outer Ring
2026-04-12,WGG8+G5|XH7P+G6,late_hours,30.87,7,7,13,0.0,Mysore Road
2026-04-12,XJPW+92|WJP4+FF,late_hours,30.08,7,8,13,-1.08,East Inner Ring
2026-04-12,2HVW+G8|XJXR+WG,late_hours,29.93,7,9,13,-2.17,North Outer Ring
2026-04-12,XG48+2W|VHWC+C3,late_hours,29.23,7,10,13,-3.25,South Outer Ring
2026-04-12,WP44+W8|WJFH+XQ,late_hours,29.18,7,11,13,-4.33,Sarjapur Road
2026-04-12,2HM2+P8|XJV5+RG,late_hours,28.84,7,12,13,-5.42,North Inner Ring
2026-04-12,WHR9+R6|XJGF+6J,late_hours,24.12,7,13,13,-6.5,Central Diagonal 2
2026-04-13,XJG4+7J|5PX4+HQ,late_hours,52.88,7,1,13,6.5,Airport Expy
2026-04-13,VJRQ+2M|RMJJ+F4,late_hours,38.99,7,2,13,5.42,Hosur Road
2026-04-13,WH5F+26|WJ8X+F5W,late_hours,38.04,7,3,13,4.33,Double Decker Flyover
2026-04-13,XPC7+72|XM33+J3,late_hours,35.84,7,4,13,3.25,Old Airport Road
2026-04-13,XMW9+G8|WMJR+V4,late_hours,35.63,7,5,13,2.17,East Outer Ring
2026-04-13,2HVW+G8|XJXR+WG,late_hours,35.14,7,6,13,1.08,North Outer Ring
2026-04-13,WP44+W8|WJFH+XQ,late_hours,33.82,7,7,13,0.0,Sarjapur Road
2026-04-13,XHJ7+MG|WJM6+VC,late_hours,33.42,7,8,13,-1.08,Central Diagonal 1
2026-04-13,WGG8+G5|XH7P+G6,late_hours,33.17,7,9,13,-2.17,Mysore Road
2026-04-13,XJPW+92|WJP4+FF,late_hours,32.18,7,10,13,-3.25,East Inner Ring
2026-04-13,2HM2+P8|XJV5+RG,late_hours,31.34,7,11,13,-4.33,North Inner Ring
2026-04-13,XG48+2W|VHWC+C3,late_hours,29.21,7,12,13,-5.42,South Outer Ring
2026-04-13,WHR9+R6|XJGF+6J,late_hours,27.57,7,13,13,-6.5,Central Diagonal 2
2026-04-14,XJG4+7J|5PX4+HQ,late_hours,52.7,6,1,13,6.5,Airport Expy
2026-04-14,VJRQ+2M|RMJJ+F4,late_hours,38.41,6,2,13,5.42,Hosur Road
2026-04-14,WH5F+26|WJ8X+F5W,late_hours,37.64,6,3,13,4.33,Double Decker Flyover
2026-04-14,XPC7+72|XM33+J3,late_hours,35.61,6,4,13,3.25,Old Airport Road
2026-04-14,XHJ7+MG|WJM6+VC,late_hours,33.98,6,5,13,2.17,Central Diagonal 1
2026-04-14,2HVW+G8|XJXR+WG,late_hours,33.39,6,6,13,1.08,North Outer Ring
2026-04-14,WP44+W8|WJFH+XQ,late_hours,33.24,6,7,13,0.0,Sarjapur Road
2026-04-14,XJPW+92|WJP4+FF,late_hours,32.3,6,8,13,-1.08,East Inner Ring
2026-04-14,WGG8+G5|XH7P+G6,late_hours,31.73,6,9,13,-2.17,Mysore Road
2026-04-14,2HM2+P8|XJV5+RG,late_hours,31.23,6,10,13,-3.25,North Inner Ring
2026-04-14,XMW9+G8|WMJR+V4,late_hours,30.41,6,11,13,-4.33,East Outer Ring
2026-04-14,XG48+2W|VHWC+C3,late_hours,30.03,6,12,13,-5.42,South Outer Ring
2026-04-14,WHR9+R6|XJGF+6J,late_hours,28.74,6,13,13,-6.5,Central Diagonal 2
2026-04-15,XJG4+7J|5PX4+HQ,late_hours,51.59,6,1,13,6.5,Airport Expy
2026-04-15,VJRQ+2M|RMJJ+F4,late_hours,38.55,6,2,13,5.42,Hosur Road
2026-04-15,WH5F+26|WJ8X+F5W,late_hours,37.17,6,3,13,4.33,Double Decker Flyover
2026-04-15,XPC7+72|XM33+J3,late_hours,35.2,6,4,13,3.25,Old Airport Road
2026-04-15,XHJ7+MG|WJM6+VC,late_hours,32.89,6,5,13,2.17,Central Diagonal 1
2026-04-15,2HVW+G8|XJXR+WG,late_hours,32.19,6,6,13,1.08,North Outer Ring
2026-04-15,WGG8+G5|XH7P+G6,late_hours,32.05,6,7,13,0.0,Mysore Road
2026-04-15,WP44+W8|WJFH+XQ,late_hours,31.93,6,8,13,-1.08,Sarjapur Road
2026-04-15,XJPW+92|WJP4+FF,late_hours,31.45,6,9,13,-2.17,East Inner Ring
2026-04-15,2HM2+P8|XJV5+RG,late_hours,31.33,6,10,13,-3.25,North Inner Ring
2026-04-15,XMW9+G8|WMJR+V4,late_hours,30.98,6,11,13,-4.33,East Outer Ring
2026-04-15,XG48+2W|VHWC+C3,late_hours,29.41,6,12,13,-5.42,South Outer Ring
2026-04-15,WHR9+R6|XJGF+6J,late_hours,28.19,6,13,13,-6.5,Central Diagonal 2
2026-04-16,XJG4+7J|5PX4+HQ,late_hours,51.67,6,1,13,6.5,Airport Expy
2026-04-16,VJRQ+2M|RMJJ+F4,late_hours,38.62,6,2,13,5.42,Hosur Road
2026-04-16,WH5F+26|WJ8X+F5W,late_hours,35.87,6,3,13,4.33,Double Decker Flyover
2026-04-16,XPC7+72|XM33+J3,late_hours,34.56,6,4,13,3.25,Old Airport Road
2026-04-16,XHJ7+MG|WJM6+VC,late_hours,33.36,6,5,13,2.17,Central Diagonal 1
2026-04-16,2HM2+P8|XJV5+RG,late_hours,32.15,6,6,13,1.08,North Inner Ring
2026-04-16,WGG8+G5|XH7P+G6,late_hours,31.67,6,7,13,0.0,Mysore Road
2026-04-16,WP44+W8|WJFH+XQ,late_hours,31.4,6,8,13,-1.08,Sarjapur Road
2026-04-16,XJPW+92|WJP4+FF,late_hours,31.33,6,9,13,-2.17,East Inner Ring
2026-04-16,2HVW+G8|XJXR+WG,late_hours,30.82,6,10,13,-3.25,North Outer Ring
2026-04-16,XMW9+G8|WMJR+V4,late_hours,30.23,6,11,13,-4.33,East Outer Ring
2026-04-16,XG48+2W|VHWC+C3,late_hours,29.13,6,12,13,-5.42,South Outer Ring
2026-04-16,WHR9+R6|XJGF+6J,late_hours,28.14,6,13,13,-6.5,Central Diagonal 2
2026-04-17,XJG4+7J|5PX4+HQ,late_hours,51.1,6,1,13,6.5,Airport Expy
2026-04-17,VJRQ+2M|RMJJ+F4,late_hours,37.93,6,2,13,5.42,Hosur Road
2026-04-17,WH5F+26|WJ8X+F5W,late_hours,36.42,6,3,13,4.33,Double Decker Flyover
2026-04-17,XPC7+72|XM33+J3,late_hours,35.27,6,4,13,3.25,Old Airport Road
2026-04-17,XMW9+G8|WMJR+V4,late_hours,33.49,6,5,13,2.17,East Outer Ring
2026-04-17,XHJ7+MG|WJM6+VC,late_hours,32.96,6,6,13,1.08,Central Diagonal 1
2026-04-17,WGG8+G5|XH7P+G6,late_hours,32.41,6,7,13,0.0,Mysore Road
2026-04-17,2HM2+P8|XJV5+RG,late_hours,31.78,6,8,13,-1.08,North Inner Ring
2026-04-17,WP44+W8|WJFH+XQ,late_hours,31.02,6,9,13,-2.17,Sarjapur Road
2026-04-17,XJPW+92|WJP4+FF,late_hours,30.71,6,10,13,-3.25,East Inner Ring
2026-04-17,2HVW+G8|XJXR+WG,late_hours,30.43,6,11,13,-4.33,North Outer Ring
2026-04-17,XG48+2W|VHWC+C3,late_hours,28.4,6,12,13,-5.42,South Outer Ring
2026-04-17,WHR9+R6|XJGF+6J,late_hours,28.0,6,13,13,-6.5,Central Diagonal 2
2026-04-18,XJG4+7J|5PX4+HQ,late_hours,51.04,7,1,13,6.5,Airport Expy
2026-04-18,VJRQ+2M|RMJJ+F4,late_hours,38.53,7,2,13,5.42,Hosur Road
2026-04-18,XMW9+G8|WMJR+V4,late_hours,35.51,7,3,13,4.33,East Outer Ring
2026-04-18,WH5F+26|WJ8X+F5W,late_hours,35.3,7,4,13,3.25,Double Decker Flyover
2026-04-18,XPC7+72|XM33+J3,late_hours,34.23,7,5,13,2.17,Old Airport Road
2026-04-18,XHJ7+MG|WJM6+VC,late_hours,32.5,7,6,13,1.08,Central Diagonal 1
2026-04-18,2HM2+P8|XJV5+RG,late_hours,31.41,7,7,13,0.0,North Inner Ring
2026-04-18,WGG8+G5|XH7P+G6,late_hours,30.9,7,8,13,-1.08,Mysore Road
2026-04-18,2HVW+G8|XJXR+WG,late_hours,30.63,7,9,13,-2.17,North Outer Ring
2026-04-18,XJPW+92|WJP4+FF,late_hours,29.88,7,10,13,-3.25,East Inner Ring
2026-04-18,WP44+W8|WJFH+XQ,late_hours,29.86,7,11,13,-4.33,Sarjapur Road
2026-04-18,XG48+2W|VHWC+C3,late_hours,29.37,7,12,13,-5.42,South Outer Ring
2026-04-18,WHR9+R6|XJGF+6J,late_hours,27.17,7,13,13,-6.5,Central Diagonal 2
2026-04-19,XJG4+7J|5PX4+HQ,late_hours,50.54,7,1,13,6.5,Airport Expy
2026-04-19,VJRQ+2M|RMJJ+F4,late_hours,38.47,7,2,13,5.42,Hosur Road
2026-04-19,XMW9+G8|WMJR+V4,late_hours,37.01,7,3,13,4.33,East Outer Ring
2026-04-19,WH5F+26|WJ8X+F5W,late_hours,35.45,7,4,13,3.25,Double Decker Flyover
2026-04-19,XPC7+72|XM33+J3,late_hours,33.95,7,5,13,2.17,Old Airport Road
2026-04-19,XHJ7+MG|WJM6+VC,late_hours,32.72,7,6,13,1.08,Central Diagonal 1
2026-04-19,2HVW+G8|XJXR+WG,late_hours,31.06,7,7,13,0.0,North Outer Ring
2026-04-19,2HM2+P8|XJV5+RG,late_hours,30.36,7,8,13,-1.08,North Inner Ring
2026-04-19,WGG8+G5|XH7P+G6,late_hours,30.21,7,9,13,-2.17,Mysore Road
2026-04-19,WP44+W8|WJFH+XQ,late_hours,30.16,7,10,13,-3.25,Sarjapur Road
2026-04-19,XJPW+92|WJP4+FF,late_hours,29.68,7,11,13,-4.33,East Inner Ring
2026-04-19,XG48+2W|VHWC+C3,late_hours,28.27,7,12,13,-5.42,South Outer Ring
2026-04-19,WHR9+R6|XJGF+6J,late_hours,27.42,7,13,13,-6.5,Central Diagonal 2
2026-04-20,XJG4+7J|5PX4+HQ,late_hours,53.22,6,1,13,6.5,Airport Expy
2026-04-20,XMW9+G8|WMJR+V4,late_hours,42.05,6,2,13,5.42,East Outer Ring
2026-04-20,VJRQ+2M|RMJJ+F4,late_hours,39.05,6,3,13,4.33,Hosur Road
2026-04-20,WH5F+26|WJ8X+F5W,late_hours,37.72,6,4,13,3.25,Double Decker Flyover
2026-04-20,XPC7+72|XM33+J3,late_hours,35.87,6,5,13,2.17,Old Airport Road
2026-04-20,2HVW+G8|XJXR+WG,late_hours,34.57,6,6,13,1.08,North Outer Ring
2026-04-20,XHJ7+MG|WJM6+VC,late_hours,33.85,6,7,13,0.0,Central Diagonal 1
2026-04-20,WGG8+G5|XH7P+G6,late_hours,32.77,6,8,13,-1.08,Mysore Road
2026-04-20,XJPW+92|WJP4+FF,late_hours,32.72,6,9,13,-2.17,East Inner Ring
2026-04-20,WP44+W8|WJFH+XQ,late_hours,32.11,6,10,13,-3.25,Sarjapur Road
2026-04-20,2HM2+P8|XJV5+RG,late_hours,31.44,6,11,13,-4.33,North Inner Ring
2026-04-20,XG48+2W|VHWC+C3,late_hours,29.02,6,12,13,-5.42,South Outer Ring
2026-04-20,WHR9+R6|XJGF+6J,late_hours,28.48,6,13,13,-6.5,Central Diagonal 2
2026-04-21,XJG4+7J|5PX4+HQ,late_hours,52.98,6,1,13,6.5,Airport Expy
2026-04-21,VJRQ+2M|RMJJ+F4,late_hours,38.53,6,2,13,5.42,Hosur Road
2026-04-21,WH5F+26|WJ8X+F5W,late_hours,37.17,6,3,13,4.33,Double Decker Flyover
2026-04-21,XPC7+72|XM33+J3,late_hours,36.11,6,4,13,3.25,Old Airport Road
2026-04-21,XMW9+G8|WMJR+V4,late_hours,34.85,6,5,13,2.17,East Outer Ring
2026-04-21,XHJ7+MG|WJM6+VC,late_hours,34.3,6,6,13,1.08,Central Diagonal 1
2026-04-21,WP44+W8|WJFH+XQ,late_hours,33.12,6,7,13,0.0,Sarjapur Road
2026-04-21,XJPW+92|WJP4+FF,late_hours,33.02,6,8,13,-1.08,East Inner Ring
2026-04-21,2HVW+G8|XJXR+WG,late_hours,32.46,6,9,13,-2.17,North Outer Ring
2026-04-21,2HM2+P8|XJV5+RG,late_hours,32.4,6,10,13,-3.25,North Inner Ring
2026-04-21,WGG8+G5|XH7P+G6,late_hours,32.03,6,11,13,-4.33,Mysore Road
2026-04-21,XG48+2W|VHWC+C3,late_hours,29.76,6,12,13,-5.42,South Outer Ring
2026-04-21,WHR9+R6|XJGF+6J,late_hours,28.71,6,13,13,-6.5,Central Diagonal 2
2026-04-22,XJG4+7J|5PX4+HQ,late_hours,52.91,6,1,13,6.5,Airport Expy
2026-04-22,VJRQ+2M|RMJJ+F4,late_hours,38.62,6,2,13,5.42,Hosur Road
2026-04-22,WH5F+26|WJ8X+F5W,late_hours,36.66,6,3,13,4.33,Double Decker Flyover
2026-04-22,XMW9+G8|WMJR+V4,late_hours,35.84,6,4,13,3.25,East Outer Ring
2026-04-22,XPC7+72|XM33+J3,late_hours,35.32,6,5,13,2.17,Old Airport Road
2026-04-22,2HM2+P8|XJV5+RG,late_hours,32.52,6,6,13,1.08,North Inner Ring
2026-04-22,XHJ7+MG|WJM6+VC,late_hours,32.45,6,7,13,0.0,Central Diagonal 1
2026-04-22,XJPW+92|WJP4+FF,late_hours,32.43,6,8,13,-1.08,East Inner Ring
2026-04-22,WP44+W8|WJFH+XQ,late_hours,31.99,6,9,13,-2.17,Sarjapur Road
2026-04-22,XG48+2W|VHWC+C3,late_hours,30.33,6,10,13,-3.25,South Outer Ring
2026-04-22,WGG8+G5|XH7P+G6,late_hours,29.52,6,11,13,-4.33,Mysore Road
2026-04-22,2HVW+G8|XJXR+WG,late_hours,29.51,6,12,13,-5.42,North Outer Ring
2026-04-22,WHR9+R6|XJGF+6J,late_hours,27.96,6,13,13,-6.5,Central Diagonal 2
2026-04-23,XJG4+7J|5PX4+HQ,late_hours,52.36,5,1,13,6.5,Airport Expy
2026-04-23,VJRQ+2M|RMJJ+F4,late_hours,37.96,5,2,13,5.42,Hosur Road
2026-04-23,XMW9+G8|WMJR+V4,late_hours,36.26,5,3,13,4.33,East Outer Ring
2026-04-23,WH5F+26|WJ8X+F5W,late_hours,35.77,5,4,13,3.25,Double Decker Flyover
2026-04-23,XPC7+72|XM33+J3,late_hours,34.67,5,5,13,2.17,Old Airport Road
2026-04-23,XHJ7+MG|WJM6+VC,late_hours,33.03,5,6,13,1.08,Central Diagonal 1
2026-04-23,2HM2+P8|XJV5+RG,late_hours,32.79,5,7,13,0.0,North Inner Ring
2026-04-23,WGG8+G5|XH7P+G6,late_hours,32.77,5,8,13,-1.08,Mysore Road
2026-04-23,WP44+W8|WJFH+XQ,late_hours,32.76,5,9,13,-2.17,Sarjapur Road
2026-04-23,XJPW+92|WJP4+FF,late_hours,32.31,5,10,13,-3.25,East Inner Ring
2026-04-23,2HVW+G8|XJXR+WG,late_hours,31.85,5,11,13,-4.33,North Outer Ring
2026-04-23,XG48+2W|VHWC+C3,late_hours,29.03,5,12,13,-5.42,South Outer Ring
2026-04-23,WHR9+R6|XJGF+6J,late_hours,28.93,5,13,13,-6.5,Central Diagonal 2
2026-04-24,XJG4+7J|5PX4+HQ,late_hours,51.17,6,1,13,6.5,Airport Expy
2026-04-24,VJRQ+2M|RMJJ+F4,late_hours,38.62,6,2,13,5.42,Hosur Road
2026-04-24,WH5F+26|WJ8X+F5W,late_hours,36.66,6,3,13,4.33,Double Decker Flyover
2026-04-24,XPC7+72|XM33+J3,late_hours,35.27,6,4,13,3.25,Old Airport Road
2026-04-24,XMW9+G8|WMJR+V4,late_hours,34.84,6,5,13,2.17,East Outer Ring
2026-04-24,XHJ7+MG|WJM6+VC,late_hours,32.6,6,6,13,1.08,Central Diagonal 1
2026-04-24,WP44+W8|WJFH+XQ,late_hours,31.82,6,7,13,0.0,Sarjapur Road
2026-04-24,2HM2+P8|XJV5+RG,late_hours,31.7,6,8,13,-1.08,North Inner Ring
2026-04-24,XJPW+92|WJP4+FF,late_hours,31.53,6,9,13,-2.17,East Inner Ring
2026-04-24,WGG8+G5|XH7P+G6,late_hours,30.9,6,10,13,-3.25,Mysore Road
2026-04-24,2HVW+G8|XJXR+WG,late_hours,29.55,6,11,13,-4.33,North Outer Ring
2026-04-24,XG48+2W|VHWC+C3,late_hours,27.83,6,12,13,-5.42,South Outer Ring
2026-04-24,WHR9+R6|XJGF+6J,late_hours,27.37,6,13,13,-6.5,Central Diagonal 2
2026-04-25,XJG4+7J|5PX4+HQ,late_hours,49.43,7,1,13,6.5,Airport Expy
2026-04-25,VJRQ+2M|RMJJ+F4,late_hours,38.38,7,2,13,5.42,Hosur Road
2026-04-25,XMW9+G8|WMJR+V4,late_hours,38.34,7,3,13,4.33,East Outer Ring
2026-04-25,XPC7+72|XM33+J3,late_hours,33.8,7,4,13,3.25,Old Airport Road
2026-04-25,WH5F+26|WJ8X+F5W,late_hours,33.11,7,5,13,2.17,Double Decker Flyover
2026-04-25,WGG8+G5|XH7P+G6,late_hours,31.9,7,6,13,1.08,Mysore Road
2026-04-25,XHJ7+MG|WJM6+VC,late_hours,31.42,7,7,13,0.0,Central Diagonal 1
2026-04-25,2HVW+G8|XJXR+WG,late_hours,30.3,7,8,13,-1.08,North Outer Ring
2026-04-25,2HM2+P8|XJV5+RG,late_hours,29.89,7,9,13,-2.17,North Inner Ring
2026-04-25,XJPW+92|WJP4+FF,late_hours,29.57,7,10,13,-3.25,East Inner Ring
2026-04-25,XG48+2W|VHWC+C3,late_hours,29.02,7,11,13,-4.33,South Outer Ring
2026-04-25,WP44+W8|WJFH+XQ,late_hours,28.87,7,12,13,-5.42,Sarjapur Road
2026-04-25,WHR9+R6|XJGF+6J,late_hours,26.23,7,13,13,-6.5,Central Diagonal 2
2026-04-26,XJG4+7J|5PX4+HQ,late_hours,48.23,7,1,13,6.5,Airport Expy
2026-04-26,VJRQ+2M|RMJJ+F4,late_hours,38.79,7,2,13,5.42,Hosur Road
2026-04-26,XMW9+G8|WMJR+V4,late_hours,36.65,7,3,13,4.33,East Outer Ring
2026-04-26,WH5F+26|WJ8X+F5W,late_hours,33.5,7,4,13,3.25,Double Decker Flyover
2026-04-26,XHJ7+MG|WJM6+VC,late_hours,31.7,7,5,13,2.17,Central Diagonal 1
2026-04-26,WP44+W8|WJFH+XQ,late_hours,31.38,7,6,13,1.08,Sarjapur Road
2026-04-26,WGG8+G5|XH7P+G6,late_hours,31.31,7,7,13,0.0,Mysore Road
2026-04-26,2HVW+G8|XJXR+WG,late_hours,30.71,7,8,13,-1.08,North Outer Ring
2026-04-26,2HM2+P8|XJV5+RG,late_hours,30.42,7,9,13,-2.17,North Inner Ring
2026-04-26,XJPW+92|WJP4+FF,late_hours,29.92,7,10,13,-3.25,East Inner Ring
2026-04-26,XPC7+72|XM33+J3,late_hours,29.14,7,11,13,-4.33,Old Airport Road
2026-04-26,XG48+2W|VHWC+C3,late_hours,27.68,7,12,13,-5.42,South Outer Ring
2026-04-26,WHR9+R6|XJGF+6J,late_hours,26.36,7,13,13,-6.5,Central Diagonal 2
2026-04-27,XJG4+7J|5PX4+HQ,late_hours,52.84,7,1,13,6.5,Airport Expy
2026-04-27,VJRQ+2M|RMJJ+F4,late_hours,38.61,7,2,13,5.42,Hosur Road
2026-04-27,XMW9+G8|WMJR+V4,late_hours,37.54,7,3,13,4.33,East Outer Ring
2026-04-27,WH5F+26|WJ8X+F5W,late_hours,36.74,7,4,13,3.25,Double Decker Flyover
2026-04-27,2HVW+G8|XJXR+WG,late_hours,35.29,7,5,13,2.17,North Outer Ring
2026-04-27,XPC7+72|XM33+J3,late_hours,34.42,7,6,13,1.08,Old Airport Road
2026-04-27,WGG8+G5|XH7P+G6,late_hours,33.67,7,7,13,0.0,Mysore Road
2026-04-27,XHJ7+MG|WJM6+VC,late_hours,33.16,7,8,13,-1.08,Central Diagonal 1
2026-04-27,WP44+W8|WJFH+XQ,late_hours,33.08,7,9,13,-2.17,Sarjapur Road
2026-04-27,XJPW+92|WJP4+FF,late_hours,32.14,7,10,13,-3.25,East Inner Ring
2026-04-27,2HM2+P8|XJV5+RG,late_hours,32.09,7,11,13,-4.33,North Inner Ring
2026-04-27,XG48+2W|VHWC+C3,late_hours,29.6,7,12,13,-5.42,South Outer Ring
2026-04-27,WHR9+R6|XJGF+6J,late_hours,28.03,7,13,13,-6.5,Central Diagonal 2
2026-04-28,XJG4+7J|5PX4+HQ,late_hours,52.72,4,1,13,6.5,Airport Expy
2026-04-28,VJRQ+2M|RMJJ+F4,late_hours,39.03,4,2,13,5.42,Hosur Road
2026-04-28,XMW9+G8|WMJR+V4,late_hours,38.27,4,3,13,4.33,East Outer Ring
2026-04-28,WH5F+26|WJ8X+F5W,late_hours,37.45,4,4,13,3.25,Double Decker Flyover
2026-04-28,XPC7+72|XM33+J3,late_hours,36.26,4,5,13,2.17,Old Airport Road
2026-04-28,XHJ7+MG|WJM6+VC,late_hours,34.32,4,6,13,1.08,Central Diagonal 1
2026-04-28,2HVW+G8|XJXR+WG,late_hours,33.87,4,7,13,0.0,North Outer Ring
2026-04-28,WP44+W8|WJFH+XQ,late_hours,33.29,4,8,13,-1.08,Sarjapur Road
2026-04-28,XJPW+92|WJP4+FF,late_hours,32.66,4,9,13,-2.17,East Inner Ring
2026-04-28,2HM2+P8|XJV5+RG,late_hours,32.46,4,10,13,-3.25,North Inner Ring
2026-04-28,WGG8+G5|XH7P+G6,late_hours,31.66,4,11,13,-4.33,Mysore Road
2026-04-28,XG48+2W|VHWC+C3,late_hours,29.31,4,12,13,-5.42,South Outer Ring
2026-04-28,WHR9+R6|XJGF+6J,late_hours,29.3,4,13,13,-6.5,Central Diagonal 2
2026-04-29,XJG4+7J|5PX4+HQ,late_hours,50.98,5,1,13,6.5,Airport Expy
2026-04-29,XMW9+G8|WMJR+V4,late_hours,38.92,5,2,13,5.42,East Outer Ring
2026-04-29,VJRQ+2M|RMJJ+F4,late_hours,38.62,5,3,13,4.33,Hosur Road
2026-04-29,XPC7+72|XM33+J3,late_hours,35.81,5,4,13,3.25,Old Airport Road
2026-04-29,WH5F+26|WJ8X+F5W,late_hours,34.32,5,5,13,2.17,Double Decker Flyover
2026-04-29,XHJ7+MG|WJM6+VC,late_hours,33.32,5,6,13,1.08,Central Diagonal 1
2026-04-29,2HVW+G8|XJXR+WG,late_hours,32.45,5,7,13,0.0,North Outer Ring
2026-04-29,XJPW+92|WJP4+FF,late_hours,31.87,5,8,13,-1.08,East Inner Ring
2026-04-29,WGG8+G5|XH7P+G6,late_hours,31.84,5,9,13,-2.17,Mysore Road
2026-04-29,WP44+W8|WJFH+XQ,late_hours,31.83,5,10,13,-3.25,Sarjapur Road
2026-04-29,2HM2+P8|XJV5+RG,late_hours,31.14,5,11,13,-4.33,North Inner Ring
2026-04-29,XG48+2W|VHWC+C3,late_hours,28.45,5,12,13,-5.42,South Outer Ring
2026-04-29,WHR9+R6|XJGF+6J,late_hours,27.85,5,13,13,-6.5,Central Diagonal 2
2026-04-30,XJG4+7J|5PX4+HQ,late_hours,49.93,7,1,13,6.5,Airport Expy
2026-04-30,VJRQ+2M|RMJJ+F4,late_hours,37.98,7,2,13,5.42,Hosur Road
2026-04-30,WH5F+26|WJ8X+F5W,late_hours,35.99,7,3,13,4.33,Double Decker Flyover
2026-04-30,XMW9+G8|WMJR+V4,late_hours,35.8,7,4,13,3.25,East Outer Ring
2026-04-30,XPC7+72|XM33+J3,late_hours,35.07,7,5,13,2.17,Old Airport Road
2026-04-30,XHJ7+MG|WJM6+VC,late_hours,31.88,7,6,13,1.08,Central Diagonal 1
2026-04-30,XJPW+92|WJP4+FF,late_hours,31.4,7,7,13,0.0,East Inner Ring
2026-04-30,2HM2+P8|XJV5+RG,late_hours,31.21,7,8,13,-1.08,North Inner Ring
2026-04-30,WGG8+G5|XH7P+G6,late_hours,31.15,7,9,13,-2.17,Mysore Road
2026-04-30,2HVW+G8|XJXR+WG,late_hours,31.05,7,10,13,-3.25,North Outer Ring
2026-04-30,WP44+W8|WJFH+XQ,late_hours,29.58,7,11,13,-4.33,Sarjapur Road
2026-04-30,XG48+2W|VHWC+C3,late_hours,29.26,7,12,13,-5.42,South Outer Ring
2026-04-30,WHR9+R6|XJGF+6J,late_hours,27.93,7,13,13,-6.5,Central Diagonal 2
2026-05-01,XJG4+7J|5PX4+HQ,late_hours,48.87,5,1,13,6.5,Airport Expy
2026-05-01,VJRQ+2M|RMJJ+F4,late_hours,37.58,5,2,13,5.42,Hosur Road
2026-05-01,XMW9+G8|WMJR+V4,late_hours,35.77,5,3,13,4.33,East Outer Ring
2026-05-01,WH5F+26|WJ8X+F5W,late_hours,35.52,5,4,13,3.25,Double Decker Flyover
2026-05-01,XPC7+72|XM33+J3,late_hours,33.87,5,5,13,2.17,Old Airport Road
2026-05-01,XHJ7+MG|WJM6+VC,late_hours,32.23,5,6,13,1.08,Central Diagonal 1
2026-05-01,2HVW+G8|XJXR+WG,late_hours,31.54,5,7,13,0.0,North Outer Ring
2026-05-01,WGG8+G5|XH7P+G6,late_hours,30.99,5,8,13,-1.08,Mysore Road
2026-05-01,XJPW+92|WJP4+FF,late_hours,29.66,5,9,13,-2.17,East Inner Ring
2026-05-01,WP44+W8|WJFH+XQ,late_hours,29.54,5,10,13,-3.25,Sarjapur Road
2026-05-01,2HM2+P8|XJV5+RG,late_hours,29.13,5,11,13,-4.33,North Inner Ring
2026-05-01,XG48+2W|VHWC+C3,late_hours,27.17,5,12,13,-5.42,South Outer Ring
2026-05-01,WHR9+R6|XJGF+6J,late_hours,26.44,5,13,13,-6.5,Central Diagonal 2
2026-05-02,XJG4+7J|5PX4+HQ,late_hours,49.82,6,1,13,6.5,Airport Expy
2026-05-02,XMW9+G8|WMJR+V4,late_hours,41.51,6,2,13,5.42,East Outer Ring
2026-05-02,VJRQ+2M|RMJJ+F4,late_hours,37.91,6,3,13,4.33,Hosur Road
2026-05-02,WH5F+26|WJ8X+F5W,late_hours,34.66,6,4,13,3.25,Double Decker Flyover
2026-05-02,XPC7+72|XM33+J3,late_hours,34.2,6,5,13,2.17,Old Airport Road
2026-05-02,2HVW+G8|XJXR+WG,late_hours,33.56,6,6,13,1.08,North Outer Ring
2026-05-02,XHJ7+MG|WJM6+VC,late_hours,32.16,6,7,13,0.0,Central Diagonal 1
2026-05-02,WP44+W8|WJFH+XQ,late_hours,30.47,6,8,13,-1.08,Sarjapur Road
2026-05-02,WGG8+G5|XH7P+G6,late_hours,30.41,6,9,13,-2.17,Mysore Road
2026-05-02,2HM2+P8|XJV5+RG,late_hours,29.56,6,10,13,-3.25,North Inner Ring
2026-05-02,XJPW+92|WJP4+FF,late_hours,29.18,6,11,13,-4.33,East Inner Ring
2026-05-02,XG48+2W|VHWC+C3,late_hours,27.99,6,12,13,-5.42,South Outer Ring
2026-05-02,WHR9+R6|XJGF+6J,late_hours,26.5,6,13,13,-6.5,Central Diagonal 2
2026-05-03,XJG4+7J|5PX4+HQ,late_hours,51.03,7,1,13,6.5,Airport Expy
2026-05-03,VJRQ+2M|RMJJ+F4,late_hours,38.42,7,2,13,5.42,Hosur Road
2026-05-03,XMW9+G8|WMJR+V4,late_hours,37.41,7,3,13,4.33,East Outer Ring
2026-05-03,WH5F+26|WJ8X+F5W,late_hours,35.35,7,4,13,3.25,Double Decker Flyover
2026-05-03,XPC7+72|XM33+J3,late_hours,33.31,7,5,13,2.17,Old Airport Road
2026-05-03,XHJ7+MG|WJM6+VC,late_hours,31.69,7,6,13,1.08,Central Diagonal 1
2026-05-03,2HVW+G8|XJXR+WG,late_hours,31.48,7,7,13,0.0,North Outer Ring
2026-05-03,WP44+W8|WJFH+XQ,late_hours,31.15,7,8,13,-1.08,Sarjapur Road
2026-05-03,WGG8+G5|XH7P+G6,late_hours,30.17,7,9,13,-2.17,Mysore Road
2026-05-03,XJPW+92|WJP4+FF,late_hours,29.86,7,10,13,-3.25,East Inner Ring
2026-05-03,2HM2+P8|XJV5+RG,late_hours,29.6,7,11,13,-4.33,North Inner Ring
2026-05-03,XG48+2W|VHWC+C3,late_hours,28.24,7,12,13,-5.42,South Outer Ring
2026-05-03,WHR9+R6|XJGF+6J,late_hours,26.97,7,13,13,-6.5,Central Diagonal 2
2026-05-04,XJG4+7J|5PX4+HQ,late_hours,53.64,6,1,13,6.5,Airport Expy
2026-05-04,XMW9+G8|WMJR+V4,late_hours,42.92,6,2,13,5.42,East Outer Ring
2026-05-04,VJRQ+2M|RMJJ+F4,late_hours,38.9,6,3,13,4.33,Hosur Road
2026-05-04,WH5F+26|WJ8X+F5W,late_hours,38.02,6,4,13,3.25,Double Decker Flyover
2026-05-04,XPC7+72|XM33+J3,late_hours,36.54,6,5,13,2.17,Old Airport Road
2026-05-04,XHJ7+MG|WJM6+VC,late_hours,34.96,6,6,13,1.08,Central Diagonal 1
2026-05-04,2HVW+G8|XJXR+WG,late_hours,34.54,6,7,13,0.0,North Outer Ring
2026-05-04,WP44+W8|WJFH+XQ,late_hours,33.56,6,8,13,-1.08,Sarjapur Road
2026-05-04,WGG8+G5|XH7P+G6,late_hours,33.22,6,9,13,-2.17,Mysore Road
2026-05-04,XJPW+92|WJP4+FF,late_hours,33.17,6,10,13,-3.25,East Inner Ring
2026-05-04,2HM2+P8|XJV5+RG,late_hours,30.99,6,11,13,-4.33,North Inner Ring
2026-05-04,WHR9+R6|XJGF+6J,late_hours,28.98,6,12,13,-5.42,Central Diagonal 2
2026-05-04,XG48+2W|VHWC+C3,late_hours,28.49,6,13,13,-6.5,South Outer Ring
2026-05-05,XJG4+7J|5PX4+HQ,late_hours,52.48,5,1,13,6.5,Airport Expy
2026-05-05,XMW9+G8|WMJR+V4,late_hours,38.55,5,2,13,5.42,East Outer Ring
2026-05-05,VJRQ+2M|RMJJ+F4,late_hours,37.98,5,3,13,4.33,Hosur Road
2026-05-05,WH5F+26|WJ8X+F5W,late_hours,37.54,5,4,13,3.25,Double Decker Flyover
2026-05-05,XPC7+72|XM33+J3,late_hours,34.24,5,5,13,2.17,Old Airport Road
2026-05-05,XHJ7+MG|WJM6+VC,late_hours,34.16,5,6,13,1.08,Central Diagonal 1
2026-05-05,WGG8+G5|XH7P+G6,late_hours,32.14,5,7,13,0.0,Mysore Road
2026-05-05,WP44+W8|WJFH+XQ,late_hours,32.13,5,8,13,-1.08,Sarjapur Road
2026-05-05,XJPW+92|WJP4+FF,late_hours,32.02,5,9,13,-2.17,East Inner Ring
2026-05-05,2HM2+P8|XJV5+RG,late_hours,30.72,5,10,13,-3.25,North Inner Ring
2026-05-05,2HVW+G8|XJXR+WG,late_hours,30.53,5,11,13,-4.33,North Outer Ring
2026-05-05,XG48+2W|VHWC+C3,late_hours,29.86,5,12,13,-5.42,South Outer Ring
2026-05-05,WHR9+R6|XJGF+6J,late_hours,27.46,5,13,13,-6.5,Central Diagonal 2
2026-05-06,XJG4+7J|5PX4+HQ,late_hours,53.04,6,1,13,6.5,Airport Expy
2026-05-06,VJRQ+2M|RMJJ+F4,late_hours,39.33,6,2,13,5.42,Hosur Road
2026-05-06,WH5F+26|WJ8X+F5W,late_hours,37.72,6,3,13,4.33,Double Decker Flyover
2026-05-06,XMW9+G8|WMJR+V4,late_hours,37.38,6,4,13,3.25,East Outer Ring
2026-05-06,XHJ7+MG|WJM6+VC,late_hours,34.87,6,5,13,2.17,Central Diagonal 1
2026-05-06,XPC7+72|XM33+J3,late_hours,34.86,6,6,13,1.08,Old Airport Road
2026-05-06,WP44+W8|WJFH+XQ,late_hours,33.18,6,7,13,0.0,Sarjapur Road
2026-05-06,WGG8+G5|XH7P+G6,late_hours,32.97,6,8,13,-1.08,Mysore Road
2026-05-06,XJPW+92|WJP4+FF,late_hours,32.5,6,9,13,-2.17,East Inner Ring
2026-05-06,2HVW+G8|XJXR+WG,late_hours,31.77,6,10,13,-3.25,North Outer Ring
2026-05-06,2HM2+P8|XJV5+RG,late_hours,31.46,6,11,13,-4.33,North Inner Ring
2026-05-06,XG48+2W|VHWC+C3,late_hours,30.32,6,12,13,-5.42,South Outer Ring
2026-05-06,WHR9+R6|XJGF+6J,late_hours,28.53,6,13,13,-6.5,Central Diagonal 2
2026-05-07,XJG4+7J|5PX4+HQ,late_hours,51.9,6,1,13,6.5,Airport Expy
2026-05-07,VJRQ+2M|RMJJ+F4,late_hours,37.61,6,2,13,5.42,Hosur Road
2026-05-07,WH5F+26|WJ8X+F5W,late_hours,36.14,6,3,13,4.33,Double Decker Flyover
2026-05-07,XMW9+G8|WMJR+V4,late_hours,35.6,6,4,13,3.25,East Outer Ring
2026-05-07,XPC7+72|XM33+J3,late_hours,34.91,6,5,13,2.17,Old Airport Road
2026-05-07,XHJ7+MG|WJM6+VC,late_hours,33.83,6,6,13,1.08,Central Diagonal 1
2026-05-07,WGG8+G5|XH7P+G6,late_hours,32.61,6,7,13,0.0,Mysore Road
2026-05-07,2HVW+G8|XJXR+WG,late_hours,32.55,6,8,13,-1.08,North Outer Ring
2026-05-07,XJPW+92|WJP4+FF,late_hours,31.48,6,9,13,-2.17,East Inner Ring
2026-05-07,WP44+W8|WJFH+XQ,late_hours,30.87,6,10,13,-3.25,Sarjapur Road
2026-05-07,2HM2+P8|XJV5+RG,late_hours,30.09,6,11,13,-4.33,North Inner Ring
2026-05-07,XG48+2W|VHWC+C3,late_hours,28.33,6,12,13,-5.42,South Outer Ring
2026-05-07,WHR9+R6|XJGF+6J,late_hours,27.61,6,13,13,-6.5,Central Diagonal 2
2026-05-08,XJG4+7J|5PX4+HQ,late_hours,50.74,6,1,13,6.5,Airport Expy
2026-05-08,VJRQ+2M|RMJJ+F4,late_hours,38.25,6,2,13,5.42,Hosur Road
2026-05-08,WH5F+26|WJ8X+F5W,late_hours,35.4,6,3,13,4.33,Double Decker Flyover
2026-05-08,XMW9+G8|WMJR+V4,late_hours,34.29,6,4,13,3.25,East Outer Ring
2026-05-08,XPC7+72|XM33+J3,late_hours,33.95,6,5,13,2.17,Old Airport Road
2026-05-08,XHJ7+MG|WJM6+VC,late_hours,33.3,6,6,13,1.08,Central Diagonal 1
2026-05-08,WGG8+G5|XH7P+G6,late_hours,32.55,6,7,13,0.0,Mysore Road
2026-05-08,WP44+W8|WJFH+XQ,late_hours,30.61,6,8,13,-1.08,Sarjapur Road
2026-05-08,XJPW+92|WJP4+FF,late_hours,30.25,6,9,13,-2.17,East Inner Ring
2026-05-08,2HM2+P8|XJV5+RG,late_hours,30.24,6,10,13,-3.25,North Inner Ring
2026-05-08,2HVW+G8|XJXR+WG,late_hours,28.71,6,11,13,-4.33,North Outer Ring
2026-05-08,XG48+2W|VHWC+C3,late_hours,28.6,6,12,13,-5.42,South Outer Ring
2026-05-08,WHR9+R6|XJGF+6J,late_hours,26.52,6,13,13,-6.5,Central Diagonal 2
2026-05-09,XJG4+7J|5PX4+HQ,late_hours,50.57,5,1,13,6.5,Airport Expy
2026-05-09,VJRQ+2M|RMJJ+F4,late_hours,37.82,5,2,13,5.42,Hosur Road
2026-05-09,WH5F+26|WJ8X+F5W,late_hours,35.36,5,3,13,4.33,Double Decker Flyover
2026-05-09,XMW9+G8|WMJR+V4,late_hours,33.91,5,4,13,3.25,East Outer Ring
2026-05-09,XPC7+72|XM33+J3,late_hours,33.63,5,5,13,2.17,Old Airport Road
2026-05-09,XHJ7+MG|WJM6+VC,late_hours,32.98,5,6,13,1.08,Central Diagonal 1
2026-05-09,WGG8+G5|XH7P+G6,late_hours,32.73,5,7,13,0.0,Mysore Road
2026-05-09,2HVW+G8|XJXR+WG,late_hours,31.43,5,8,13,-1.08,North Outer Ring
2026-05-09,2HM2+P8|XJV5+RG,late_hours,31.14,5,9,13,-2.17,North Inner Ring
2026-05-09,WP44+W8|WJFH+XQ,late_hours,30.59,5,10,13,-3.25,Sarjapur Road
2026-05-09,XJPW+92|WJP4+FF,late_hours,30.22,5,11,13,-4.33,East Inner Ring
2026-05-09,XG48+2W|VHWC+C3,late_hours,28.87,5,12,13,-5.42,South Outer Ring
2026-05-09,WHR9+R6|XJGF+6J,late_hours,26.94,5,13,13,-6.5,Central Diagonal 2
2026-05-10,XJG4+7J|5PX4+HQ,late_hours,50.99,6,1,13,6.5,Airport Expy
2026-05-10,VJRQ+2M|RMJJ+F4,late_hours,38.09,6,2,13,5.42,Hosur Road
2026-05-10,XMW9+G8|WMJR+V4,late_hours,36.61,6,3,13,4.33,East Outer Ring
2026-05-10,WH5F+26|WJ8X+F5W,late_hours,35.5,6,4,13,3.25,Double Decker Flyover
2026-05-10,XHJ7+MG|WJM6+VC,late_hours,33.37,6,5,13,2.17,Central Diagonal 1
2026-05-10,WGG8+G5|XH7P+G6,late_hours,32.68,6,6,13,1.08,Mysore Road
2026-05-10,XPC7+72|XM33+J3,late_hours,32.6,6,7,13,0.0,Old Airport Road
2026-05-10,2HVW+G8|XJXR+WG,late_hours,32.24,6,8,13,-1.08,North Outer Ring
2026-05-10,2HM2+P8|XJV5+RG,late_hours,31.41,6,9,13,-2.17,North Inner Ring
2026-05-10,WP44+W8|WJFH+XQ,late_hours,30.24,6,10,13,-3.25,Sarjapur Road
2026-05-10,XJPW+92|WJP4+FF,late_hours,30.2,6,11,13,-4.33,East Inner Ring
2026-05-10,XG48+2W|VHWC+C3,late_hours,28.95,6,12,13,-5.42,South Outer Ring
2026-05-10,WHR9+R6|XJGF+6J,late_hours,26.21,6,13,13,-6.5,Central Diagonal 2
2026-05-11,XJG4+7J|5PX4+HQ,late_hours,53.71,6,1,13,6.5,Airport Expy
2026-05-11,XMW9+G8|WMJR+V4,late_hours,43.69,6,2,13,5.42,East Outer Ring
2026-05-11,VJRQ+2M|RMJJ+F4,late_hours,39.58,6,3,13,4.33,Hosur Road
2026-05-11,WH5F+26|WJ8X+F5W,late_hours,37.92,6,4,13,3.25,Double Decker Flyover
2026-05-11,2HVW+G8|XJXR+WG,late_hours,36.19,6,5,13,2.17,North Outer Ring
2026-05-11,XPC7+72|XM33+J3,late_hours,35.27,6,6,13,1.08,Old Airport Road
2026-05-11,WGG8+G5|XH7P+G6,late_hours,34.08,6,7,13,0.0,Mysore Road
2026-05-11,XHJ7+MG|WJM6+VC,late_hours,34.04,6,8,13,-1.08,Central Diagonal 1
2026-05-11,WP44+W8|WJFH+XQ,late_hours,33.18,6,9,13,-2.17,Sarjapur Road
2026-05-11,2HM2+P8|XJV5+RG,late_hours,32.4,6,10,13,-3.25,North Inner Ring
2026-05-11,XJPW+92|WJP4+FF,late_hours,31.66,6,11,13,-4.33,East Inner Ring
2026-05-11,XG48+2W|VHWC+C3,late_hours,29.68,6,12,13,-5.42,South Outer Ring
2026-05-11,WHR9+R6|XJGF+6J,late_hours,28.66,6,13,13,-6.5,Central Diagonal 2
2026-05-12,XJG4+7J|5PX4+HQ,late_hours,54.07,4,1,13,6.5,Airport Expy
2026-05-12,VJRQ+2M|RMJJ+F4,late_hours,39.99,4,2,13,5.42,Hosur Road
2026-05-12,XMW9+G8|WMJR+V4,late_hours,38.75,4,3,13,4.33,East Outer Ring
2026-05-12,WH5F+26|WJ8X+F5W,late_hours,37.45,4,4,13,3.25,Double Decker Flyover
2026-05-12,XPC7+72|XM33+J3,late_hours,36.7,4,5,13,2.17,Old Airport Road
2026-05-12,XHJ7+MG|WJM6+VC,late_hours,35.3,4,6,13,1.08,Central Diagonal 1
2026-05-12,WGG8+G5|XH7P+G6,late_hours,34.02,4,7,13,0.0,Mysore Road
2026-05-12,XJPW+92|WJP4+FF,late_hours,33.33,4,8,13,-1.08,East Inner Ring
2026-05-12,2HM2+P8|XJV5+RG,late_hours,32.94,4,9,13,-2.17,North Inner Ring
2026-05-12,2HVW+G8|XJXR+WG,late_hours,31.92,4,10,13,-3.25,North Outer Ring
2026-05-12,WP44+W8|WJFH+XQ,late_hours,31.69,4,11,13,-4.33,Sarjapur Road
2026-05-12,XG48+2W|VHWC+C3,late_hours,29.81,4,12,13,-5.42,South Outer Ring
2026-05-12,WHR9+R6|XJGF+6J,late_hours,28.96,4,13,13,-6.5,Central Diagonal 2
2026-05-13,XJG4+7J|5PX4+HQ,late_hours,51.77,4,1,13,6.5,Airport Expy
2026-05-13,VJRQ+2M|RMJJ+F4,late_hours,37.34,4,2,13,5.42,Hosur Road
2026-05-13,WH5F+26|WJ8X+F5W,late_hours,36.88,4,3,13,4.33,Double Decker Flyover
2026-05-13,XPC7+72|XM33+J3,late_hours,34.09,4,4,13,3.25,Old Airport Road
2026-05-13,XHJ7+MG|WJM6+VC,late_hours,33.88,4,5,13,2.17,Central Diagonal 1
2026-05-13,XMW9+G8|WMJR+V4,late_hours,33.83,4,6,13,1.08,East Outer Ring
2026-05-13,WGG8+G5|XH7P+G6,late_hours,32.39,4,7,13,0.0,Mysore Road
2026-05-13,WP44+W8|WJFH+XQ,late_hours,32.3,4,8,13,-1.08,Sarjapur Road
2026-05-13,2HVW+G8|XJXR+WG,late_hours,31.74,4,9,13,-2.17,North Outer Ring
2026-05-13,XJPW+92|WJP4+FF,late_hours,31.59,4,10,13,-3.25,East Inner Ring
2026-05-13,2HM2+P8|XJV5+RG,late_hours,31.46,4,11,13,-4.33,North Inner Ring
2026-05-13,WHR9+R6|XJGF+6J,late_hours,28.34,4,12,13,-5.42,Central Diagonal 2
2026-05-13,XG48+2W|VHWC+C3,late_hours,28.18,4,13,13,-6.5,South Outer Ring
2026-05-14,XJG4+7J|5PX4+HQ,late_hours,54.61,5,1,13,6.5,Airport Expy
2026-05-14,VJRQ+2M|RMJJ+F4,late_hours,38.95,5,2,13,5.42,Hosur Road
2026-05-14,WH5F+26|WJ8X+F5W,late_hours,37.93,5,3,13,4.33,Double Decker Flyover
2026-05-14,XPC7+72|XM33+J3,late_hours,37.07,5,4,13,3.25,Old Airport Road
2026-05-14,XMW9+G8|WMJR+V4,late_hours,35.65,5,5,13,2.17,East Outer Ring
2026-05-14,XHJ7+MG|WJM6+VC,late_hours,34.99,5,6,13,1.08,Central Diagonal 1
2026-05-14,WGG8+G5|XH7P+G6,late_hours,34.64,5,7,13,0.0,Mysore Road
2026-05-14,WP44+W8|WJFH+XQ,late_hours,33.11,5,8,13,-1.08,Sarjapur Road
2026-05-14,2HM2+P8|XJV5+RG,late_hours,32.6,5,9,13,-2.17,North Inner Ring
2026-05-14,XJPW+92|WJP4+FF,late_hours,32.14,5,10,13,-3.25,East Inner Ring
2026-05-14,2HVW+G8|XJXR+WG,late_hours,32.04,5,11,13,-4.33,North Outer Ring
2026-05-14,XG48+2W|VHWC+C3,late_hours,30.03,5,12,13,-5.42,South Outer Ring
2026-05-14,WHR9+R6|XJGF+6J,late_hours,28.51,5,13,13,-6.5,Central Diagonal 2
2026-05-15,XJG4+7J|5PX4+HQ,late_hours,53.15,6,1,13,6.5,Airport Expy
2026-05-15,VJRQ+2M|RMJJ+F4,late_hours,38.61,6,2,13,5.42,Hosur Road
2026-05-15,WH5F+26|WJ8X+F5W,late_hours,35.8,6,3,13,4.33,Double Decker Flyover
2026-05-15,XMW9+G8|WMJR+V4,late_hours,34.8,6,4,13,3.25,East Outer Ring
2026-05-15,XPC7+72|XM33+J3,late_hours,34.59,6,5,13,2.17,Old Airport Road
2026-05-15,WGG8+G5|XH7P+G6,late_hours,33.37,6,6,13,1.08,Mysore Road
2026-05-15,XHJ7+MG|WJM6+VC,late_hours,32.89,6,7,13,0.0,Central Diagonal 1
2026-05-15,WP44+W8|WJFH+XQ,late_hours,31.91,6,8,13,-1.08,Sarjapur Road
2026-05-15,2HM2+P8|XJV5+RG,late_hours,31.21,6,9,13,-2.17,North Inner Ring
2026-05-15,2HVW+G8|XJXR+WG,late_hours,31.19,6,10,13,-3.25,North Outer Ring
2026-05-15,XJPW+92|WJP4+FF,late_hours,30.61,6,11,13,-4.33,East Inner Ring
2026-05-15,XG48+2W|VHWC+C3,late_hours,28.99,6,12,13,-5.42,South Outer Ring
2026-05-15,WHR9+R6|XJGF+6J,late_hours,27.29,6,13,13,-6.5,Central Diagonal 2
2026-05-16,XJG4+7J|5PX4+HQ,late_hours,52.07,5,1,13,6.5,Airport Expy
2026-05-16,XMW9+G8|WMJR+V4,late_hours,38.15,5,2,13,5.42,East Outer Ring
2026-05-16,VJRQ+2M|RMJJ+F4,late_hours,37.61,5,3,13,4.33,Hosur Road
2026-05-16,WH5F+26|WJ8X+F5W,late_hours,35.12,5,4,13,3.25,Double Decker Flyover
2026-05-16,WGG8+G5|XH7P+G6,late_hours,32.4,5,5,13,2.17,Mysore Road
2026-05-16,XPC7+72|XM33+J3,late_hours,32.21,5,6,13,1.08,Old Airport Road
2026-05-16,XHJ7+MG|WJM6+VC,late_hours,32.13,5,7,13,0.0,Central Diagonal 1
2026-05-16,WP44+W8|WJFH+XQ,late_hours,30.5,5,8,13,-1.08,Sarjapur Road
2026-05-16,2HM2+P8|XJV5+RG,late_hours,30.35,5,9,13,-2.17,North Inner Ring
2026-05-16,2HVW+G8|XJXR+WG,late_hours,29.21,5,10,13,-3.25,North Outer Ring
2026-05-16,XJPW+92|WJP4+FF,late_hours,28.94,5,11,13,-4.33,East Inner Ring
2026-05-16,XG48+2W|VHWC+C3,late_hours,27.46,5,12,13,-5.42,South Outer Ring
2026-05-16,WHR9+R6|XJGF+6J,late_hours,25.98,5,13,13,-6.5,Central Diagonal 2
2026-05-17,XJG4+7J|5PX4+HQ,late_hours,51.87,7,1,13,6.5,Airport Expy
2026-05-17,VJRQ+2M|RMJJ+F4,late_hours,37.55,7,2,13,5.42,Hosur Road
2026-05-17,XMW9+G8|WMJR+V4,late_hours,35.5,7,3,13,4.33,East Outer Ring
2026-05-17,WH5F+26|WJ8X+F5W,late_hours,33.49,7,4,13,3.25,Double Decker Flyover
2026-05-17,XPC7+72|XM33+J3,late_hours,32.83,7,5,13,2.17,Old Airport Road
2026-05-17,WGG8+G5|XH7P+G6,late_hours,32.57,7,6,13,1.08,Mysore Road
2026-05-17,XHJ7+MG|WJM6+VC,late_hours,32.27,7,7,13,0.0,Central Diagonal 1
2026-05-17,2HVW+G8|XJXR+WG,late_hours,31.36,7,8,13,-1.08,North Outer Ring
2026-05-17,2HM2+P8|XJV5+RG,late_hours,30.02,7,9,13,-2.17,North Inner Ring
2026-05-17,XG48+2W|VHWC+C3,late_hours,29.13,7,10,13,-3.25,South Outer Ring
2026-05-17,WP44+W8|WJFH+XQ,late_hours,28.67,7,11,13,-4.33,Sarjapur Road
2026-05-17,XJPW+92|WJP4+FF,late_hours,28.64,7,12,13,-5.42,East Inner Ring
2026-05-17,WHR9+R6|XJGF+6J,late_hours,26.15,7,13,13,-6.5,Central Diagonal 2
2026-05-18,XJG4+7J|5PX4+HQ,late_hours,52.02,7,1,13,6.5,Airport Expy
2026-05-18,XMW9+G8|WMJR+V4,late_hours,39.87,7,2,13,5.42,East Outer Ring
2026-05-18,VJRQ+2M|RMJJ+F4,late_hours,37.69,7,3,13,4.33,Hosur Road
2026-05-18,WH5F+26|WJ8X+F5W,late_hours,36.23,7,4,13,3.25,Double Decker Flyover
2026-05-18,XPC7+72|XM33+J3,late_hours,33.91,7,5,13,2.17,Old Airport Road
2026-05-18,WGG8+G5|XH7P+G6,late_hours,33.15,7,6,13,1.08,Mysore Road
2026-05-18,XHJ7+MG|WJM6+VC,late_hours,32.48,7,7,13,0.0,Central Diagonal 1
2026-05-18,2HVW+G8|XJXR+WG,late_hours,30.97,7,8,13,-1.08,North Outer Ring
2026-05-18,WP44+W8|WJFH+XQ,late_hours,30.75,7,9,13,-2.17,Sarjapur Road
2026-05-18,2HM2+P8|XJV5+RG,late_hours,30.07,7,10,13,-3.25,North Inner Ring
2026-05-18,XJPW+92|WJP4+FF,late_hours,29.4,7,11,13,-4.33,East Inner Ring
2026-05-18,XG48+2W|VHWC+C3,late_hours,28.61,7,12,13,-5.42,South Outer Ring
2026-05-18,WHR9+R6|XJGF+6J,late_hours,27.33,7,13,13,-6.5,Central Diagonal 2
2026-05-19,XJG4+7J|5PX4+HQ,late_hours,52.1,7,1,13,6.5,Airport Expy
2026-05-19,VJRQ+2M|RMJJ+F4,late_hours,38.38,7,2,13,5.42,Hosur Road
2026-05-19,WH5F+26|WJ8X+F5W,late_hours,36.47,7,3,13,4.33,Double Decker Flyover
2026-05-19,XPC7+72|XM33+J3,late_hours,34.76,7,4,13,3.25,Old Airport Road
2026-05-19,XMW9+G8|WMJR+V4,late_hours,34.62,7,5,13,2.17,East Outer Ring
2026-05-19,XHJ7+MG|WJM6+VC,late_hours,33.79,7,6,13,1.08,Central Diagonal 1
2026-05-19,WGG8+G5|XH7P+G6,late_hours,33.24,7,7,13,0.0,Mysore Road
2026-05-19,WP44+W8|WJFH+XQ,late_hours,32.35,7,8,13,-1.08,Sarjapur Road
2026-05-19,2HM2+P8|XJV5+RG,late_hours,31.13,7,9,13,-2.17,North Inner Ring
2026-05-19,XJPW+92|WJP4+FF,late_hours,31.1,7,10,13,-3.25,East Inner Ring
2026-05-19,2HVW+G8|XJXR+WG,late_hours,30.42,7,11,13,-4.33,North Outer Ring
2026-05-19,XG48+2W|VHWC+C3,late_hours,29.18,7,12,13,-5.42,South Outer Ring
2026-05-19,WHR9+R6|XJGF+6J,late_hours,27.74,7,13,13,-6.5,Central Diagonal 2
2026-05-20,XJG4+7J|5PX4+HQ,late_hours,51.88,7,1,13,6.5,Airport Expy
2026-05-20,VJRQ+2M|RMJJ+F4,late_hours,38.62,7,2,13,5.42,Hosur Road
2026-05-20,WH5F+26|WJ8X+F5W,late_hours,36.16,7,3,13,4.33,Double Decker Flyover
2026-05-20,XMW9+G8|WMJR+V4,late_hours,34.65,7,4,13,3.25,East Outer Ring
2026-05-20,XHJ7+MG|WJM6+VC,late_hours,33.36,7,5,13,2.17,Central Diagonal 1
2026-05-20,WGG8+G5|XH7P+G6,late_hours,33.32,7,6,13,1.08,Mysore Road
2026-05-20,XPC7+72|XM33+J3,late_hours,31.59,7,7,13,0.0,Old Airport Road
2026-05-20,WP44+W8|WJFH+XQ,late_hours,31.48,7,8,13,-1.08,Sarjapur Road
2026-05-20,2HM2+P8|XJV5+RG,late_hours,31.24,7,9,13,-2.17,North Inner Ring
2026-05-20,XJPW+92|WJP4+FF,late_hours,29.9,7,10,13,-3.25,East Inner Ring
2026-05-20,XG48+2W|VHWC+C3,late_hours,28.73,7,11,13,-4.33,South Outer Ring
2026-05-20,WHR9+R6|XJGF+6J,late_hours,27.55,7,12,13,-5.42,Central Diagonal 2
2026-05-20,2HVW+G8|XJXR+WG,late_hours,27.48,7,13,13,-6.5,North Outer Ring
2026-05-21,XJG4+7J|5PX4+HQ,late_hours,51.52,7,1,13,6.5,Airport Expy
2026-05-21,VJRQ+2M|RMJJ+F4,late_hours,37.89,7,2,13,5.42,Hosur Road
2026-05-21,WH5F+26|WJ8X+F5W,late_hours,35.77,7,3,13,4.33,Double Decker Flyover
2026-05-21,XHJ7+MG|WJM6+VC,late_hours,32.8,7,4,13,3.25,Central Diagonal 1
2026-05-21,WGG8+G5|XH7P+G6,late_hours,32.43,7,5,13,2.17,Mysore Road
2026-05-21,XPC7+72|XM33+J3,late_hours,32.17,7,6,13,1.08,Old Airport Road
2026-05-21,2HM2+P8|XJV5+RG,late_hours,30.85,7,7,13,0.0,North Inner Ring
2026-05-21,XMW9+G8|WMJR+V4,late_hours,30.24,7,8,13,-1.08,East Outer Ring
2026-05-21,WP44+W8|WJFH+XQ,late_hours,30.13,7,9,13,-2.17,Sarjapur Road
2026-05-21,XJPW+92|WJP4+FF,late_hours,29.47,7,10,13,-3.25,East Inner Ring
2026-05-21,2HVW+G8|XJXR+WG,late_hours,29.34,7,11,13,-4.33,North Outer Ring
2026-05-21,XG48+2W|VHWC+C3,late_hours,28.64,7,12,13,-5.42,South Outer Ring
2026-05-21,WHR9+R6|XJGF+6J,late_hours,27.3,7,13,13,-6.5,Central Diagonal 2
2026-05-22,XJG4+7J|5PX4+HQ,late_hours,51.18,7,1,13,6.5,Airport Expy
2026-05-22,VJRQ+2M|RMJJ+F4,late_hours,36.2,7,2,13,5.42,Hosur Road
2026-05-22,WH5F+26|WJ8X+F5W,late_hours,35.06,7,3,13,4.33,Double Decker Flyover
2026-05-22,XMW9+G8|WMJR+V4,late_hours,34.37,7,4,13,3.25,East Outer Ring
2026-05-22,XHJ7+MG|WJM6+VC,late_hours,31.55,7,5,13,2.17,Central Diagonal 1
2026-05-22,XPC7+72|XM33+J3,late_hours,31.55,7,6,13,1.08,Old Airport Road
2026-05-22,2HM2+P8|XJV5+RG,late_hours,30.17,7,7,13,0.0,North Inner Ring
2026-05-22,WP44+W8|WJFH+XQ,late_hours,29.91,7,8,13,-1.08,Sarjapur Road
2026-05-22,WGG8+G5|XH7P+G6,late_hours,29.8,7,9,13,-2.17,Mysore Road
2026-05-22,XJPW+92|WJP4+FF,late_hours,28.3,7,10,13,-3.25,East Inner Ring
2026-05-22,2HVW+G8|XJXR+WG,late_hours,28.28,7,11,13,-4.33,North Outer Ring
2026-05-22,XG48+2W|VHWC+C3,late_hours,28.03,7,12,13,-5.42,South Outer Ring
2026-05-22,WHR9+R6|XJGF+6J,late_hours,26.26,7,13,13,-6.5,Central Diagonal 2
2026-05-23,XJG4+7J|5PX4+HQ,late_hours,50.2,7,1,13,6.5,Airport Expy
2026-05-23,VJRQ+2M|RMJJ+F4,late_hours,36.67,7,2,13,5.42,Hosur Road
2026-05-23,WH5F+26|WJ8X+F5W,late_hours,35.7,7,3,13,4.33,Double Decker Flyover
2026-05-23,XMW9+G8|WMJR+V4,late_hours,35.39,7,4,13,3.25,East Outer Ring
2026-05-23,WGG8+G5|XH7P+G6,late_hours,31.36,7,5,13,2.17,Mysore Road
2026-05-23,XHJ7+MG|WJM6+VC,late_hours,31.1,7,6,13,1.08,Central Diagonal 1
2026-05-23,WP44+W8|WJFH+XQ,late_hours,30.1,7,7,13,0.0,Sarjapur Road
2026-05-23,2HM2+P8|XJV5+RG,late_hours,30.01,7,8,13,-1.08,North Inner Ring
2026-05-23,XPC7+72|XM33+J3,late_hours,29.81,7,9,13,-2.17,Old Airport Road
2026-05-23,XJPW+92|WJP4+FF,late_hours,27.8,7,10,13,-3.25,East Inner Ring
2026-05-23,XG48+2W|VHWC+C3,late_hours,27.72,7,11,13,-4.33,South Outer Ring
2026-05-23,2HVW+G8|XJXR+WG,late_hours,27.63,7,12,13,-5.42,North Outer Ring
2026-05-23,WHR9+R6|XJGF+6J,late_hours,25.41,7,13,13,-6.5,Central Diagonal 2
2026-05-24,XJG4+7J|5PX4+HQ,late_hours,50.75,7,1,12,6.0,Airport Expy
2026-05-24,VJRQ+2M|RMJJ+F4,late_hours,37.64,7,2,12,4.91,Hosur Road
2026-05-24,WH5F+26|WJ8X+F5W,late_hours,34.86,7,3,12,3.82,Double Decker Flyover
2026-05-24,XMW9+G8|WMJR+V4,late_hours,33.44,7,4,12,2.73,East Outer Ring
2026-05-24,XPC7+72|XM33+J3,late_hours,31.78,7,5,12,1.64,Old Airport Road
2026-05-24,WGG8+G5|XH7P+G6,late_hours,31.66,7,6,12,0.55,Mysore Road
2026-05-24,XHJ7+MG|WJM6+VC,late_hours,31.65,7,7,12,-0.55,Central Diagonal 1
2026-05-24,2HM2+P8|XJV5+RG,late_hours,29.59,7,8,12,-1.64,North Inner Ring
2026-05-24,WP44+W8|WJFH+XQ,late_hours,29.39,7,9,12,-2.73,Sarjapur Road
2026-05-24,2HVW+G8|XJXR+WG,late_hours,28.26,7,10,12,-3.82,North Outer Ring
2026-05-24,XJPW+92|WJP4+FF,late_hours,27.87,7,11,12,-4.91,East Inner Ring
2026-05-24,WHR9+R6|XJGF+6J,late_hours,25.31,7,12,12,-6.0,Central Diagonal 2
2026-05-25,XJG4+7J|5PX4+HQ,late_hours,52.26,7,1,12,6.0,Airport Expy
2026-05-25,WH5F+26|WJ8X+F5W,late_hours,37.43,7,2,12,4.91,Double Decker Flyover
2026-05-25,VJRQ+2M|RMJJ+F4,late_hours,36.9,7,3,12,3.82,Hosur Road
2026-05-25,XMW9+G8|WMJR+V4,late_hours,35.09,7,4,12,2.73,East Outer Ring
2026-05-25,XPC7+72|XM33+J3,late_hours,34.0,7,5,12,1.64,Old Airport Road
2026-05-25,XHJ7+MG|WJM6+VC,late_hours,32.89,7,6,12,0.55,Central Diagonal 1
2026-05-25,WGG8+G5|XH7P+G6,late_hours,32.47,7,7,12,-0.55,Mysore Road
2026-05-25,2HVW+G8|XJXR+WG,late_hours,32.01,7,8,12,-1.64,North Outer Ring
2026-05-25,WP44+W8|WJFH+XQ,late_hours,30.84,7,9,12,-2.73,Sarjapur Road
2026-05-25,2HM2+P8|XJV5+RG,late_hours,30.71,7,10,12,-3.82,North Inner Ring
2026-05-25,XJPW+92|WJP4+FF,late_hours,29.26,7,11,12,-4.91,East Inner Ring
2026-05-25,WHR9+R6|XJGF+6J,late_hours,26.92,7,12,12,-6.0,Central Diagonal 2
2026-05-26,XJG4+7J|5PX4+HQ,late_hours,51.81,7,1,12,6.0,Airport Expy
2026-05-26,VJRQ+2M|RMJJ+F4,late_hours,37.8,7,2,12,4.91,Hosur Road
2026-05-26,WH5F+26|WJ8X+F5W,late_hours,37.27,7,3,12,3.82,Double Decker Flyover
2026-05-26,XPC7+72|XM33+J3,late_hours,34.05,7,4,12,2.73,Old Airport Road
2026-05-26,XHJ7+MG|WJM6+VC,late_hours,33.01,7,5,12,1.64,Central Diagonal 1
2026-05-26,WGG8+G5|XH7P+G6,late_hours,32.74,7,6,12,0.55,Mysore Road
2026-05-26,XMW9+G8|WMJR+V4,late_hours,32.32,7,7,12,-0.55,East Outer Ring
2026-05-26,WP44+W8|WJFH+XQ,late_hours,31.67,7,8,12,-1.64,Sarjapur Road
2026-05-26,2HM2+P8|XJV5+RG,late_hours,30.9,7,9,12,-2.73,North Inner Ring
2026-05-26,XJPW+92|WJP4+FF,late_hours,29.97,7,10,12,-3.82,East Inner Ring
2026-05-26,2HVW+G8|XJXR+WG,late_hours,28.13,7,11,12,-4.91,North Outer Ring
2026-05-26,WHR9+R6|XJGF+6J,late_hours,27.81,7,12,12,-6.0,Central Diagonal 2
2026-05-27,XJG4+7J|5PX4+HQ,late_hours,51.14,7,1,12,6.0,Airport Expy
2026-05-27,VJRQ+2M|RMJJ+F4,late_hours,37.99,7,2,12,4.91,Hosur Road
2026-05-27,WH5F+26|WJ8X+F5W,late_hours,35.66,7,3,12,3.82,Double Decker Flyover
2026-05-27,XMW9+G8|WMJR+V4,late_hours,32.69,7,4,12,2.73,East Outer Ring
2026-05-27,XPC7+72|XM33+J3,late_hours,32.01,7,5,12,1.64,Old Airport Road
2026-05-27,WGG8+G5|XH7P+G6,late_hours,31.59,7,6,12,0.55,Mysore Road
2026-05-27,XHJ7+MG|WJM6+VC,late_hours,31.25,7,7,12,-0.55,Central Diagonal 1
2026-05-27,WP44+W8|WJFH+XQ,late_hours,30.84,7,8,12,-1.64,Sarjapur Road
2026-05-27,2HM2+P8|XJV5+RG,late_hours,30.36,7,9,12,-2.73,North Inner Ring
2026-05-27,XJPW+92|WJP4+FF,late_hours,29.15,7,10,12,-3.82,East Inner Ring
2026-05-27,2HVW+G8|XJXR+WG,late_hours,28.26,7,11,12,-4.91,North Outer Ring
2026-05-27,WHR9+R6|XJGF+6J,late_hours,26.23,7,12,12,-6.0,Central Diagonal 2
2026-05-28,XJG4+7J|5PX4+HQ,late_hours,52.02,7,1,12,6.0,Airport Expy
2026-05-28,VJRQ+2M|RMJJ+F4,late_hours,37.29,7,2,12,4.91,Hosur Road
2026-05-28,XMW9+G8|WMJR+V4,late_hours,35.48,7,3,12,3.82,East Outer Ring
2026-05-28,WH5F+26|WJ8X+F5W,late_hours,35.47,7,4,12,2.73,Double Decker Flyover
2026-05-28,XPC7+72|XM33+J3,late_hours,33.31,7,5,12,1.64,Old Airport Road
2026-05-28,WGG8+G5|XH7P+G6,late_hours,32.4,7,6,12,0.55,Mysore Road
2026-05-28,XHJ7+MG|WJM6+VC,late_hours,32.27,7,7,12,-0.55,Central Diagonal 1
2026-05-28,2HM2+P8|XJV5+RG,late_hours,31.14,7,8,12,-1.64,North Inner Ring
2026-05-28,2HVW+G8|XJXR+WG,late_hours,29.51,7,9,12,-2.73,North Outer Ring
2026-05-28,XJPW+92|WJP4+FF,late_hours,29.17,7,10,12,-3.82,East Inner Ring
2026-05-28,WP44+W8|WJFH+XQ,late_hours,28.58,7,11,12,-4.91,Sarjapur Road
2026-05-28,WHR9+R6|XJGF+6J,late_hours,26.6,7,12,12,-6.0,Central Diagonal 2
2026-05-29,XJG4+7J|5PX4+HQ,late_hours,51.58,7,1,12,6.0,Airport Expy
2026-05-29,XMW9+G8|WMJR+V4,late_hours,37.79,7,2,12,4.91,East Outer Ring
2026-05-29,VJRQ+2M|RMJJ+F4,late_hours,37.07,7,3,12,3.82,Hosur Road
2026-05-29,WH5F+26|WJ8X+F5W,late_hours,35.52,7,4,12,2.73,Double Decker Flyover
2026-05-29,XPC7+72|XM33+J3,late_hours,33.38,7,5,12,1.64,Old Airport Road
2026-05-29,XHJ7+MG|WJM6+VC,late_hours,31.95,7,6,12,0.55,Central Diagonal 1
2026-05-29,WGG8+G5|XH7P+G6,late_hours,31.33,7,7,12,-0.55,Mysore Road
2026-05-29,WP44+W8|WJFH+XQ,late_hours,31.02,7,8,12,-1.64,Sarjapur Road
2026-05-29,2HM2+P8|XJV5+RG,late_hours,30.9,7,9,12,-2.73,North Inner Ring
2026-05-29,XJPW+92|WJP4+FF,late_hours,29.61,7,10,12,-3.82,East Inner Ring
2026-05-29,2HVW+G8|XJXR+WG,late_hours,29.53,7,11,12,-4.91,North Outer Ring
2026-05-29,WHR9+R6|XJGF+6J,late_hours,26.34,7,12,12,-6.0,Central Diagonal 2
2026-05-30,XJG4+7J|5PX4+HQ,late_hours,49.49,7,1,12,6.0,Airport Expy
2026-05-30,VJRQ+2M|RMJJ+F4,late_hours,38.18,7,2,12,4.91,Hosur Road
2026-05-30,WH5F+26|WJ8X+F5W,late_hours,35.55,7,3,12,3.82,Double Decker Flyover
2026-05-30,XMW9+G8|WMJR+V4,late_hours,35.0,7,4,12,2.73,East Outer Ring
2026-05-30,XPC7+72|XM33+J3,late_hours,32.22,7,5,12,1.64,Old Airport Road
2026-05-30,XHJ7+MG|WJM6+VC,late_hours,31.4,7,6,12,0.55,Central Diagonal 1
2026-05-30,WGG8+G5|XH7P+G6,late_hours,31.2,7,7,12,-0.55,Mysore Road
2026-05-30,2HM2+P8|XJV5+RG,late_hours,29.96,7,8,12,-1.64,North Inner Ring
2026-05-30,WP44+W8|WJFH+XQ,late_hours,28.7,7,9,12,-2.73,Sarjapur Road
2026-05-30,XJPW+92|WJP4+FF,late_hours,28.01,7,10,12,-3.82,East Inner Ring
2026-05-30,2HVW+G8|XJXR+WG,late_hours,26.75,7,11,12,-4.91,North Outer Ring
2026-05-30,WHR9+R6|XJGF+6J,late_hours,25.58,7,12,12,-6.0,Central Diagonal 2
2026-05-31,XJG4+7J|5PX4+HQ,late_hours,50.55,7,1,12,6.0,Airport Expy
2026-05-31,VJRQ+2M|RMJJ+F4,late_hours,37.99,7,2,12,4.91,Hosur Road
2026-05-31,WH5F+26|WJ8X+F5W,late_hours,36.52,7,3,12,3.82,Double Decker Flyover
2026-05-31,XMW9+G8|WMJR+V4,late_hours,34.41,7,4,12,2.73,East Outer Ring
2026-05-31,WGG8+G5|XH7P+G6,late_hours,31.89,7,5,12,1.64,Mysore Road
2026-05-31,XPC7+72|XM33+J3,late_hours,31.76,7,6,12,0.55,Old Airport Road
2026-05-31,XHJ7+MG|WJM6+VC,late_hours,31.6,7,7,12,-0.55,Central Diagonal 1
2026-05-31,2HM2+P8|XJV5+RG,late_hours,30.17,7,8,12,-1.64,North Inner Ring
2026-05-31,WP44+W8|WJFH+XQ,late_hours,29.47,7,9,12,-2.73,Sarjapur Road
2026-05-31,2HVW+G8|XJXR+WG,late_hours,28.46,7,10,12,-3.82,North Outer Ring
2026-05-31,XJPW+92|WJP4+FF,late_hours,27.96,7,11,12,-4.91,East Inner Ring
2026-05-31,WHR9+R6|XJGF+6J,late_hours,25.64,7,12,12,-6.0,Central Diagonal 2
2026-06-01,XJG4+7J|5PX4+HQ,late_hours,51.05,7,1,12,6.0,Airport Expy
2026-06-01,XMW9+G8|WMJR+V4,late_hours,39.4,7,2,12,4.91,East Outer Ring
2026-06-01,VJRQ+2M|RMJJ+F4,late_hours,36.52,7,3,12,3.82,Hosur Road
2026-06-01,XPC7+72|XM33+J3,late_hours,32.5,7,4,12,2.73,Old Airport Road
2026-06-01,XHJ7+MG|WJM6+VC,late_hours,31.79,7,5,12,1.64,Central Diagonal 1
2026-06-01,WH5F+26|WJ8X+F5W,late_hours,31.54,7,6,12,0.55,Double Decker Flyover
2026-06-01,2HVW+G8|XJXR+WG,late_hours,30.78,7,7,12,-0.55,North Outer Ring
2026-06-01,2HM2+P8|XJV5+RG,late_hours,30.7,7,8,12,-1.64,North Inner Ring
2026-06-01,WP44+W8|WJFH+XQ,late_hours,30.52,7,9,12,-2.73,Sarjapur Road
2026-06-01,XJPW+92|WJP4+FF,late_hours,28.59,7,10,12,-3.82,East Inner Ring
2026-06-01,WHR9+R6|XJGF+6J,late_hours,26.57,7,11,12,-4.91,Central Diagonal 2
2026-06-01,WGG8+G5|XH7P+G6,late_hours,25.51,7,12,12,-6.0,Mysore Road
2026-06-02,XJG4+7J|5PX4+HQ,late_hours,51.71,7,1,12,6.0,Airport Expy
2026-06-02,WH5F+26|WJ8X+F5W,late_hours,37.71,7,2,12,4.91,Double Decker Flyover
2026-06-02,VJRQ+2M|RMJJ+F4,late_hours,36.99,7,3,12,3.82,Hosur Road
2026-06-02,XMW9+G8|WMJR+V4,late_hours,36.61,7,4,12,2.73,East Outer Ring
2026-06-02,WGG8+G5|XH7P+G6,late_hours,33.15,7,5,12,1.64,Mysore Road
2026-06-02,XHJ7+MG|WJM6+VC,late_hours,32.66,7,6,12,0.55,Central Diagonal 1
2026-06-02,XPC7+72|XM33+J3,late_hours,32.29,7,7,12,-0.55,Old Airport Road
2026-06-02,2HM2+P8|XJV5+RG,late_hours,30.88,7,8,12,-1.64,North Inner Ring
2026-06-02,XJPW+92|WJP4+FF,late_hours,30.52,7,9,12,-2.73,East Inner Ring
2026-06-02,WP44+W8|WJFH+XQ,late_hours,30.34,7,10,12,-3.82,Sarjapur Road
2026-06-02,2HVW+G8|XJXR+WG,late_hours,29.8,7,11,12,-4.91,North Outer Ring
2026-06-02,WHR9+R6|XJGF+6J,late_hours,27.34,7,12,12,-6.0,Central Diagonal 2
2026-06-03,XJG4+7J|5PX4+HQ,late_hours,49.92,7,1,12,6.0,Airport Expy
2026-06-03,VJRQ+2M|RMJJ+F4,late_hours,37.93,7,2,12,4.91,Hosur Road
2026-06-03,WH5F+26|WJ8X+F5W,late_hours,37.07,7,3,12,3.82,Double Decker Flyover
2026-06-03,XMW9+G8|WMJR+V4,late_hours,34.99,7,4,12,2.73,East Outer Ring
2026-06-03,XHJ7+MG|WJM6+VC,late_hours,32.74,7,5,12,1.64,Central Diagonal 1
2026-06-03,XPC7+72|XM33+J3,late_hours,32.65,7,6,12,0.55,Old Airport Road
2026-06-03,WGG8+G5|XH7P+G6,late_hours,32.09,7,7,12,-0.55,Mysore Road
2026-06-03,2HM2+P8|XJV5+RG,late_hours,31.19,7,8,12,-1.64,North Inner Ring
2026-06-03,WP44+W8|WJFH+XQ,late_hours,30.33,7,9,12,-2.73,Sarjapur Road
2026-06-03,XJPW+92|WJP4+FF,late_hours,29.81,7,10,12,-3.82,East Inner Ring
2026-06-03,2HVW+G8|XJXR+WG,late_hours,28.49,7,11,12,-4.91,North Outer Ring
2026-06-03,WHR9+R6|XJGF+6J,late_hours,26.98,7,12,12,-6.0,Central Diagonal 2
2026-06-04,XJG4+7J|5PX4+HQ,late_hours,50.87,7,1,12,6.0,Airport Expy
2026-06-04,VJRQ+2M|RMJJ+F4,late_hours,37.2,7,2,12,4.91,Hosur Road
2026-06-04,WH5F+26|WJ8X+F5W,late_hours,36.88,7,3,12,3.82,Double Decker Flyover
2026-06-04,XMW9+G8|WMJR+V4,late_hours,36.04,7,4,12,2.73,East Outer Ring
2026-06-04,XHJ7+MG|WJM6+VC,late_hours,32.98,7,5,12,1.64,Central Diagonal 1
2026-06-04,XPC7+72|XM33+J3,late_hours,32.66,7,6,12,0.55,Old Airport Road
2026-06-04,WGG8+G5|XH7P+G6,late_hours,32.04,7,7,12,-0.55,Mysore Road
2026-06-04,2HM2+P8|XJV5+RG,late_hours,31.06,7,8,12,-1.64,North Inner Ring
2026-06-04,WP44+W8|WJFH+XQ,late_hours,30.48,7,9,12,-2.73,Sarjapur Road
2026-06-04,XJPW+92|WJP4+FF,late_hours,29.86,7,10,12,-3.82,East Inner Ring
2026-06-04,2HVW+G8|XJXR+WG,late_hours,29.82,7,11,12,-4.91,North Outer Ring
2026-06-04,WHR9+R6|XJGF+6J,late_hours,26.9,7,12,12,-6.0,Central Diagonal 2
2026-06-05,XJG4+7J|5PX4+HQ,late_hours,50.03,7,1,12,6.0,Airport Expy
2026-06-05,VJRQ+2M|RMJJ+F4,late_hours,37.27,7,2,12,4.91,Hosur Road
2026-06-05,WH5F+26|WJ8X+F5W,late_hours,36.84,7,3,12,3.82,Double Decker Flyover
2026-06-05,XMW9+G8|WMJR+V4,late_hours,34.87,7,4,12,2.73,East Outer Ring
2026-06-05,WGG8+G5|XH7P+G6,late_hours,31.86,7,5,12,1.64,Mysore Road
2026-06-05,XHJ7+MG|WJM6+VC,late_hours,31.75,7,6,12,0.55,Central Diagonal 1
2026-06-05,XPC7+72|XM33+J3,late_hours,31.54,7,7,12,-0.55,Old Airport Road
2026-06-05,2HM2+P8|XJV5+RG,late_hours,30.8,7,8,12,-1.64,North Inner Ring
2026-06-05,WP44+W8|WJFH+XQ,late_hours,29.73,7,9,12,-2.73,Sarjapur Road
2026-06-05,2HVW+G8|XJXR+WG,late_hours,28.88,7,10,12,-3.82,North Outer Ring
2026-06-05,XJPW+92|WJP4+FF,late_hours,28.43,7,11,12,-4.91,East Inner Ring
2026-06-05,WHR9+R6|XJGF+6J,late_hours,26.44,7,12,12,-6.0,Central Diagonal 2
2026-06-06,XJG4+7J|5PX4+HQ,late_hours,49.5,7,1,12,6.0,Airport Expy
2026-06-06,VJRQ+2M|RMJJ+F4,late_hours,36.07,7,2,12,4.91,Hosur Road
2026-06-06,WH5F+26|WJ8X+F5W,late_hours,34.68,7,3,12,3.82,Double Decker Flyover
2026-06-06,XMW9+G8|WMJR+V4,late_hours,32.0,7,4,12,2.73,East Outer Ring
2026-06-06,XPC7+72|XM33+J3,late_hours,31.64,7,5,12,1.64,Old Airport Road
2026-06-06,WGG8+G5|XH7P+G6,late_hours,31.41,7,6,12,0.55,Mysore Road
2026-06-06,XHJ7+MG|WJM6+VC,late_hours,31.39,7,7,12,-0.55,Central Diagonal 1
2026-06-06,2HM2+P8|XJV5+RG,late_hours,30.5,7,8,12,-1.64,North Inner Ring
2026-06-06,WP44+W8|WJFH+XQ,late_hours,28.61,7,9,12,-2.73,Sarjapur Road
2026-06-06,XJPW+92|WJP4+FF,late_hours,28.52,7,10,12,-3.82,East Inner Ring
2026-06-06,2HVW+G8|XJXR+WG,late_hours,27.96,7,11,12,-4.91,North Outer Ring
2026-06-06,WHR9+R6|XJGF+6J,late_hours,25.27,7,12,12,-6.0,Central Diagonal 2
2026-06-07,XJG4+7J|5PX4+HQ,late_hours,49.3,7,1,12,6.0,Airport Expy
2026-06-07,VJRQ+2M|RMJJ+F4,late_hours,37.55,7,2,12,4.91,Hosur Road
2026-06-07,WH5F+26|WJ8X+F5W,late_hours,36.04,7,3,12,3.82,Double Decker Flyover
2026-06-07,XMW9+G8|WMJR+V4,late_hours,32.9,7,4,12,2.73,East Outer Ring
2026-06-07,WGG8+G5|XH7P+G6,late_hours,31.73,7,5,12,1.64,Mysore Road
2026-06-07,XHJ7+MG|WJM6+VC,late_hours,31.4,7,6,12,0.55,Central Diagonal 1
2026-06-07,2HM2+P8|XJV5+RG,late_hours,30.33,7,7,12,-0.55,North Inner Ring
2026-06-07,XPC7+72|XM33+J3,late_hours,30.2,7,8,12,-1.64,Old Airport Road
2026-06-07,2HVW+G8|XJXR+WG,late_hours,28.86,7,9,12,-2.73,North Outer Ring
2026-06-07,WP44+W8|WJFH+XQ,late_hours,28.83,7,10,12,-3.82,Sarjapur Road
2026-06-07,XJPW+92|WJP4+FF,late_hours,28.02,7,11,12,-4.91,East Inner Ring
2026-06-07,WHR9+R6|XJGF+6J,late_hours,25.22,7,12,12,-6.0,Central Diagonal 2
2026-06-08,XJG4+7J|5PX4+HQ,late_hours,50.16,7,1,12,6.0,Airport Expy
2026-06-08,VJRQ+2M|RMJJ+F4,late_hours,37.64,7,2,12,4.91,Hosur Road
2026-06-08,WH5F+26|WJ8X+F5W,late_hours,37.27,7,3,12,3.82,Double Decker Flyover
2026-06-08,XMW9+G8|WMJR+V4,late_hours,36.64,7,4,12,2.73,East Outer Ring
2026-06-08,XPC7+72|XM33+J3,late_hours,33.27,7,5,12,1.64,Old Airport Road
2026-06-08,XHJ7+MG|WJM6+VC,late_hours,32.61,7,6,12,0.55,Central Diagonal 1
2026-06-08,WGG8+G5|XH7P+G6,late_hours,32.53,7,7,12,-0.55,Mysore Road
2026-06-08,2HVW+G8|XJXR+WG,late_hours,32.01,7,8,12,-1.64,North Outer Ring
2026-06-08,2HM2+P8|XJV5+RG,late_hours,30.73,7,9,12,-2.73,North Inner Ring
2026-06-08,WP44+W8|WJFH+XQ,late_hours,30.64,7,10,12,-3.82,Sarjapur Road
2026-06-08,XJPW+92|WJP4+FF,late_hours,29.71,7,11,12,-4.91,East Inner Ring
2026-06-08,WHR9+R6|XJGF+6J,late_hours,26.86,7,12,12,-6.0,Central Diagonal 2
2026-06-09,XJG4+7J|5PX4+HQ,late_hours,50.83,15,1,12,6.0,Airport Expy
2026-06-09,WH5F+26|WJ8X+F5W,late_hours,37.51,15,2,12,4.91,Double Decker Flyover
2026-06-09,VJRQ+2M|RMJJ+F4,late_hours,37.17,15,3,12,3.82,Hosur Road
2026-06-09,XPC7+72|XM33+J3,late_hours,32.93,15,4,12,2.73,Old Airport Road
2026-06-09,XHJ7+MG|WJM6+VC,late_hours,32.91,15,5,12,1.64,Central Diagonal 1
2026-06-09,WGG8+G5|XH7P+G6,late_hours,32.52,15,6,12,0.55,Mysore Road
2026-06-09,XMW9+G8|WMJR+V4,late_hours,32.5,15,7,12,-0.55,East Outer Ring
2026-06-09,WP44+W8|WJFH+XQ,late_hours,31.34,15,8,12,-1.64,Sarjapur Road
2026-06-09,2HM2+P8|XJV5+RG,late_hours,31.22,15,9,12,-2.73,North Inner Ring
2026-06-09,XJPW+92|WJP4+FF,late_hours,30.34,15,10,12,-3.82,East Inner Ring
2026-06-09,2HVW+G8|XJXR+WG,late_hours,29.85,15,11,12,-4.91,North Outer Ring
2026-06-09,WHR9+R6|XJGF+6J,late_hours,27.06,15,12,12,-6.0,Central Diagonal 2
2026-06-10,XJG4+7J|5PX4+HQ,late_hours,51.43,21,1,12,6.0,Airport Expy
2026-06-10,VJRQ+2M|RMJJ+F4,late_hours,38.24,21,2,12,4.91,Hosur Road
2026-06-10,WH5F+26|WJ8X+F5W,late_hours,38.17,21,3,12,3.82,Double Decker Flyover
2026-06-10,XMW9+G8|WMJR+V4,late_hours,35.42,21,4,12,2.73,East Outer Ring
2026-06-10,XPC7+72|XM33+J3,late_hours,34.09,21,5,12,1.64,Old Airport Road
2026-06-10,XHJ7+MG|WJM6+VC,late_hours,32.94,21,6,12,0.55,Central Diagonal 1
2026-06-10,WGG8+G5|XH7P+G6,late_hours,32.62,21,7,12,-0.55,Mysore Road
2026-06-10,2HM2+P8|XJV5+RG,late_hours,31.66,21,8,12,-1.64,North Inner Ring
2026-06-10,WP44+W8|WJFH+XQ,late_hours,30.58,21,9,12,-2.73,Sarjapur Road
2026-06-10,XJPW+92|WJP4+FF,late_hours,30.54,21,10,12,-3.82,East Inner Ring
2026-06-10,2HVW+G8|XJXR+WG,late_hours,28.95,21,11,12,-4.91,North Outer Ring
2026-06-10,WHR9+R6|XJGF+6J,late_hours,27.13,21,12,12,-6.0,Central Diagonal 2
2026-06-11,XJG4+7J|5PX4+HQ,late_hours,49.01,3,1,12,6.0,Airport Expy
2026-06-11,WH5F+26|WJ8X+F5W,late_hours,37.88,3,2,12,4.91,Double Decker Flyover
2026-06-11,VJRQ+2M|RMJJ+F4,late_hours,37.87,3,3,12,3.82,Hosur Road
2026-06-11,XMW9+G8|WMJR+V4,late_hours,35.29,3,4,12,2.73,East Outer Ring
2026-06-11,XHJ7+MG|WJM6+VC,late_hours,33.85,3,5,12,1.64,Central Diagonal 1
2026-06-11,WGG8+G5|XH7P+G6,late_hours,32.42,3,6,12,0.55,Mysore Road
2026-06-11,XPC7+72|XM33+J3,late_hours,31.95,3,7,12,-0.55,Old Airport Road
2026-06-11,2HM2+P8|XJV5+RG,late_hours,31.3,3,8,12,-1.64,North Inner Ring
2026-06-11,WP44+W8|WJFH+XQ,late_hours,29.78,3,9,12,-2.73,Sarjapur Road
2026-06-11,XJPW+92|WJP4+FF,late_hours,28.03,3,10,12,-3.82,East Inner Ring
2026-06-11,2HVW+G8|XJXR+WG,late_hours,27.58,3,11,12,-4.91,North Outer Ring
2026-06-11,WHR9+R6|XJGF+6J,late_hours,26.24,3,12,12,-6.0,Central Diagonal 2
